record,true_label,threat_probability
0,1,1.0
1,1,1.0
2,0,0.0
3,1,0.99
4,1,0.41
5,0,0.0
6,0,0.04
7,1,0.11
8,0,0.0
9,1,0.09
10,1,0.17
11,0,0.03
12,1,1.0
13,1,0.71
14,0,0.02
15,0,0.0
16,0,0.0
17,0,0.0
18,0,0.21
19,1,1.0
20,1,1.0
21,1,0.93
22,0,0.0
23,0,0.0
24,1,1.0
25,1,1.0
26,0,0.0
27,0,0.0
28,1,0.82
29,0,0.2
30,1,0.48
31,0,0.0
32,0,0.0
33,0,0.97
34,1,1.0
35,1,0.38
36,0,0.0
37,1,0.33
38,0,0.0
39,0,0.0
40,1,1.0
41,0,0.0
42,0,0.0
43,0,0.0
44,1,1.0
45,0,0.0
46,1,1.0
47,1,0.78
48,1,0.8133
49,0,0.15
50,0,0.0
51,0,0.0
52,1,1.0
53,1,1.0
54,1,0.19
55,0,0.0
56,1,1.0
57,1,0.02
58,1,0.17
59,0,0.0
60,1,0.07
61,1,0.27
62,0,0.01
63,0,0.0
64,1,1.0
65,0,0.0
66,1,0.5
67,1,1.0
68,1,1.0
69,0,0.0
70,1,1.0
71,0,0.15
72,0,0.0
73,0,0.0
74,1,1.0
75,0,0.0
76,0,0.0
77,1,0.13
78,0,0.0
79,0,0.0
80,1,0.99
81,1,1.0
82,1,0.96
83,0,0.0
84,0,0.0
85,0,0.0
86,1,0.88
87,1,0.39
88,0,0.0
89,0,0.0
90,0,0.0
91,0,0.0
92,1,1.0
93,1,0.24
94,1,0.04
95,0,0.33
96,0,0.0
97,0,0.0
98,1,0.97
99,1,1.0
100,1,0.98
101,1,0.13
102,1,1.0
103,1,1.0
104,0,0.0
105,1,1.0
106,1,0.28
107,0,0.0
108,1,1.0
109,0,0.0
110,0,0.0
111,1,1.0
112,1,0.13
113,1,0.13
114,0,0.0
115,1,1.0
116,0,0.0
117,1,1.0
118,1,1.0
119,1,0.16
120,0,0.0
121,1,0.85
122,1,0.98
123,1,1.0
124,0,0.01
125,0,0.0
126,1,0.12
127,1,0.98
128,0,0.0
129,0,0.0
130,0,0.0
131,0,0.0
132,1,0.31
133,0,0.0
134,1,0.26
135,0,0.0
136,1,1.0
137,1,0.08
138,1,0.36
139,0,0.0
140,0,0.0
141,0,0.0
142,1,1.0
143,1,1.0
144,1,0.46
145,1,1.0
146,1,0.8333
147,1,1.0
148,0,0.0
149,1,0.23
150,1,0.2
151,1,1.0
152,1,0.72
153,1,0.05
154,0,0.0
155,1,1.0
156,1,0.52
157,1,1.0
158,1,1.0
159,1,1.0
160,1,1.0
161,1,1.0
162,1,1.0
163,1,1.0
164,1,0.23
165,1,1.0
166,1,1.0
167,1,0.34
168,0,0.0
169,1,1.0
170,1,0.13
171,0,0.0
172,1,1.0
173,1,1.0
174,1,0.46
175,0,0.0
176,1,1.0
177,1,1.0
178,1,0.07
179,0,0.0
180,1,0.89
181,0,0.0
182,0,0.0
183,0,0.0
184,0,0.0
185,1,0.08
186,1,1.0
187,1,1.0
188,0,0.0
189,1,1.0
190,0,0.0
191,1,0.12
192,1,1.0
193,0,0.0
194,0,0.0
195,0,0.0
196,0,0.45
197,1,0.19
198,1,1.0
199,1,0.0
200,1,0.4
201,0,0.0
202,1,0.37
203,0,0.0
204,0,0.0
205,1,1.0
206,1,1.0
207,1,0.41
208,0,0.0
209,0,0.0
210,1,0.47
211,1,0.21
212,0,0.0
213,0,0.0
214,0,0.04
215,1,1.0
216,0,0.0
217,0,0.02
218,0,0.0
219,1,0.08
220,0,0.0
221,0,0.0
222,0,0.2
223,1,1.0
224,0,0.0
225,1,0.87
226,0,0.0
227,1,1.0
228,0,0.0
229,0,0.0
230,0,0.19
231,1,0.16
232,1,0.03
233,0,0.0
234,1,1.0
235,1,1.0
236,1,0.14
237,0,0.2
238,1,0.51
239,1,0.17
240,0,0.0
241,0,0.0
242,1,0.26
243,1,1.0
244,1,1.0
245,0,0.02
246,1,0.25
247,1,1.0
248,1,1.0
249,0,0.0
250,0,0.0
251,0,0.0
252,1,0.03
253,0,0.0
254,1,1.0
255,1,1.0
256,1,0.75
257,0,0.0
258,1,0.26
259,0,0.0
260,0,0.0
261,1,0.01
262,0,0.0
263,1,1.0
264,1,1.0
265,1,1.0
266,1,0.14
267,0,0.0
268,0,0.0
269,1,1.0
270,1,1.0
271,0,0.0
272,1,1.0
273,1,1.0
274,1,1.0
275,0,0.2
276,1,0.18
277,0,0.0
278,1,1.0
279,1,1.0
280,0,0.12
281,1,0.09
282,1,0.15
283,1,0.9183
284,1,1.0
285,0,0.0
286,1,0.23
287,1,1.0
288,0,0.0
289,1,0.38
290,0,0.0
291,1,0.575
292,1,0.39
293,0,0.0
294,0,0.0
295,0,0.2
296,1,0.56
297,0,0.0
298,1,1.0
299,0,0.0
300,1,1.0
301,1,0.59
302,0,0.0
303,1,0.07
304,0,0.21
305,0,0.0
306,1,1.0
307,1,0.28
308,1,1.0
309,1,1.0
310,1,1.0
311,0,0.0
312,0,0.21
313,0,0.0
314,0,0.01
315,1,1.0
316,1,0.04
317,0,0.0
318,1,1.0
319,0,0.0
320,0,0.0
321,0,0.0
322,0,0.0
323,1,1.0
324,0,0.0
325,1,0.6
326,1,1.0
327,1,0.09
328,1,0.35
329,1,1.0
330,1,1.0
331,0,0.39
332,1,1.0
333,0,0.02
334,1,1.0
335,0,0.0
336,0,0.0
337,0,0.21
338,1,1.0
339,1,0.99
340,1,0.59
341,1,0.3
342,0,0.0
343,0,0.0
344,1,0.7
345,1,1.0
346,1,0.4
347,1,0.97
348,1,0.24
349,0,0.0
350,1,1.0
351,1,1.0
352,1,0.03
353,0,0.0
354,0,0.0
355,1,0.02
356,0,0.0
357,0,0.0
358,0,0.2
359,1,1.0
360,0,0.0
361,0,0.0
362,1,1.0
363,0,0.0
364,0,0.0
365,0,0.0
366,0,0.2
367,1,1.0
368,0,0.0
369,1,0.07
370,0,0.0
371,1,1.0
372,1,0.98
373,0,0.0
374,0,0.0
375,1,1.0
376,1,0.12
377,1,0.04
378,1,1.0
379,0,0.27
380,0,0.0
381,1,0.52
382,1,1.0
383,1,0.3
384,0,0.0
385,0,0.0
386,1,1.0
387,0,0.0
388,0,0.01
389,0,0.05
390,1,0.11
391,0,0.0
392,1,1.0
393,1,1.0
394,0,0.0
395,0,0.0
396,1,1.0
397,0,0.0
398,0,0.0
399,0,0.2
400,1,1.0
401,0,0.0
402,1,0.0333
403,1,1.0
404,0,0.0
405,1,1.0
406,0,0.0
407,1,0.0
408,1,0.15
409,1,1.0
410,0,0.0
411,1,0.66
412,0,0.2
413,1,1.0
414,0,0.0
415,0,0.0
416,1,1.0
417,1,1.0
418,1,0.01
419,0,0.0
420,1,1.0
421,0,0.0
422,0,0.0
423,1,1.0
424,0,0.04
425,0,0.27
426,1,0.33
427,0,0.97
428,1,1.0
429,1,0.2858
430,1,1.0
431,0,0.0
432,1,0.06
433,0,1.0
434,1,0.68
435,0,0.0
436,0,0.0
437,1,1.0
438,0,0.38
439,1,0.05
440,0,0.0
441,0,0.0
442,0,0.0
443,0,0.0
444,1,1.0
445,0,0.0
446,0,0.24
447,0,0.0
448,1,0.0
449,1,1.0
450,1,0.07
451,1,0.44
452,1,1.0
453,0,0.98
454,0,0.0
455,0,0.0
456,1,1.0
457,1,0.99
458,1,0.53
459,1,0.11
460,0,0.0
461,1,1.0
462,0,0.0
463,0,0.0
464,1,1.0
465,1,1.0
466,0,0.0
467,0,0.0
468,0,0.0
469,0,0.21
470,1,1.0
471,1,0.42
472,1,0.02
473,1,0.96
474,0,0.0
475,0,0.0
476,0,0.98
477,0,0.2
478,1,0.16
479,0,0.0
480,0,0.0
481,1,0.59
482,1,0.38
483,0,0.0
484,1,1.0
485,1,0.97
486,1,0.07
487,0,0.04
488,1,0.69
489,0,0.0
490,0,0.0
491,0,0.0
492,1,1.0
493,1,0.8608
494,1,1.0
495,0,0.95
496,1,0.99
497,0,0.0
498,1,1.0
499,0,0.0
500,0,0.1
501,1,1.0
502,1,0.25
503,1,1.0
504,1,0.7
505,1,1.0
506,0,0.0
507,1,0.05
508,1,1.0
509,1,0.0
510,0,0.0
511,0,0.0
512,1,0.55
513,1,0.07
514,1,1.0
515,1,1.0
516,1,1.0
517,1,0.47
518,0,0.0
519,1,1.0
520,1,1.0
521,0,0.0
522,0,0.0
523,0,0.0
524,1,0.6
525,1,0.83
526,1,1.0
527,0,0.0
528,1,0.03
529,0,0.0
530,1,1.0
531,1,0.18
532,1,0.27
533,0,0.0
534,1,0.07
535,1,1.0
536,0,0.0
537,0,0.0
538,0,0.0
539,0,0.0
540,0,0.0
541,1,1.0
542,0,0.0
543,0,0.0
544,0,0.0
545,1,0.06
546,0,0.0
547,1,1.0
548,1,0.98
549,0,0.0
550,0,0.0
551,1,1.0
552,1,0.48
553,0,0.0
554,0,0.0
555,0,0.2
556,0,0.0
557,1,1.0
558,0,0.01
559,0,0.0
560,0,0.0
561,0,0.02
562,1,1.0
563,1,1.0
564,1,0.38
565,1,1.0
566,0,0.0
567,0,0.0
568,1,0.82
569,0,0.97
570,0,0.0
571,0,0.04
572,0,0.0
573,0,0.0
574,1,0.0
575,0,0.0
576,1,1.0
577,0,0.0
578,0,0.0
579,0,0.0
580,1,1.0
581,0,0.0
582,1,0.55
583,1,1.0
584,1,0.22
585,0,0.0
586,1,0.07
587,1,0.21
588,1,1.0
589,1,0.13
590,1,0.95
591,1,0.575
592,0,0.0
593,1,0.47
594,0,0.97
595,0,0.0
596,0,0.02
597,1,1.0
598,0,0.03
599,1,0.95
600,1,0.05
601,1,1.0
602,0,0.0
603,1,0.38
604,1,1.0
605,0,0.0
606,1,0.78
607,0,0.0
608,1,0.0
609,1,1.0
610,1,1.0
611,1,1.0
612,1,0.04
613,1,1.0
614,0,0.0
615,1,0.99
616,1,0.77
617,0,0.0
618,1,0.53
619,0,0.0
620,1,1.0
621,0,0.0
622,1,0.13
623,1,0.97
624,1,0.44
625,1,0.07
626,0,0.0
627,1,1.0
628,1,0.76
629,1,0.15
630,1,1.0
631,1,0.07
632,0,0.0
633,1,0.51
634,0,0.0
635,1,1.0
636,1,0.18
637,1,1.0
638,0,0.0
639,1,1.0
640,0,0.2
641,1,0.99
642,1,0.06
643,1,0.37
644,1,1.0
645,0,1.0
646,1,1.0
647,1,1.0
648,0,0.0
649,0,0.0
650,1,1.0
651,1,0.3
652,0,0.0
653,0,0.0
654,0,0.0
655,0,0.0
656,1,0.38
657,1,0.38
658,0,0.0
659,0,0.0
660,0,0.0
661,1,0.01
662,1,0.09
663,0,0.0
664,0,0.0
665,0,0.0
666,1,1.0
667,1,1.0
668,0,0.0
669,0,0.0
670,1,0.09
671,1,0.84
672,0,0.08
673,0,0.97
674,0,0.0
675,0,0.0
676,0,0.19
677,1,0.11
678,0,0.0
679,1,0.52
680,0,0.0
681,0,0.0
682,1,1.0
683,1,0.89
684,1,1.0
685,1,0.04
686,1,0.59
687,1,1.0
688,0,0.0
689,1,1.0
690,0,0.0
691,1,1.0
692,0,0.0
693,0,0.0
694,0,0.0
695,1,0.07
696,1,1.0
697,0,0.01
698,1,1.0
699,0,0.0
700,1,0.9633
701,1,0.61
702,1,1.0
703,0,0.22
704,0,0.0
705,0,0.0
706,1,1.0
707,0,0.0
708,1,1.0
709,1,1.0
710,0,0.0
711,0,0.0
712,1,1.0
713,1,1.0
714,1,1.0
715,1,0.86
716,0,0.01
717,1,1.0
718,1,1.0
719,0,0.0
720,0,0.97
721,0,0.2
722,0,0.2
723,0,0.0
724,1,1.0
725,1,1.0
726,1,1.0
727,1,0.9633
728,0,0.0
729,0,0.0
730,0,0.0
731,1,1.0
732,1,0.0
733,0,0.0
734,0,0.0
735,1,1.0
736,0,0.0
737,0,0.01
738,1,0.15
739,1,1.0
740,0,0.0
741,1,0.04
742,1,0.66
743,0,0.0
744,0,0.0
745,0,0.0
746,0,0.0
747,0,0.0
748,1,0.08
749,0,0.0
750,1,1.0
751,1,1.0
752,1,0.23
753,0,0.21
754,1,0.34
755,0,0.0
756,0,0.0
757,1,0.27
758,1,0.96
759,0,0.0
760,0,0.0
761,1,0.59
762,0,0.0
763,1,0.96
764,0,0.0
765,1,0.12
766,1,0.98
767,0,0.0
768,0,0.0
769,1,1.0
770,1,1.0
771,0,0.0
772,1,0.05
773,1,0.2
774,0,0.01
775,0,0.0
776,0,0.0
777,1,1.0
778,1,1.0
779,0,0.0
780,0,0.0
781,1,1.0
782,1,1.0
783,0,0.0
784,0,0.0
785,0,0.0
786,0,0.0
787,1,0.53
788,0,0.0
789,1,1.0
790,1,1.0
791,0,0.19
792,1,0.39
793,0,0.03
794,0,0.0
795,0,0.0
796,1,0.04
797,0,0.0
798,1,0.48
799,1,1.0
800,0,0.0
801,1,1.0
802,0,0.0
803,1,1.0
804,0,0.0
805,1,0.11
806,0,0.0
807,0,0.0
808,1,0.1
809,1,1.0
810,1,0.4
811,0,0.34
812,1,0.11
813,0,0.0
814,1,0.43
815,1,0.24
816,0,0.0
817,0,0.0
818,0,0.0
819,0,0.0
820,1,1.0
821,1,0.99
822,0,0.0
823,0,0.0
824,0,0.0
825,1,1.0
826,0,0.0
827,0,0.0
828,1,1.0
829,1,1.0
830,0,0.0
831,0,0.0
832,1,0.0
833,0,0.0
834,0,0.0
835,1,0.4
836,1,0.05
837,0,0.19
838,0,0.0
839,1,0.28
840,1,1.0
841,0,0.0
842,0,0.0
843,1,1.0
844,1,0.26
845,1,0.44
846,0,0.0
847,0,0.0
848,1,0.48
849,0,0.0
850,0,0.0
851,1,0.49
852,0,0.0
853,1,0.11
854,1,0.97
855,1,1.0
856,1,0.03
857,1,1.0
858,1,1.0
859,1,0.99
860,1,0.24
861,1,1.0
862,1,0.99
863,1,1.0
864,0,0.01
865,1,0.5
866,0,0.0
867,0,0.0
868,1,0.65
869,0,0.21
870,1,0.12
871,0,0.0
872,1,1.0
873,0,0.0
874,1,1.0
875,0,0.0
876,1,0.03
877,1,0.47
878,1,1.0
879,1,1.0
880,0,0.0
881,1,0.36
882,1,1.0
883,0,0.0
884,0,0.0
885,0,0.0
886,1,1.0
887,1,1.0
888,1,1.0
889,1,0.31
890,0,0.21
891,1,0.36
892,0,0.0
893,1,1.0
894,1,0.17
895,1,0.31
896,1,1.0
897,1,1.0
898,0,0.0
899,0,0.0
900,1,0.99
901,1,1.0
902,0,0.0
903,1,1.0
904,1,0.0
905,0,0.0
906,0,0.0
907,1,1.0
908,1,0.34
909,1,1.0
910,0,0.0
911,1,0.98
912,0,0.0
913,0,0.0
914,1,1.0
915,0,0.0
916,1,0.0
917,1,1.0
918,0,0.0
919,1,1.0
920,1,0.97
921,0,0.01
922,1,1.0
923,1,0.14
924,0,0.0
925,1,0.32
926,1,0.98
927,1,0.03
928,1,0.08
929,0,0.0
930,1,0.06
931,0,0.0
932,0,0.0
933,0,0.02
934,0,0.03
935,0,0.0
936,1,0.48
937,1,1.0
938,0,0.0
939,1,0.03
940,1,0.99
941,1,0.54
942,0,0.21
943,1,1.0
944,1,1.0
945,1,0.0
946,0,0.0
947,0,0.0
948,1,1.0
949,1,0.11
950,1,1.0
951,1,1.0
952,0,0.0
953,0,0.0
954,0,0.0
955,1,1.0
956,0,0.0
957,0,0.0
958,1,0.48
959,1,1.0
960,1,1.0
961,0,0.01
962,0,0.0
963,1,0.09
964,0,0.0
965,1,1.0
966,1,1.0
967,1,0.22
968,1,0.99
969,0,0.0
970,0,0.0
971,1,1.0
972,1,0.97
973,1,1.0
974,1,1.0
975,1,1.0
976,0,0.0
977,0,0.0
978,0,0.0
979,1,0.89
980,1,1.0
981,1,1.0
982,1,0.45
983,1,0.66
984,0,0.0
985,1,0.6
986,0,0.01
987,1,0.96
988,0,0.0
989,1,1.0
990,1,0.1
991,0,0.0
992,1,1.0
993,0,0.04
994,1,0.87
995,1,0.09
996,1,1.0
997,1,1.0
998,1,1.0
999,1,0.99
1000,0,0.0
1001,0,0.0
1002,0,0.0
1003,1,0.92
1004,1,0.7
1005,1,1.0
1006,0,0.0
1007,1,1.0
1008,1,1.0
1009,1,0.2
1010,0,0.0
1011,1,0.14
1012,1,1.0
1013,1,1.0
1014,1,1.0
1015,1,0.89
1016,1,1.0
1017,0,0.2
1018,0,0.0
1019,0,0.0
1020,1,0.43
1021,1,0.95
1022,1,0.14
1023,0,0.0
1024,0,0.0
1025,0,0.01
1026,1,0.15
1027,1,1.0
1028,1,1.0
1029,0,0.14
1030,0,0.0
1031,0,0.0
1032,0,0.0
1033,0,0.0
1034,1,0.33
1035,1,0.99
1036,0,0.01
1037,0,0.0
1038,0,0.0
1039,1,0.24
1040,1,1.0
1041,0,0.0
1042,1,0.54
1043,0,0.0
1044,1,1.0
1045,1,1.0
1046,1,0.67
1047,1,0.03
1048,1,0.86
1049,1,1.0
1050,1,0.96
1051,0,0.0
1052,0,0.0
1053,0,0.0
1054,0,0.0
1055,0,0.0
1056,0,0.0
1057,1,1.0
1058,1,0.12
1059,1,0.94
1060,1,1.0
1061,1,0.36
1062,1,0.01
1063,0,0.0
1064,1,0.07
1065,1,1.0
1066,1,1.0
1067,1,0.03
1068,1,1.0
1069,0,0.2
1070,0,0.0
1071,1,1.0
1072,1,1.0
1073,0,0.0
1074,1,0.97
1075,1,0.27
1076,0,0.0
1077,0,0.0
1078,1,0.8608
1079,1,0.46
1080,0,0.0
1081,0,0.0
1082,0,0.0
1083,1,0.99
1084,0,0.0
1085,0,0.0
1086,1,1.0
1087,0,0.0
1088,0,0.0
1089,1,0.29
1090,0,0.0
1091,0,0.19
1092,0,0.0
1093,0,0.0
1094,0,0.0
1095,1,0.06
1096,0,0.0
1097,1,0.36
1098,1,0.56
1099,1,0.24
1100,1,1.0
1101,1,1.0
1102,0,0.0
1103,0,0.0
1104,0,0.0
1105,0,0.0
1106,1,0.05
1107,1,0.28
1108,1,0.48
1109,1,0.54
1110,1,0.0
1111,0,0.2
1112,1,1.0
1113,1,1.0
1114,0,0.0
1115,0,0.04
1116,1,1.0
1117,1,1.0
1118,0,0.0325
1119,0,0.03
1120,1,0.06
1121,1,0.48
1122,1,0.32
1123,0,0.0
1124,0,0.0
1125,0,0.0
1126,1,0.96
1127,1,1.0
1128,0,0.2
1129,0,0.0
1130,1,0.97
1131,1,0.98
1132,1,1.0
1133,0,0.05
1134,0,0.0
1135,0,0.0
1136,1,0.07
1137,1,0.95
1138,1,0.11
1139,1,1.0
1140,1,0.6
1141,1,0.49
1142,0,0.0
1143,1,0.99
1144,1,1.0
1145,1,0.4
1146,1,1.0
1147,0,0.0
1148,1,1.0
1149,1,1.0
1150,1,0.06
1151,1,0.04
1152,1,0.23
1153,1,0.84
1154,0,0.0
1155,1,1.0
1156,1,0.7
1157,0,0.0
1158,0,0.06
1159,1,0.17
1160,1,1.0
1161,1,1.0
1162,0,0.0
1163,0,0.0
1164,0,0.0
1165,0,0.0
1166,1,1.0
1167,1,0.11
1168,1,1.0
1169,1,0.97
1170,0,0.0
1171,1,1.0
1172,0,0.0
1173,0,0.0
1174,0,0.0
1175,1,0.0
1176,1,0.16
1177,1,1.0
1178,1,1.0
1179,0,0.0
1180,0,0.0
1181,1,1.0
1182,1,0.38
1183,0,0.98
1184,1,1.0
1185,1,0.76
1186,0,0.0
1187,0,0.0
1188,0,0.0
1189,0,0.0
1190,1,1.0
1191,1,0.08
1192,1,0.48
1193,0,0.0
1194,0,0.0
1195,1,0.92
1196,1,0.07
1197,0,0.0
1198,1,1.0
1199,0,0.99
1200,0,0.0
1201,1,0.99
1202,1,0.88
1203,1,1.0
1204,1,1.0
1205,0,0.0
1206,1,0.22
1207,1,0.21
1208,0,0.0
1209,1,1.0
1210,1,1.0
1211,0,0.0
1212,1,0.69
1213,1,0.01
1214,1,0.98
1215,1,1.0
1216,0,0.99
1217,0,0.0
1218,1,0.05
1219,1,0.03
1220,0,0.0
1221,0,0.0
1222,1,0.99
1223,1,1.0
1224,1,0.37
1225,1,1.0
1226,0,0.2
1227,1,0.04
1228,1,0.43
1229,0,0.0
1230,1,0.03
1231,0,0.0
1232,1,1.0
1233,1,1.0
1234,0,0.0
1235,0,0.0
1236,0,0.02
1237,1,1.0
1238,0,0.0
1239,1,0.55
1240,1,0.25
1241,1,1.0
1242,0,0.0
1243,0,0.0
1244,1,1.0
1245,1,0.99
1246,1,1.0
1247,1,1.0
1248,0,0.0
1249,1,0.59
1250,0,0.0
1251,1,1.0
1252,0,0.0
1253,0,0.0
1254,0,0.0
1255,0,0.0
1256,1,0.12
1257,0,0.0
1258,1,0.16
1259,1,0.07
1260,0,0.0
1261,0,0.21
1262,1,0.99
1263,0,0.0
1264,1,0.11
1265,1,0.9633
1266,1,1.0
1267,0,0.0
1268,0,0.0
1269,1,1.0
1270,1,0.98
1271,1,0.14
1272,1,1.0
1273,1,1.0
1274,1,0.04
1275,1,1.0
1276,0,0.0
1277,0,0.0
1278,1,1.0
1279,0,0.0
1280,1,1.0
1281,0,0.0
1282,1,1.0
1283,1,0.94
1284,0,0.0
1285,1,0.03
1286,1,0.21
1287,1,1.0
1288,1,1.0
1289,1,1.0
1290,1,0.36
1291,1,0.24
1292,0,0.0
1293,1,1.0
1294,1,0.26
1295,1,0.34
1296,1,1.0
1297,1,0.1
1298,1,0.0
1299,1,0.41
1300,1,0.86
1301,1,0.33
1302,1,1.0
1303,1,0.09
1304,0,0.0
1305,0,0.0
1306,0,0.0
1307,0,0.0
1308,0,0.0
1309,0,0.0
1310,1,0.55
1311,0,0.0
1312,1,1.0
1313,1,1.0
1314,1,1.0
1315,1,1.0
1316,1,0.48
1317,0,0.01
1318,0,0.13
1319,0,0.0
1320,1,1.0
1321,1,0.97
1322,0,0.89
1323,1,1.0
1324,0,0.01
1325,1,0.35
1326,1,1.0
1327,1,1.0
1328,0,0.98
1329,0,0.0
1330,1,1.0
1331,1,0.07
1332,1,1.0
1333,1,0.51
1334,1,1.0
1335,0,0.0
1336,0,0.0
1337,1,1.0
1338,0,0.0
1339,0,0.0
1340,1,1.0
1341,0,0.0
1342,1,1.0
1343,0,0.0
1344,0,0.0
1345,0,0.0
1346,1,0.17
1347,1,1.0
1348,0,0.0
1349,0,0.0
1350,1,0.12
1351,1,1.0
1352,1,0.03
1353,0,0.0
1354,1,0.45
1355,0,0.0
1356,0,0.0
1357,1,1.0
1358,0,0.0
1359,1,0.0
1360,1,0.02
1361,0,0.0
1362,1,0.99
1363,1,1.0
1364,1,0.02
1365,1,0.25
1366,0,0.0
1367,1,1.0
1368,1,1.0
1369,1,1.0
1370,0,0.36
1371,1,1.0
1372,1,1.0
1373,1,0.97
1374,0,0.0
1375,1,0.01
1376,1,1.0
1377,1,1.0
1378,1,0.78
1379,1,1.0
1380,1,0.31
1381,0,0.0
1382,1,0.02
1383,1,0.15
1384,0,0.0
1385,0,0.01
1386,1,0.01
1387,0,0.0
1388,0,0.0
1389,0,0.0
1390,1,0.14
1391,0,0.0
1392,1,0.46
1393,0,0.0
1394,1,0.8508
1395,1,0.5
1396,0,0.0
1397,0,0.21
1398,0,0.0
1399,1,0.03
1400,1,0.13
1401,0,0.0
1402,0,0.0
1403,1,1.0
1404,1,0.53
1405,0,0.0
1406,1,0.99
1407,1,0.0
1408,1,0.3
1409,0,0.0
1410,0,0.0
1411,0,0.0
1412,1,0.11
1413,1,0.48
1414,1,0.8233
1415,0,0.0
1416,1,0.26
1417,1,1.0
1418,1,0.07
1419,1,1.0
1420,0,0.0
1421,0,0.0
1422,0,0.0
1423,1,0.98
1424,0,0.02
1425,1,0.36
1426,1,1.0
1427,1,0.89
1428,0,0.0
1429,1,1.0
1430,1,0.2
1431,0,0.0
1432,1,1.0
1433,0,0.0
1434,0,0.2
1435,1,0.1
1436,1,0.02
1437,1,1.0
1438,1,1.0
1439,0,0.0
1440,1,1.0
1441,1,0.29
1442,1,1.0
1443,1,0.58
1444,0,0.0
1445,0,0.0
1446,0,0.0
1447,1,1.0
1448,1,1.0
1449,0,0.0
1450,0,0.0
1451,0,0.0
1452,0,0.0
1453,1,0.08
1454,1,1.0
1455,1,0.45
1456,0,0.0
1457,1,0.33
1458,1,1.0
1459,1,1.0
1460,0,0.0
1461,1,0.8
1462,0,0.13
1463,0,0.0
1464,1,1.0
1465,0,0.0
1466,1,0.24
1467,0,0.17
1468,1,0.99
1469,0,0.0
1470,1,0.98
1471,0,0.0
1472,0,0.2
1473,1,0.44
1474,1,1.0
1475,1,0.27
1476,0,0.2
1477,0,0.0
1478,1,1.0
1479,1,0.02
1480,0,0.0
1481,1,1.0
1482,1,1.0
1483,0,0.0
1484,0,0.2
1485,0,0.0
1486,1,0.91
1487,0,0.0
1488,0,0.0
1489,0,0.0
1490,0,0.0
1491,1,0.99
1492,0,0.0
1493,0,0.0
1494,1,0.84
1495,0,0.0
1496,0,0.0
1497,1,0.0
1498,0,0.0
1499,0,0.0
1500,1,1.0
1501,0,0.98
1502,0,0.0
1503,1,1.0
1504,1,0.1
1505,1,1.0
1506,1,1.0
1507,0,0.0
1508,0,0.0
1509,1,0.45
1510,0,0.0
1511,0,0.0
1512,1,0.46
1513,1,1.0
1514,1,1.0
1515,0,0.0
1516,0,0.1
1517,0,0.0
1518,0,0.0
1519,1,0.03
1520,0,0.0
1521,1,0.8408
1522,1,0.06
1523,0,0.0
1524,0,0.0
1525,0,0.0
1526,0,0.2
1527,1,1.0
1528,0,0.0
1529,1,0.24
1530,0,0.09
1531,1,0.51
1532,0,0.0
1533,0,0.0
1534,1,1.0
1535,0,0.0
1536,0,0.05
1537,0,0.0
1538,1,0.01
1539,0,0.0
1540,0,0.0
1541,1,0.02
1542,0,0.0
1543,0,0.0
1544,1,0.52
1545,0,0.0
1546,0,0.0
1547,1,1.0
1548,0,0.0
1549,1,0.39
1550,0,0.0
1551,0,0.0
1552,1,1.0
1553,1,0.03
1554,0,0.0
1555,0,0.0
1556,1,1.0
1557,1,0.41
1558,0,0.0
1559,1,0.01
1560,1,0.4
1561,1,1.0
1562,0,0.0
1563,1,0.98
1564,1,1.0
1565,1,1.0
1566,1,0.1
1567,1,1.0
1568,0,0.0
1569,0,0.0
1570,0,0.0
1571,1,1.0
1572,0,0.0
1573,1,1.0
1574,0,0.0
1575,1,1.0
1576,0,0.0
1577,1,0.53
1578,1,0.05
1579,0,0.0
1580,0,0.2
1581,1,1.0
1582,1,1.0
1583,1,0.11
1584,1,1.0
1585,1,1.0
1586,1,1.0
1587,0,0.0
1588,1,1.0
1589,0,0.0
1590,1,1.0
1591,1,0.94
1592,1,1.0
1593,1,1.0
1594,1,0.1
1595,0,0.0
1596,1,1.0
1597,0,0.0
1598,1,1.0
1599,0,0.0
1600,1,0.02
1601,0,0.0
1602,0,0.0
1603,0,0.0
1604,1,1.0
1605,0,0.0
1606,0,0.0
1607,1,0.24
1608,1,0.31
1609,1,0.38
1610,1,0.31
1611,1,0.1
1612,0,0.0
1613,1,0.98
1614,1,1.0
1615,0,0.0
1616,1,0.52
1617,1,0.24
1618,1,0.1
1619,1,0.07
1620,0,0.0
1621,1,1.0
1622,0,0.2
1623,0,0.0
1624,1,0.02
1625,0,0.0
1626,0,1.0
1627,1,1.0
1628,0,0.0
1629,0,0.0
1630,1,0.08
1631,1,1.0
1632,0,0.0
1633,1,0.12
1634,1,0.1
1635,0,0.0
1636,1,0.31
1637,0,0.0
1638,0,0.0
1639,1,1.0
1640,0,0.0
1641,0,0.0
1642,1,0.07
1643,0,0.0
1644,1,1.0
1645,0,0.3
1646,0,0.0
1647,1,0.29
1648,0,0.0
1649,1,0.0
1650,0,0.0
1651,1,1.0
1652,0,0.0
1653,1,0.04
1654,0,0.0
1655,1,0.22
1656,0,0.0
1657,1,0.55
1658,1,0.97
1659,0,0.0
1660,1,0.02
1661,0,0.0
1662,1,0.08
1663,1,0.99
1664,1,1.0
1665,1,0.02
1666,0,0.0
1667,0,0.0
1668,0,0.0
1669,1,1.0
1670,0,0.0
1671,0,0.0
1672,0,0.0
1673,0,0.0
1674,1,0.59
1675,1,0.32
1676,0,0.0
1677,0,0.0
1678,1,1.0
1679,0,0.0
1680,0,0.0
1681,0,0.0
1682,1,1.0
1683,0,0.0
1684,0,0.0
1685,1,1.0
1686,1,1.0
1687,1,1.0
1688,1,1.0
1689,0,0.0
1690,0,0.0
1691,0,0.0
1692,0,0.0
1693,1,0.46
1694,0,0.0
1695,0,0.0
1696,1,1.0
1697,0,0.0
1698,1,0.37
1699,1,1.0
1700,1,0.449
1701,1,0.26
1702,0,0.0
1703,1,0.06
1704,0,0.33
1705,1,1.0
1706,1,1.0
1707,0,0.0
1708,0,0.0
1709,1,0.41
1710,0,0.0
1711,0,0.0
1712,0,0.01
1713,0,0.0
1714,0,0.0
1715,0,0.0
1716,0,0.0
1717,1,1.0
1718,0,0.0
1719,1,0.06
1720,1,0.97
1721,0,0.0
1722,1,0.0
1723,0,0.0
1724,1,1.0
1725,1,0.53
1726,1,0.14
1727,1,1.0
1728,0,0.0
1729,1,1.0
1730,0,0.2
1731,0,0.0
1732,1,0.44
1733,1,0.99
1734,1,1.0
1735,1,0.1
1736,0,0.0
1737,1,1.0
1738,0,0.0
1739,0,0.06
1740,1,1.0
1741,0,0.0
1742,1,0.06
1743,1,1.0
1744,1,1.0
1745,0,0.0
1746,0,0.0
1747,1,0.43
1748,0,0.0
1749,1,1.0
1750,1,1.0
1751,1,1.0
1752,0,0.03
1753,0,0.0
1754,1,0.97
1755,1,1.0
1756,1,0.03
1757,0,0.0
1758,1,1.0
1759,1,1.0
1760,1,1.0
1761,0,0.06
1762,1,0.14
1763,1,1.0
1764,0,0.0
1765,1,1.0
1766,0,0.0
1767,0,0.03
1768,1,0.06
1769,0,0.0
1770,0,0.0
1771,0,0.0
1772,0,0.0
1773,1,0.01
1774,1,0.26
1775,1,1.0
1776,1,0.02
1777,0,1.0
1778,0,0.0
1779,1,0.15
1780,1,0.98
1781,1,1.0
1782,0,0.0
1783,1,0.38
1784,1,0.97
1785,1,1.0
1786,0,0.0
1787,0,0.0
1788,0,0.0
1789,0,0.0
1790,1,1.0
1791,1,0.26
1792,1,0.99
1793,0,0.0
1794,1,0.1
1795,0,0.01
1796,1,0.14
1797,1,1.0
1798,0,0.0
1799,0,0.0
1800,0,0.0
1801,0,0.0
1802,1,0.06
1803,1,1.0
1804,0,0.0
1805,0,0.0
1806,1,1.0
1807,1,1.0
1808,1,1.0
1809,1,1.0
1810,1,1.0
1811,0,0.0
1812,1,1.0
1813,0,0.0
1814,1,1.0
1815,0,0.0
1816,0,0.0
1817,1,1.0
1818,0,0.0
1819,0,0.0
1820,1,0.84
1821,0,0.0
1822,0,0.0
1823,1,0.6
1824,1,0.0
1825,1,1.0
1826,1,0.86
1827,0,0.0
1828,1,0.77
1829,0,0.0
1830,0,0.0
1831,1,1.0
1832,1,0.83
1833,0,0.0
1834,1,1.0
1835,0,0.0
1836,1,1.0
1837,0,0.0
1838,0,0.0
1839,1,0.08
1840,1,0.05
1841,0,0.0
1842,1,0.18
1843,1,1.0
1844,1,1.0
1845,0,0.0
1846,1,1.0
1847,1,1.0
1848,1,1.0
1849,0,0.0
1850,1,0.08
1851,1,1.0
1852,1,1.0
1853,1,1.0
1854,1,1.0
1855,1,0.43
1856,1,1.0
1857,1,0.07
1858,0,0.0
1859,0,0.0
1860,0,0.0
1861,1,0.04
1862,0,0.0
1863,1,0.67
1864,1,0.47
1865,1,0.09
1866,0,0.0
1867,1,0.02
1868,0,0.0
1869,0,0.0
1870,0,0.0
1871,1,1.0
1872,0,0.0
1873,1,0.29
1874,1,0.04
1875,1,1.0
1876,1,0.14
1877,1,0.04
1878,1,1.0
1879,0,0.0
1880,1,1.0
1881,1,1.0
1882,0,0.0
1883,1,0.09
1884,1,0.99
1885,1,0.03
1886,1,1.0
1887,1,0.09
1888,1,0.01
1889,0,0.0
1890,0,0.0
1891,0,0.0
1892,0,0.0
1893,1,1.0
1894,1,1.0
1895,0,0.02
1896,0,0.0
1897,0,0.0
1898,1,0.26
1899,0,0.19
1900,1,1.0
1901,1,0.52
1902,1,0.19
1903,1,0.01
1904,1,1.0
1905,1,1.0
1906,1,0.47
1907,1,0.6
1908,1,1.0
1909,1,0.46
1910,1,1.0
1911,1,1.0
1912,1,1.0
1913,1,1.0
1914,1,0.44
1915,0,0.0
1916,1,1.0
1917,0,0.0
1918,0,0.0
1919,0,0.0
1920,0,0.0
1921,1,0.59
1922,1,0.03
1923,0,0.0
1924,0,0.0
1925,1,1.0
1926,1,1.0
1927,1,0.32
1928,1,1.0
1929,0,1.0
1930,0,0.0
1931,0,0.0
1932,1,0.29
1933,1,0.96
1934,1,0.99
1935,1,0.41
1936,0,0.02
1937,0,0.0
1938,1,1.0
1939,0,0.0
1940,1,1.0
1941,1,1.0
1942,1,0.98
1943,1,0.68
1944,0,0.0
1945,1,1.0
1946,0,1.0
1947,1,0.95
1948,1,1.0
1949,0,0.0
1950,1,1.0
1951,1,0.11
1952,0,0.0
1953,1,0.35
1954,1,0.13
1955,1,0.47
1956,1,0.57
1957,0,0.0
1958,1,0.25
1959,1,1.0
1960,1,0.02
1961,1,0.09
1962,1,1.0
1963,0,0.0
1964,0,0.0
1965,1,0.97
1966,0,0.0
1967,0,0.0
1968,0,0.0
1969,1,1.0
1970,1,0.88
1971,0,0.0
1972,1,1.0
1973,0,0.0
1974,1,0.48
1975,1,1.0
1976,1,1.0
1977,0,0.0
1978,0,0.0
1979,1,0.95
1980,0,0.0
1981,1,1.0
1982,1,1.0
1983,0,0.01
1984,1,1.0
1985,1,1.0
1986,1,1.0
1987,0,0.0
1988,1,0.37
1989,0,0.0
1990,0,0.14
1991,1,0.01
1992,0,0.0
1993,0,0.16
1994,0,0.0
1995,1,0.23
1996,1,0.76
1997,1,0.97
1998,0,0.0
1999,1,0.29
2000,1,0.08
2001,1,0.33
2002,1,1.0
2003,1,1.0
2004,0,0.0
2005,1,1.0
2006,0,0.0
2007,1,0.3
2008,1,1.0
2009,1,0.61
2010,0,0.0
2011,1,0.22
2012,1,0.17
2013,0,0.0
2014,1,1.0
2015,0,0.0
2016,1,1.0
2017,1,0.32
2018,0,0.0
2019,1,0.44
2020,1,1.0
2021,1,0.9
2022,1,1.0
2023,1,0.57
2024,0,0.2
2025,0,0.08
2026,1,0.06
2027,1,1.0
2028,1,0.03
2029,1,1.0
2030,0,0.0
2031,1,0.13
2032,1,0.46
2033,1,0.99
2034,0,0.0
2035,1,0.24
2036,1,0.33
2037,0,0.0
2038,0,0.0
2039,1,1.0
2040,0,0.0
2041,1,0.08
2042,1,1.0
2043,1,0.08
2044,1,0.15
2045,0,0.0
2046,1,0.89
2047,1,0.21
2048,0,0.0
2049,0,0.0
2050,0,0.0
2051,0,0.0
2052,0,0.68
2053,1,0.32
2054,0,0.0
2055,0,0.0
2056,1,0.13
2057,1,1.0
2058,0,0.21
2059,0,0.0
2060,0,0.0
2061,1,1.0
2062,0,0.0
2063,1,0.08
2064,1,0.06
2065,0,0.0
2066,1,0.36
2067,1,0.37
2068,0,0.2
2069,1,1.0
2070,0,0.0
2071,1,1.0
2072,0,0.0
2073,0,0.0
2074,0,0.0
2075,0,0.2
2076,0,0.0
2077,0,0.0
2078,0,0.0
2079,1,1.0
2080,0,0.0
2081,0,0.0
2082,0,0.0
2083,0,0.0
2084,0,0.0
2085,1,1.0
2086,1,1.0
2087,1,1.0
2088,1,1.0
2089,0,0.14
2090,0,0.0
2091,1,0.99
2092,0,0.0
2093,0,0.2
2094,0,0.0
2095,1,1.0
2096,0,0.0
2097,1,0.86
2098,1,1.0
2099,0,0.0
2100,1,1.0
2101,1,0.5
2102,0,0.0
2103,1,1.0
2104,1,1.0
2105,0,0.0
2106,1,0.48
2107,1,0.34
2108,1,0.05
2109,1,0.33
2110,1,1.0
2111,1,1.0
2112,0,0.0
2113,0,0.0
2114,1,1.0
2115,1,0.62
2116,0,0.0
2117,0,0.0
2118,1,1.0
2119,0,0.0
2120,1,1.0
2121,0,0.0
2122,1,0.3
2123,0,0.0
2124,0,0.0
2125,1,1.0
2126,1,1.0
2127,1,0.55
2128,0,0.0
2129,1,1.0
2130,1,0.32
2131,1,0.59
2132,1,0.07
2133,1,1.0
2134,1,0.92
2135,0,0.0
2136,0,0.2
2137,1,0.97
2138,1,0.98
2139,1,1.0
2140,0,0.0
2141,1,0.12
2142,0,0.0
2143,1,0.58
2144,0,0.0
2145,1,0.03
2146,1,0.08
2147,1,0.98
2148,1,1.0
2149,1,1.0
2150,0,0.0
2151,1,1.0
2152,1,0.9833
2153,1,0.31
2154,0,0.0
2155,0,0.0
2156,1,1.0
2157,1,0.09
2158,0,0.0
2159,1,1.0
2160,1,1.0
2161,1,1.0
2162,1,0.02
2163,0,0.04
2164,0,0.97
2165,0,0.0
2166,0,0.0
2167,1,0.86
2168,1,1.0
2169,1,0.03
2170,1,0.07
2171,1,0.44
2172,0,0.0
2173,1,1.0
2174,1,0.01
2175,0,0.0
2176,1,1.0
2177,1,0.08
2178,0,0.0
2179,1,1.0
2180,1,0.54
2181,0,0.0
2182,1,1.0
2183,1,1.0
2184,1,1.0
2185,1,0.88
2186,0,0.0
2187,0,0.0
2188,0,0.0
2189,1,1.0
2190,0,0.0
2191,0,0.0
2192,0,0.0
2193,1,0.89
2194,0,0.01
2195,0,0.0
2196,0,0.0
2197,0,0.0
2198,1,1.0
2199,0,0.0
2200,1,0.41
2201,1,0.98
2202,1,1.0
2203,0,0.0
2204,0,0.0
2205,0,0.0
2206,1,0.32
2207,1,1.0
2208,1,0.1
2209,1,0.86
2210,1,1.0
2211,1,1.0
2212,1,0.02
2213,0,0.0
2214,1,0.25
2215,1,1.0
2216,1,1.0
2217,1,1.0
2218,1,1.0
2219,0,0.0
2220,1,1.0
2221,0,0.0
2222,1,0.15
2223,1,1.0
2224,1,1.0
2225,0,0.0
2226,1,1.0
2227,0,0.5
2228,0,0.0
2229,1,0.82
2230,1,1.0
2231,1,1.0
2232,1,0.16
2233,1,1.0
2234,0,0.0
2235,1,1.0
2236,1,0.09
2237,0,0.0
2238,1,1.0
2239,1,0.97
2240,1,0.23
2241,1,0.43
2242,0,0.0
2243,1,1.0
2244,0,0.0
2245,1,0.28
2246,1,0.25
2247,1,0.39
2248,1,1.0
2249,1,1.0
2250,1,0.11
2251,1,0.98
2252,1,1.0
2253,1,0.07
2254,1,0.03
2255,1,1.0
2256,0,0.0
2257,1,0.16
2258,1,1.0
2259,1,0.98
2260,0,0.13
2261,0,0.0
2262,1,0.15
2263,0,0.0
2264,0,0.0
2265,1,0.7
2266,1,0.9083
2267,0,0.2
2268,0,0.0
2269,0,0.0
2270,1,0.39
2271,0,0.0
2272,0,0.0
2273,0,0.97
2274,1,1.0
2275,1,0.99
2276,0,0.0
2277,1,0.47
2278,0,0.03
2279,0,0.0
2280,1,0.65
2281,0,0.0
2282,0,0.0
2283,1,0.98
2284,0,0.0
2285,0,0.0
2286,1,1.0
2287,0,0.0
2288,1,0.81
2289,0,0.0
2290,1,0.06
2291,1,0.37
2292,1,0.34
2293,0,0.67
2294,0,0.0
2295,0,0.0
2296,1,1.0
2297,0,0.0
2298,1,0.91
2299,1,0.8483
2300,1,0.11
2301,0,0.0
2302,1,0.99
2303,1,0.12
2304,0,0.0
2305,1,0.98
2306,0,0.0
2307,1,0.29
2308,0,0.0
2309,1,0.09
2310,1,1.0
2311,0,0.0
2312,0,0.0
2313,0,0.21
2314,1,1.0
2315,0,0.94
2316,0,0.03
2317,0,0.0
2318,0,0.0
2319,1,1.0
2320,0,0.0
2321,1,1.0
2322,0,0.0
2323,0,0.0
2324,1,0.15
2325,0,0.0
2326,1,1.0
2327,1,0.0
2328,1,0.23
2329,0,0.0
2330,1,0.99
2331,1,0.13
2332,1,0.36
2333,1,0.44
2334,1,0.21
2335,0,0.0
2336,1,0.87
2337,0,0.0
2338,0,0.0
2339,1,1.0
2340,1,0.48
2341,1,1.0
2342,0,0.0
2343,1,0.22
2344,0,0.0
2345,1,1.0
2346,1,1.0
2347,0,0.33
2348,1,0.34
2349,1,1.0
2350,1,1.0
2351,1,1.0
2352,1,0.09
2353,1,1.0
2354,1,0.49
2355,1,1.0
2356,0,0.2
2357,1,0.29
2358,1,0.27
2359,1,0.61
2360,1,0.11
2361,0,0.0
2362,1,1.0
2363,1,0.09
2364,0,0.0
2365,0,0.045
2366,0,0.0
2367,1,0.24
2368,0,0.0
2369,0,0.0
2370,0,0.03
2371,0,0.0
2372,1,0.05
2373,1,1.0
2374,1,0.11
2375,0,1.0
2376,1,1.0
2377,1,0.14
2378,0,0.0
2379,0,0.0
2380,0,0.0
2381,0,0.0
2382,1,1.0
2383,1,0.56
2384,1,1.0
2385,1,0.98
2386,0,0.0
2387,0,0.33
2388,1,0.19
2389,1,1.0
2390,1,0.97
2391,1,0.02
2392,0,0.0
2393,1,0.2
2394,1,1.0
2395,0,0.0
2396,1,1.0
2397,0,0.0
2398,1,1.0
2399,1,0.42
2400,1,0.06
2401,1,0.94
2402,0,0.0
2403,0,0.0
2404,0,0.0
2405,1,1.0
2406,0,0.0
2407,1,1.0
2408,0,0.0
2409,0,0.0
2410,0,0.0
2411,1,1.0
2412,1,0.41
2413,1,1.0
2414,1,0.04
2415,0,0.0
2416,1,0.07
2417,1,1.0
2418,0,0.0
2419,1,0.25
2420,0,0.0
2421,1,0.34
2422,0,0.0
2423,0,0.0
2424,1,0.12
2425,1,1.0
2426,0,0.0
2427,0,0.0
2428,1,0.58
2429,1,0.14
2430,1,0.96
2431,1,1.0
2432,1,1.0
2433,1,0.93
2434,1,0.19
2435,1,0.16
2436,1,0.51
2437,1,1.0
2438,1,0.09
2439,0,0.01
2440,1,1.0
2441,0,0.0
2442,0,0.0
2443,1,1.0
2444,1,0.46
2445,1,1.0
2446,0,0.0
2447,0,0.0
2448,1,1.0
2449,0,0.0
2450,1,1.0
2451,0,0.0
2452,1,1.0
2453,0,0.0
2454,0,0.0
2455,1,1.0
2456,1,0.37
2457,0,0.0
2458,1,1.0
2459,1,1.0
2460,0,0.0
2461,1,0.42
2462,1,1.0
2463,0,0.0
2464,1,1.0
2465,1,0.97
2466,0,0.59
2467,0,0.0
2468,1,0.09
2469,0,0.0
2470,0,0.0
2471,1,0.53
2472,1,1.0
2473,1,0.25
2474,0,0.0
2475,0,0.0
2476,1,0.58
2477,0,0.0
2478,0,0.0
2479,1,1.0
2480,0,0.98
2481,1,0.47
2482,1,0.28
2483,0,0.0
2484,0,0.0
2485,1,0.54
2486,1,1.0
2487,0,0.0
2488,0,0.2
2489,0,0.2
2490,0,0.0
2491,0,0.0
2492,0,0.0
2493,1,1.0
2494,1,1.0
2495,1,1.0
2496,1,0.01
2497,0,0.0
2498,1,0.1
2499,0,0.0
2500,0,0.0
2501,0,0.0
2502,1,0.31
2503,1,1.0
2504,0,0.0
2505,0,0.0
2506,1,0.57
2507,1,0.86
2508,0,0.0
2509,1,0.19
2510,0,0.0
2511,1,0.15
2512,1,1.0
2513,0,0.0
2514,1,0.57
2515,1,0.89
2516,1,1.0
2517,0,0.99
2518,0,0.28
2519,0,0.0
2520,1,1.0
2521,1,1.0
2522,1,0.1
2523,0,0.02
2524,1,1.0
2525,1,0.03
2526,1,1.0
2527,1,1.0
2528,1,0.96
2529,1,0.89
2530,1,1.0
2531,1,1.0
2532,1,0.76
2533,1,1.0
2534,1,0.38
2535,1,0.99
2536,1,1.0
2537,0,0.0
2538,0,0.0
2539,0,0.0
2540,1,0.14
2541,1,0.1
2542,1,0.99
2543,0,0.01
2544,0,0.0
2545,0,0.0
2546,0,0.0
2547,1,1.0
2548,0,0.0
2549,1,0.06
2550,1,0.99
2551,1,0.13
2552,1,0.12
2553,0,0.0
2554,0,0.17
2555,0,0.0
2556,0,0.0
2557,0,0.0
2558,0,0.03
2559,1,0.69
2560,1,0.38
2561,0,0.0
2562,0,0.0
2563,0,0.0
2564,0,0.0
2565,1,0.26
2566,1,0.22
2567,0,0.21
2568,0,0.0
2569,1,0.25
2570,1,1.0
2571,0,0.0
2572,0,0.0
2573,1,0.39
2574,1,0.43
2575,0,0.0
2576,0,0.0
2577,0,0.0
2578,1,1.0
2579,0,0.0
2580,1,0.56
2581,0,0.0
2582,1,0.06
2583,1,0.11
2584,0,0.0
2585,0,0.0
2586,1,1.0
2587,0,0.97
2588,0,0.0
2589,0,0.0
2590,0,0.0
2591,1,0.02
2592,1,0.99
2593,0,0.0
2594,1,0.09
2595,1,0.06
2596,1,0.8983
2597,1,1.0
2598,0,0.0
2599,0,0.0
2600,1,1.0
2601,0,0.08
2602,1,0.29
2603,0,0.0
2604,0,0.0
2605,1,0.99
2606,0,0.0
2607,1,1.0
2608,0,0.0
2609,0,0.0
2610,1,1.0
2611,0,0.0
2612,1,1.0
2613,1,1.0
2614,1,0.98
2615,0,0.0
2616,0,0.0
2617,1,1.0
2618,1,0.03
2619,1,0.07
2620,1,1.0
2621,0,0.0
2622,1,0.25
2623,1,0.19
2624,0,0.0
2625,1,0.22
2626,1,0.26
2627,0,0.0
2628,1,1.0
2629,1,1.0
2630,0,0.0
2631,0,0.0
2632,0,0.0
2633,0,0.0
2634,0,0.0
2635,0,0.0
2636,0,0.0
2637,1,1.0
2638,0,0.0
2639,1,1.0
2640,1,0.25
2641,0,0.0
2642,0,0.0
2643,1,0.44
2644,0,0.0
2645,0,0.0
2646,0,0.0
2647,1,1.0
2648,1,0.86
2649,0,0.0
2650,1,1.0
2651,1,0.02
2652,0,0.11
2653,0,0.0
2654,0,0.0
2655,1,1.0
2656,0,0.0
2657,1,0.09
2658,1,1.0
2659,0,0.0
2660,0,0.0
2661,1,0.29
2662,0,0.0
2663,0,0.0
2664,0,0.0
2665,0,0.0
2666,0,0.2
2667,1,1.0
2668,1,0.21
2669,1,1.0
2670,1,0.05
2671,0,0.0
2672,1,0.9833
2673,0,0.02
2674,1,0.06
2675,1,1.0
2676,1,1.0
2677,0,0.0
2678,1,0.355
2679,1,0.47
2680,1,0.04
2681,1,1.0
2682,0,0.0
2683,1,0.39
2684,1,0.08
2685,0,0.0
2686,0,0.0
2687,1,1.0
2688,0,0.19
2689,0,0.0
2690,1,1.0
2691,0,0.0
2692,1,1.0
2693,0,0.0
2694,0,0.0
2695,1,0.24
2696,1,0.44
2697,0,0.0
2698,1,0.02
2699,0,0.0
2700,1,0.53
2701,0,0.0
2702,0,0.92
2703,1,0.53
2704,0,0.0
2705,0,0.0
2706,1,1.0
2707,0,0.0
2708,1,1.0
2709,1,1.0
2710,1,1.0
2711,0,0.0
2712,1,1.0
2713,1,0.0
2714,1,0.93
2715,0,0.0
2716,0,0.0
2717,0,0.0
2718,0,0.0
2719,0,0.0
2720,0,0.05
2721,1,1.0
2722,1,1.0
2723,1,1.0
2724,1,1.0
2725,1,1.0
2726,1,0.99
2727,1,1.0
2728,1,0.07
2729,1,1.0
2730,0,0.0
2731,1,0.51
2732,1,1.0
2733,1,0.98
2734,1,1.0
2735,1,0.03
2736,1,0.08
2737,1,0.07
2738,1,0.06
2739,1,1.0
2740,1,1.0
2741,1,0.72
2742,0,0.0
2743,1,1.0
2744,1,0.97
2745,1,0.63
2746,1,0.23
2747,1,0.12
2748,0,0.0
2749,0,0.0
2750,1,1.0
2751,1,0.98
2752,0,0.0
2753,1,0.97
2754,1,0.9633
2755,0,0.0
2756,1,0.18
2757,0,0.0
2758,0,0.0
2759,1,0.28
2760,1,1.0
2761,0,0.2
2762,0,0.0
2763,0,0.0
2764,1,0.29
2765,1,1.0
2766,1,0.91
2767,1,1.0
2768,0,0.0
2769,0,0.0
2770,0,0.0
2771,1,1.0
2772,0,0.0
2773,1,0.08
2774,0,0.0
2775,0,0.92
2776,0,0.0
2777,1,0.36
2778,1,0.12
2779,0,0.0
2780,1,0.29
2781,0,0.0
2782,0,0.01
2783,1,0.53
2784,1,1.0
2785,1,1.0
2786,1,1.0
2787,0,0.0
2788,0,0.0
2789,1,0.95
2790,0,0.0
2791,0,0.17
2792,0,0.0
2793,0,0.0
2794,1,0.05
2795,1,0.99
2796,1,1.0
2797,1,1.0
2798,1,1.0
2799,0,0.0
2800,1,1.0
2801,1,0.02
2802,0,0.0
2803,1,0.01
2804,1,0.05
2805,1,1.0
2806,1,0.35
2807,0,0.0
2808,0,0.0
2809,1,1.0
2810,0,0.0
2811,1,0.9183
2812,1,0.89
2813,0,0.0
2814,0,0.0
2815,1,0.9
2816,0,0.0
2817,0,0.2
2818,0,0.02
2819,1,1.0
2820,0,0.0
2821,1,0.98
2822,1,0.5
2823,1,1.0
2824,0,0.0
2825,1,0.64
2826,1,1.0
2827,1,1.0
2828,1,0.28
2829,1,1.0
2830,0,0.0
2831,1,0.47
2832,1,1.0
2833,0,0.0
2834,1,0.77
2835,1,0.53
2836,1,0.09
2837,1,1.0
2838,1,0.77
2839,0,0.0
2840,1,0.36
2841,1,0.4
2842,1,0.09
2843,1,1.0
2844,1,1.0
2845,1,1.0
2846,1,1.0
2847,1,1.0
2848,1,1.0
2849,1,0.29
2850,0,0.0
2851,0,0.0
2852,0,0.0
2853,1,0.1
2854,1,1.0
2855,0,0.0
2856,0,0.0
2857,0,0.0
2858,0,0.0
2859,0,0.0
2860,0,0.0
2861,1,0.9633
2862,1,1.0
2863,0,0.2
2864,0,0.0
2865,0,0.21
2866,1,1.0
2867,0,0.0
2868,0,0.2
2869,0,0.0
2870,1,0.15
2871,1,0.65
2872,1,1.0
2873,0,0.0
2874,1,0.22
2875,0,0.0
2876,1,0.97
2877,0,0.0
2878,0,0.01
2879,1,0.18
2880,1,0.61
2881,1,1.0
2882,1,0.97
2883,0,0.0
2884,0,0.0
2885,0,0.0
2886,1,0.97
2887,1,1.0
2888,0,0.0
2889,1,1.0
2890,0,0.0
2891,0,0.0
2892,0,0.0
2893,1,1.0
2894,1,1.0
2895,1,0.39
2896,1,1.0
2897,1,0.0
2898,1,0.21
2899,0,0.0
2900,0,0.0
2901,0,0.0
2902,1,0.98
2903,0,0.0
2904,1,0.47
2905,1,0.06
2906,0,0.0
2907,1,0.12
2908,0,0.0
2909,1,0.15
2910,1,0.55
2911,0,0.0
2912,0,0.0
2913,1,1.0
2914,0,0.0
2915,0,0.0
2916,1,1.0
2917,1,0.97
2918,0,0.0
2919,0,0.0
2920,0,0.0
2921,0,0.0
2922,1,1.0
2923,0,0.0
2924,0,0.0
2925,1,1.0
2926,1,0.07
2927,1,0.09
2928,1,1.0
2929,1,1.0
2930,1,1.0
2931,0,0.0
2932,1,0.0
2933,1,0.0
2934,1,0.09
2935,1,0.11
2936,1,0.37
2937,0,0.9
2938,0,0.21
2939,0,0.0
2940,0,0.03
2941,0,0.0
2942,1,0.35
2943,0,0.92
2944,0,0.0
2945,1,0.22
2946,0,0.0
2947,1,0.13
2948,1,0.07
2949,1,0.39
2950,1,0.03
2951,1,0.83
2952,1,0.63
2953,1,0.07
2954,1,1.0
2955,0,0.0
2956,1,1.0
2957,1,0.53
2958,0,0.0
2959,0,0.0
2960,0,0.18
2961,0,0.0
2962,0,0.0
2963,0,0.0
2964,0,0.0
2965,1,0.99
2966,1,1.0
2967,0,0.99
2968,0,0.0
2969,1,1.0
2970,1,0.03
2971,1,0.07
2972,1,1.0
2973,1,1.0
2974,0,0.0
2975,0,0.09
2976,1,0.07
2977,0,0.0
2978,1,1.0
2979,0,0.0
2980,0,0.0
2981,1,1.0
2982,0,0.0
2983,1,1.0
2984,1,1.0
2985,1,1.0
2986,1,1.0
2987,0,0.0
2988,0,0.0
2989,0,0.0
2990,0,0.0
2991,0,0.0
2992,1,1.0
2993,0,0.0
2994,0,0.0
2995,0,0.0
2996,0,0.0
2997,1,0.47
2998,1,0.09
2999,0,0.0
3000,0,0.0
3001,1,0.99
3002,1,0.6
3003,1,1.0
3004,0,0.0
3005,1,0.27
3006,0,0.0
3007,1,0.97
3008,0,0.0
3009,1,1.0
3010,1,0.34
3011,1,0.07
3012,1,1.0
3013,1,0.53
3014,1,0.97
3015,1,0.02
3016,1,0.41
3017,0,0.19
3018,0,0.15
3019,0,0.0
3020,0,0.16
3021,1,0.08
3022,1,1.0
3023,1,0.09
3024,0,0.0
3025,0,0.0
3026,1,1.0
3027,1,1.0
3028,1,0.03
3029,0,0.0
3030,0,0.0
3031,0,0.0
3032,1,1.0
3033,1,1.0
3034,0,0.27
3035,1,0.05
3036,1,0.44
3037,1,0.1
3038,1,1.0
3039,1,0.26
3040,1,0.22
3041,1,1.0
3042,0,0.0
3043,1,0.23
3044,0,0.05
3045,0,0.0
3046,0,0.0
3047,1,0.19
3048,1,0.04
3049,1,0.84
3050,1,0.65
3051,0,0.0
3052,0,0.01
3053,0,0.0
3054,1,1.0
3055,1,0.49
3056,1,0.99
3057,0,0.0
3058,1,0.07
3059,0,0.0
3060,1,0.51
3061,1,1.0
3062,0,0.0
3063,0,0.0
3064,0,0.0
3065,0,0.0
3066,1,1.0
3067,1,0.28
3068,1,1.0
3069,1,0.99
3070,0,0.03
3071,1,0.51
3072,1,0.27
3073,1,0.19
3074,0,1.0
3075,0,0.0
3076,1,0.39
3077,1,0.01
3078,1,1.0
3079,0,0.0
3080,1,1.0
3081,0,0.0
3082,1,1.0
3083,0,0.0
3084,1,1.0
3085,1,1.0
3086,0,0.0
3087,1,0.23
3088,0,0.0
3089,1,0.03
3090,0,0.0
3091,1,0.15
3092,1,0.23
3093,1,0.17
3094,1,1.0
3095,1,1.0
3096,1,0.05
3097,0,0.0
3098,0,0.0
3099,1,1.0
3100,0,0.0
3101,0,0.03
3102,1,1.0
3103,1,1.0
3104,0,0.0
3105,1,1.0
3106,0,0.0
3107,0,0.0
3108,0,0.0
3109,1,0.02
3110,0,0.0
3111,1,0.01
3112,0,0.0
3113,1,0.06
3114,1,0.1
3115,0,0.0
3116,0,0.0
3117,1,0.82
3118,1,1.0
3119,1,1.0
3120,1,0.23
3121,1,1.0
3122,1,1.0
3123,1,0.04
3124,0,0.0
3125,0,0.21
3126,0,0.0
3127,0,0.0
3128,1,1.0
3129,1,0.29
3130,0,0.0
3131,1,0.42
3132,1,0.76
3133,0,0.0
3134,0,0.0
3135,1,0.1
3136,1,0.0
3137,1,1.0
3138,1,1.0
3139,1,0.33
3140,1,1.0
3141,1,1.0
3142,1,1.0
3143,1,0.93
3144,0,0.0
3145,0,0.0
3146,0,0.0
3147,1,0.03
3148,1,0.13
3149,1,1.0
3150,1,0.09
3151,0,0.0
3152,0,0.0
3153,1,1.0
3154,1,0.97
3155,1,1.0
3156,1,1.0
3157,1,0.16
3158,0,0.0
3159,1,0.25
3160,1,1.0
3161,0,0.0
3162,0,0.0
3163,0,0.0
3164,1,1.0
3165,1,1.0
3166,1,0.95
3167,0,0.0
3168,0,0.0
3169,0,0.0
3170,0,0.0
3171,1,1.0
3172,1,1.0
3173,0,0.0
3174,0,0.0
3175,1,0.37
3176,0,1.0
3177,0,0.0
3178,0,0.0
3179,1,0.65
3180,1,0.96
3181,1,0.27
3182,1,1.0
3183,1,0.1
3184,0,0.0
3185,0,0.0
3186,0,0.0
3187,0,0.12
3188,0,0.0
3189,1,0.58
3190,0,0.0
3191,1,1.0
3192,1,0.98
3193,1,0.87
3194,1,0.09
3195,1,0.45
3196,1,1.0
3197,0,0.0
3198,0,0.0
3199,1,0.72
3200,1,0.97
3201,0,0.2
3202,1,0.34
3203,0,0.0
3204,1,0.0
3205,1,0.38
3206,0,0.01
3207,1,1.0
3208,0,0.0
3209,1,0.16
3210,0,0.0
3211,0,0.0
3212,0,0.0
3213,0,0.0
3214,1,1.0
3215,1,1.0
3216,1,1.0
3217,1,0.65
3218,1,1.0
3219,0,0.0
3220,1,0.08
3221,0,0.0
3222,1,1.0
3223,1,0.22
3224,1,0.01
3225,1,0.12
3226,0,0.0
3227,1,0.01
3228,1,0.02
3229,1,1.0
3230,1,1.0
3231,1,1.0
3232,1,0.97
3233,0,0.0
3234,1,0.99
3235,0,0.0
3236,0,0.0
3237,0,0.0
3238,0,0.0
3239,1,0.43
3240,0,0.0
3241,1,0.02
3242,0,0.0
3243,1,0.11
3244,0,0.0
3245,0,0.0
3246,1,0.51
3247,0,0.2
3248,1,0.05
3249,0,0.0
3250,1,0.78
3251,0,0.0
3252,1,0.09
3253,0,0.0
3254,1,1.0
3255,0,0.0
3256,1,0.98
3257,1,0.44
3258,1,1.0
3259,0,0.0
3260,0,0.0
3261,1,1.0
3262,0,0.0
3263,0,0.0
3264,0,0.0
3265,1,0.23
3266,1,0.94
3267,1,1.0
3268,1,0.08
3269,1,1.0
3270,1,1.0
3271,1,0.9633
3272,0,0.0
3273,0,0.0
3274,1,0.49
3275,1,1.0
3276,1,0.09
3277,1,0.08
3278,1,0.86
3279,1,1.0
3280,0,0.0
3281,0,0.0
3282,1,1.0
3283,1,0.99
3284,1,0.04
3285,1,0.14
3286,0,0.0
3287,0,0.0
3288,1,1.0
3289,1,0.41
3290,0,0.0
3291,1,1.0
3292,1,0.01
3293,0,0.0
3294,1,0.71
3295,1,0.99
3296,0,0.0
3297,1,0.16
3298,1,0.26
3299,0,0.0
3300,1,0.96
3301,1,0.15
3302,1,0.02
3303,0,0.0
3304,1,0.32
3305,1,0.21
3306,0,0.0
3307,0,0.0
3308,1,1.0
3309,1,1.0
3310,0,0.0
3311,0,0.0
3312,1,1.0
3313,1,0.56
3314,1,1.0
3315,1,1.0
3316,0,0.0
3317,0,0.21
3318,1,0.08
3319,1,0.09
3320,0,0.2
3321,0,0.0
3322,0,0.42
3323,0,0.0
3324,1,0.08
3325,1,1.0
3326,0,0.0
3327,1,1.0
3328,0,0.0
3329,1,1.0
3330,1,1.0
3331,1,1.0
3332,0,0.0
3333,1,0.93
3334,1,0.56
3335,0,0.0
3336,1,0.4
3337,0,0.0
3338,1,0.42
3339,0,0.0
3340,0,0.0
3341,1,0.02
3342,1,1.0
3343,1,0.26
3344,1,0.45
3345,0,0.0
3346,0,0.0
3347,1,0.22
3348,1,1.0
3349,1,1.0
3350,1,1.0
3351,1,1.0
3352,0,0.0
3353,0,0.0
3354,1,1.0
3355,0,0.0
3356,1,0.98
3357,0,0.0
3358,1,0.46
3359,0,0.17
3360,1,1.0
3361,1,0.15
3362,1,1.0
3363,0,0.21
3364,0,0.0
3365,1,0.03
3366,0,0.0
3367,1,0.21
3368,0,0.0
3369,1,1.0
3370,1,0.47
3371,1,0.8083
3372,1,1.0
3373,0,0.0
3374,0,0.0
3375,0,0.0
3376,1,0.03
3377,0,0.02
3378,1,0.36
3379,1,0.17
3380,0,0.0
3381,1,1.0
3382,0,0.0
3383,1,1.0
3384,1,0.37
3385,0,0.0
3386,0,0.0
3387,1,0.25
3388,1,1.0
3389,0,0.0
3390,1,0.42
3391,1,0.51
3392,0,0.0
3393,1,1.0
3394,1,0.09
3395,1,0.04
3396,1,1.0
3397,1,0.41
3398,1,0.29
3399,0,0.0
3400,0,0.0
3401,0,0.0
3402,1,1.0
3403,1,1.0
3404,1,0.03
3405,1,0.06
3406,1,1.0
3407,0,0.0
3408,1,1.0
3409,1,0.09
3410,1,0.29
3411,0,0.2
3412,1,0.36
3413,0,0.15
3414,1,1.0
3415,0,0.0
3416,1,0.9
3417,1,0.12
3418,1,0.14
3419,1,1.0
3420,1,0.56
3421,0,0.0
3422,1,0.48
3423,1,1.0
3424,0,0.0
3425,1,1.0
3426,0,0.0
3427,0,0.0
3428,1,0.52
3429,1,1.0
3430,1,0.81
3431,1,0.41
3432,0,0.01
3433,1,1.0
3434,0,0.0
3435,1,0.07
3436,1,0.07
3437,0,0.0
3438,1,0.11
3439,1,0.03
3440,0,0.0
3441,1,1.0
3442,0,0.0
3443,1,0.45
3444,1,1.0
3445,1,0.7608
3446,0,0.0
3447,1,0.83
3448,1,1.0
3449,1,0.54
3450,0,0.02
3451,1,0.48
3452,0,0.0
3453,1,1.0
3454,0,0.0
3455,1,0.14
3456,0,0.0
3457,0,0.0
3458,1,0.13
3459,1,0.9
3460,0,0.0
3461,1,0.08
3462,1,0.09
3463,1,1.0
3464,1,1.0
3465,1,1.0
3466,0,0.0
3467,1,0.12
3468,1,0.27
3469,1,1.0
3470,1,1.0
3471,1,0.0
3472,0,0.2
3473,0,0.0
3474,1,0.02
3475,1,0.51
3476,0,0.0
3477,1,1.0
3478,1,1.0
3479,0,0.01
3480,1,0.46
3481,0,0.22
3482,1,0.51
3483,1,0.53
3484,0,0.0
3485,0,0.08
3486,0,0.53
3487,0,0.0
3488,0,0.0
3489,1,0.99
3490,1,0.49
3491,1,1.0
3492,1,0.62
3493,1,0.0
3494,0,0.9
3495,1,1.0
3496,1,0.49
3497,0,0.2
3498,0,0.0
3499,1,1.0
3500,1,0.03
3501,0,0.0
3502,1,1.0
3503,0,0.0
3504,1,0.19
3505,1,0.99
3506,0,0.02
3507,1,1.0
3508,1,1.0
3509,0,0.0
3510,0,0.0
3511,0,0.0
3512,0,0.0
3513,1,0.0
3514,1,0.88
3515,1,1.0
3516,1,0.29
3517,1,0.99
3518,1,0.02
3519,0,0.0
3520,1,0.6
3521,1,0.06
3522,0,0.0
3523,1,0.1
3524,0,0.37
3525,1,1.0
3526,0,0.0
3527,0,0.0
3528,1,1.0
3529,1,0.53
3530,1,1.0
3531,0,0.0
3532,0,0.0
3533,0,0.0
3534,0,0.0
3535,1,0.05
3536,1,1.0
3537,1,0.08
3538,0,0.0
3539,1,0.02
3540,1,1.0
3541,0,0.0
3542,0,0.01
3543,1,0.34
3544,1,0.03
3545,0,0.0
3546,1,1.0
3547,0,0.0
3548,0,0.0
3549,1,1.0
3550,1,1.0
3551,0,0.99
3552,1,1.0
3553,0,0.0
3554,1,1.0
3555,1,0.36
3556,1,0.0
3557,1,1.0
3558,0,0.0
3559,1,0.15
3560,1,0.09
3561,1,0.56
3562,1,1.0
3563,0,0.0
3564,0,0.0
3565,1,0.22
3566,0,0.0
3567,1,0.57
3568,1,1.0
3569,1,0.08
3570,0,0.08
3571,0,0.0
3572,1,1.0
3573,1,0.49
3574,0,0.01
3575,0,0.0
3576,0,0.0
3577,1,0.32
3578,0,0.0
3579,1,1.0
3580,1,0.28
3581,1,0.99
3582,1,0.01
3583,0,0.0
3584,1,1.0
3585,1,0.88
3586,1,1.0
3587,1,0.99
3588,1,0.25
3589,1,1.0
3590,1,0.86
3591,0,0.0
3592,0,0.0
3593,1,1.0
3594,0,0.0
3595,0,0.0
3596,1,1.0
3597,0,0.0
3598,1,1.0
3599,1,1.0
3600,0,0.0
3601,1,0.47
3602,1,1.0
3603,0,0.0
3604,0,0.0
3605,0,0.0
3606,1,1.0
3607,1,0.1
3608,1,1.0
3609,1,1.0
3610,1,1.0
3611,1,0.96
3612,0,0.0
3613,0,0.02
3614,0,0.0
3615,0,0.0
3616,1,1.0
3617,1,0.67
3618,0,0.0
3619,1,1.0
3620,1,1.0
3621,1,0.75
3622,1,1.0
3623,1,1.0
3624,1,0.6
3625,0,0.0
3626,1,0.04
3627,0,0.0
3628,1,1.0
3629,0,0.0
3630,1,1.0
3631,1,1.0
3632,1,0.99
3633,0,0.01
3634,0,0.0
3635,1,1.0
3636,1,1.0
3637,1,0.97
3638,0,0.0
3639,0,0.0
3640,1,0.92
3641,1,0.8683
3642,1,1.0
3643,0,0.0
3644,0,0.19
3645,1,1.0
3646,1,0.99
3647,1,1.0
3648,1,0.42
3649,1,0.72
3650,0,0.0
3651,1,1.0
3652,1,0.14
3653,1,0.99
3654,1,0.6
3655,1,0.24
3656,0,0.0
3657,1,0.07
3658,1,1.0
3659,1,1.0
3660,1,0.99
3661,1,1.0
3662,0,0.31
3663,1,0.11
3664,1,0.99
3665,1,1.0
3666,0,0.0
3667,0,0.0
3668,1,1.0
3669,1,1.0
3670,1,1.0
3671,1,1.0
3672,1,0.37
3673,0,0.22
3674,1,1.0
3675,1,1.0
3676,1,0.05
3677,0,0.0
3678,0,0.0
3679,1,0.19
3680,1,1.0
3681,1,0.97
3682,0,0.22
3683,1,1.0
3684,1,0.21
3685,0,0.01
3686,0,0.0
3687,1,0.97
3688,1,1.0
3689,1,0.06
3690,1,1.0
3691,0,0.2
3692,1,1.0
3693,1,0.85
3694,1,0.98
3695,1,1.0
3696,0,0.0
3697,1,0.3
3698,1,0.99
3699,1,1.0
3700,0,0.0
3701,0,0.0
3702,0,0.0
3703,0,0.0
3704,1,0.35
3705,1,0.07
3706,1,0.51
3707,1,0.11
3708,1,1.0
3709,0,0.0
3710,0,0.0
3711,0,0.0
3712,1,0.24
3713,0,0.0
3714,1,1.0
3715,0,0.0
3716,1,1.0
3717,1,0.52
3718,1,1.0
3719,1,0.09
3720,1,0.7
3721,1,1.0
3722,1,0.96
3723,0,0.0
3724,1,0.86
3725,0,0.0
3726,1,0.97
3727,1,0.03
3728,0,0.0
3729,1,0.25
3730,0,0.0
3731,1,0.12
3732,1,0.05
3733,0,0.0
3734,0,0.0
3735,1,0.89
3736,1,0.07
3737,0,0.0
3738,1,0.49
3739,0,0.0
3740,0,0.0
3741,0,0.0
3742,0,0.0
3743,1,1.0
3744,0,0.0
3745,1,0.36
3746,0,0.0
3747,0,0.2
3748,1,1.0
3749,0,0.0
3750,0,0.0
3751,1,0.87
3752,0,0.0
3753,0,0.0
3754,1,1.0
3755,1,0.09
3756,0,0.0
3757,0,0.0
3758,0,0.0
3759,0,0.0
3760,1,0.07
3761,1,0.08
3762,0,0.0
3763,1,0.47
3764,1,0.36
3765,1,0.96
3766,1,0.5
3767,1,0.47
3768,0,0.0
3769,1,0.93
3770,1,0.07
3771,1,1.0
3772,0,0.0
3773,1,1.0
3774,1,1.0
3775,0,0.39
3776,1,1.0
3777,1,0.51
3778,1,1.0
3779,1,1.0
3780,1,0.51
3781,1,0.39
3782,1,0.27
3783,1,0.24
3784,1,0.99
3785,0,0.0
3786,1,0.55
3787,0,0.0
3788,1,0.59
3789,0,0.0
3790,0,0.0
3791,0,0.0
3792,1,0.56
3793,0,0.0
3794,0,0.0
3795,0,0.0
3796,1,0.99
3797,0,0.02
3798,1,1.0
3799,1,0.1
3800,0,0.2
3801,0,0.0
3802,0,0.0
3803,1,0.41
3804,1,1.0
3805,0,0.0
3806,0,0.0
3807,1,0.3
3808,1,0.8033
3809,1,1.0
3810,1,1.0
3811,1,1.0
3812,1,0.02
3813,1,0.57
3814,0,0.0
3815,0,0.0
3816,1,1.0
3817,0,0.0
3818,1,1.0
3819,1,0.04
3820,0,0.0
3821,1,1.0
3822,1,1.0
3823,1,1.0
3824,1,1.0
3825,1,0.99
3826,1,0.02
3827,0,0.2
3828,0,0.0
3829,0,0.0
3830,0,0.0
3831,1,0.04
3832,1,1.0
3833,1,1.0
3834,1,1.0
3835,1,1.0
3836,1,0.1
3837,1,1.0
3838,0,0.0
3839,1,0.02
3840,0,0.0
3841,1,1.0
3842,1,0.47
3843,0,0.0
3844,1,0.08
3845,1,0.99
3846,1,0.07
3847,1,1.0
3848,0,0.0
3849,1,1.0
3850,1,0.26
3851,0,0.0
3852,1,1.0
3853,1,0.28
3854,1,0.91
3855,1,0.7033
3856,1,1.0
3857,1,0.02
3858,1,0.02
3859,1,0.34
3860,1,1.0
3861,0,0.2
3862,1,0.09
3863,0,0.2
3864,0,0.0
3865,1,0.88
3866,0,0.0
3867,1,1.0
3868,0,0.0
3869,0,0.0
3870,0,0.03
3871,1,1.0
3872,0,0.0
3873,1,0.56
3874,1,0.14
3875,1,0.97
3876,0,0.0
3877,1,1.0
3878,1,0.24
3879,1,1.0
3880,0,0.0
3881,1,1.0
3882,0,1.0
3883,1,0.05
3884,1,1.0
3885,0,0.0
3886,0,0.0
3887,1,0.43
3888,1,1.0
3889,1,0.99
3890,0,0.0
3891,0,0.05
3892,1,0.97
3893,1,0.98
3894,0,0.2
3895,0,0.0
3896,1,1.0
3897,1,0.03
3898,1,0.52
3899,1,1.0
3900,0,0.0
3901,0,0.0
3902,1,1.0
3903,1,0.88
3904,1,1.0
3905,1,0.12
3906,0,0.0
3907,1,1.0
3908,0,0.0
3909,1,0.39
3910,0,0.0
3911,0,0.0
3912,0,0.0
3913,1,0.07
3914,1,0.03
3915,0,0.0
3916,1,0.97
3917,1,0.01
3918,1,1.0
3919,0,0.0
3920,0,0.0
3921,0,0.01
3922,1,0.3
3923,0,0.97
3924,0,0.01
3925,0,0.0
3926,0,0.0
3927,1,0.22
3928,1,1.0
3929,0,0.0
3930,1,0.03
3931,1,0.1
3932,0,0.0
3933,0,0.01
3934,0,0.0
3935,1,0.7708
3936,1,0.76
3937,1,0.0
3938,1,0.3
3939,1,1.0
3940,1,1.0
3941,0,0.0
3942,1,1.0
3943,0,0.0
3944,0,0.0
3945,1,1.0
3946,0,0.0
3947,1,0.03
3948,0,0.0
3949,1,0.03
3950,1,0.21
3951,0,0.0
3952,0,0.03
3953,1,1.0
3954,1,1.0
3955,0,0.06
3956,1,0.04
3957,0,0.0
3958,1,1.0
3959,1,0.04
3960,1,0.07
3961,1,0.24
3962,1,0.04
3963,1,1.0
3964,1,0.67
3965,0,0.0
3966,1,0.9
3967,1,0.28
3968,0,0.0
3969,1,1.0
3970,1,1.0
3971,0,0.2
3972,0,0.0
3973,0,0.0
3974,0,0.0
3975,1,0.695
3976,1,0.56
3977,1,0.49
3978,1,0.07
3979,1,0.09
3980,0,0.0
3981,0,0.01
3982,1,0.23
3983,0,0.0
3984,0,0.0
3985,1,0.14
3986,0,0.0
3987,1,1.0
3988,1,1.0
3989,0,0.0
3990,1,0.89
3991,0,0.0
3992,1,0.05
3993,0,0.0
3994,0,0.0
3995,0,0.0
3996,1,1.0
3997,0,0.0
3998,1,1.0
3999,1,0.22
4000,1,0.47
4001,0,0.0
4002,0,0.0
4003,1,0.37
4004,1,1.0
4005,1,1.0
4006,1,0.96
4007,1,1.0
4008,0,0.0
4009,1,0.39
4010,1,0.27
4011,1,0.35
4012,1,0.43
4013,0,0.0
4014,1,1.0
4015,1,0.01
4016,0,0.0
4017,1,0.99
4018,1,0.86
4019,1,0.02
4020,1,1.0
4021,0,0.0
4022,0,0.0
4023,1,1.0
4024,1,1.0
4025,1,0.0
4026,0,0.16
4027,0,0.0
4028,1,0.11
4029,1,1.0
4030,0,0.1
4031,1,1.0
4032,0,0.0
4033,1,1.0
4034,1,1.0
4035,1,1.0
4036,0,0.0
4037,0,0.0
4038,1,0.05
4039,1,0.96
4040,0,0.0
4041,0,0.0
4042,1,0.53
4043,1,1.0
4044,1,0.97
4045,0,0.0
4046,1,0.11
4047,1,1.0
4048,0,0.2
4049,0,0.0
4050,0,0.05
4051,1,1.0
4052,1,0.14
4053,1,0.9
4054,1,1.0
4055,1,0.99
4056,1,1.0
4057,1,0.08
4058,0,0.0
4059,0,0.0
4060,0,0.03
4061,1,0.46
4062,1,1.0
4063,0,0.0
4064,1,1.0
4065,0,0.0
4066,1,1.0
4067,1,0.36
4068,1,1.0
4069,1,0.97
4070,1,1.0
4071,1,0.09
4072,0,0.0
4073,1,0.53
4074,0,0.0
4075,1,0.0
4076,0,0.0
4077,1,0.98
4078,1,1.0
4079,0,0.0
4080,1,1.0
4081,0,0.0
4082,0,0.18
4083,0,0.0
4084,0,0.0
4085,0,0.98
4086,1,0.98
4087,1,1.0
4088,1,1.0
4089,0,0.0
4090,0,0.0
4091,0,0.0
4092,0,0.0
4093,1,0.97
4094,0,0.02
4095,1,0.95
4096,1,0.15
4097,0,0.0
4098,0,0.0
4099,1,0.11
4100,1,1.0
4101,1,0.0
4102,0,0.0
4103,0,0.0
4104,1,0.47
4105,1,0.54
4106,1,1.0
4107,0,0.0
4108,1,0.02
4109,1,0.25
4110,1,0.19
4111,1,1.0
4112,1,1.0
4113,1,0.98
4114,1,1.0
4115,0,0.2
4116,1,1.0
4117,1,0.96
4118,1,1.0
4119,0,0.0
4120,0,0.0
4121,0,0.0
4122,1,1.0
4123,0,0.0
4124,1,0.13
4125,1,1.0
4126,0,0.0
4127,1,0.42
4128,1,0.82
4129,0,0.0
4130,1,1.0
4131,0,0.0
4132,0,0.0
4133,1,0.16
4134,0,0.0
4135,0,0.0
4136,0,0.0
4137,1,0.02
4138,0,0.0
4139,1,1.0
4140,1,1.0
4141,1,0.02
4142,1,0.44
4143,1,1.0
4144,0,0.0
4145,0,0.0
4146,1,0.4
4147,0,0.0
4148,1,0.98
4149,1,0.03
4150,1,0.98
4151,1,0.23
4152,0,0.0
4153,0,0.0
4154,0,0.0
4155,0,0.0
4156,0,0.0
4157,1,0.25
4158,1,0.11
4159,0,0.0
4160,0,0.0
4161,0,0.0
4162,1,0.01
4163,0,0.0
4164,0,0.0
4165,0,0.0
4166,1,0.05
4167,1,0.29
4168,1,0.08
4169,1,1.0
4170,1,0.12
4171,1,0.1
4172,0,0.0
4173,1,1.0
4174,1,0.88
4175,0,0.0
4176,1,0.98
4177,0,0.0
4178,1,0.68
4179,1,0.04
4180,0,0.0
4181,1,1.0
4182,0,0.0
4183,0,0.0
4184,1,1.0
4185,0,0.0
4186,1,0.02
4187,1,0.14
4188,0,0.0
4189,0,0.01
4190,1,1.0
4191,0,0.0
4192,1,0.53
4193,1,1.0
4194,0,0.0
4195,0,1.0
4196,0,0.0
4197,0,0.0
4198,1,1.0
4199,0,0.0
4200,1,0.01
4201,0,0.0
4202,0,0.14
4203,1,0.47
4204,1,0.16
4205,1,0.05
4206,1,0.06
4207,0,0.0
4208,0,0.0
4209,1,0.09
4210,1,1.0
4211,0,0.0
4212,1,1.0
4213,1,1.0
4214,1,0.45
4215,0,0.0
4216,1,0.54
4217,0,0.0
4218,0,0.0
4219,1,0.05
4220,1,0.01
4221,1,1.0
4222,1,0.72
4223,1,1.0
4224,1,0.51
4225,0,0.0
4226,1,0.97
4227,0,0.0
4228,1,0.98
4229,0,0.0
4230,1,0.08
4231,1,1.0
4232,1,0.96
4233,1,0.09
4234,1,1.0
4235,1,0.02
4236,1,1.0
4237,0,0.0
4238,0,0.0
4239,0,0.0
4240,1,0.04
4241,0,0.0
4242,0,0.0
4243,0,0.0
4244,1,0.03
4245,1,1.0
4246,1,0.31
4247,1,0.23
4248,1,0.0
4249,1,0.58
4250,0,0.05
4251,1,1.0
4252,1,1.0
4253,1,0.86
4254,1,1.0
4255,1,1.0
4256,0,0.0
4257,0,0.0
4258,1,0.39
4259,0,0.0
4260,1,1.0
4261,0,0.0
4262,1,1.0
4263,1,1.0
4264,0,0.0
4265,0,0.0
4266,0,0.0
4267,1,0.25
4268,1,0.44
4269,0,0.0
4270,1,0.1
4271,1,1.0
4272,1,1.0
4273,0,0.0
4274,1,0.99
4275,1,1.0
4276,0,0.0
4277,1,0.06
4278,1,0.49
4279,0,0.0
4280,1,1.0
4281,1,0.05
4282,1,0.79
4283,1,1.0
4284,1,1.0
4285,0,0.0
4286,1,1.0
4287,1,1.0
4288,0,0.0
4289,1,0.43
4290,0,0.0
4291,1,0.1
4292,1,0.42
4293,1,0.04
4294,1,0.14
4295,1,1.0
4296,0,0.0
4297,0,0.0
4298,1,0.3
4299,1,1.0
4300,1,1.0
4301,0,0.0
4302,1,0.37
4303,1,1.0
4304,1,0.77
4305,0,0.27
4306,0,0.0
4307,1,0.43
4308,1,0.0
4309,0,0.0
4310,0,0.0
4311,1,0.64
4312,1,1.0
4313,0,0.0
4314,1,1.0
4315,1,1.0
4316,0,0.0
4317,0,0.0
4318,1,1.0
4319,0,0.0
4320,1,0.43
4321,0,0.0
4322,0,0.0
4323,1,0.25
4324,0,0.0
4325,1,0.0
4326,0,0.0
4327,0,0.0
4328,1,1.0
4329,1,1.0
4330,0,0.0
4331,0,0.0
4332,1,1.0
4333,1,0.22
4334,1,0.03
4335,1,1.0
4336,1,0.17
4337,1,0.47
4338,1,1.0
4339,1,0.78
4340,1,1.0
4341,0,0.0
4342,0,0.0
4343,0,0.0
4344,1,0.39
4345,0,0.0
4346,1,0.65
4347,1,0.55
4348,1,0.85
4349,0,0.0
4350,0,0.0
4351,0,0.0
4352,1,0.22
4353,1,1.0
4354,1,1.0
4355,0,0.2
4356,1,1.0
4357,0,0.0
4358,0,0.0
4359,0,0.0
4360,1,0.12
4361,1,0.05
4362,1,0.03
4363,0,0.0
4364,0,0.0
4365,1,1.0
4366,0,0.0
4367,1,1.0
4368,0,0.0
4369,1,1.0
4370,0,0.05
4371,0,0.0
4372,0,0.0
4373,1,1.0
4374,1,0.23
4375,1,1.0
4376,0,0.0
4377,1,1.0
4378,1,1.0
4379,0,0.0
4380,0,0.0
4381,1,0.35
4382,1,0.09
4383,1,0.11
4384,0,0.0
4385,0,0.0
4386,1,1.0
4387,0,0.0
4388,1,1.0
4389,0,0.0
4390,1,0.47
4391,1,1.0
4392,1,0.05
4393,1,0.31
4394,0,0.0
4395,0,0.0
4396,0,0.0
4397,0,0.0
4398,0,0.0
4399,1,0.04
4400,0,0.0
4401,1,1.0
4402,0,0.0
4403,0,0.0
4404,1,1.0
4405,0,0.21
4406,1,0.99
4407,1,0.98
4408,0,0.0
4409,1,1.0
4410,0,0.18
4411,1,0.16
4412,0,0.0
4413,0,0.0
4414,1,0.99
4415,1,0.17
4416,0,0.02
4417,0,0.9
4418,1,1.0
4419,0,0.0
4420,0,0.0
4421,1,1.0
4422,1,1.0
4423,0,0.2
4424,0,0.0
4425,1,1.0
4426,1,0.99
4427,1,1.0
4428,1,1.0
4429,0,0.0
4430,1,1.0
4431,1,0.24
4432,0,0.0
4433,1,1.0
4434,1,0.54
4435,0,0.0
4436,1,0.51
4437,1,0.1
4438,1,1.0
4439,0,0.0
4440,0,0.0
4441,0,0.0
4442,0,0.0
4443,1,0.28
4444,1,0.54
4445,1,1.0
4446,1,0.94
4447,1,0.66
4448,1,0.03
4449,0,0.0
4450,0,0.0
4451,1,0.45
4452,1,1.0
4453,0,0.0
4454,1,1.0
4455,0,0.0
4456,0,0.0
4457,1,0.43
4458,1,1.0
4459,0,0.0
4460,1,0.01
4461,0,0.0
4462,0,0.0
4463,0,0.0
4464,0,0.0
4465,0,0.0
4466,0,0.0
4467,1,0.08
4468,0,0.99
4469,0,0.0
4470,0,0.0
4471,0,0.0
4472,1,0.03
4473,1,1.0
4474,1,1.0
4475,0,0.0
4476,1,0.88
4477,0,0.0
4478,1,0.61
4479,0,0.0
4480,1,1.0
4481,0,0.0
4482,1,0.37
4483,0,0.0
4484,1,0.09
4485,0,0.0
4486,1,0.1
4487,0,0.0
4488,1,1.0
4489,0,0.0
4490,0,0.0
4491,1,1.0
4492,0,0.0
4493,0,0.0
4494,1,1.0
4495,1,1.0
4496,1,0.9833
4497,1,1.0
4498,1,1.0
4499,0,0.21
4500,1,0.17
4501,0,0.0
4502,0,0.0
4503,0,0.0
4504,0,0.0
4505,0,0.0
4506,1,0.72
4507,1,1.0
4508,1,1.0
4509,0,0.0
4510,0,0.0
4511,1,0.31
4512,0,0.0
4513,0,0.0
4514,0,0.0
4515,1,0.59
4516,0,0.0
4517,1,0.99
4518,1,1.0
4519,1,1.0
4520,1,1.0
4521,0,0.0
4522,1,1.0
4523,1,0.99
4524,1,0.32
4525,0,0.0
4526,1,1.0
4527,1,1.0
4528,0,0.0
4529,1,0.99
4530,1,1.0
4531,0,0.0
4532,0,0.0
4533,1,0.04
4534,1,0.13
4535,1,0.14
4536,0,0.0
4537,1,1.0
4538,0,0.0
4539,0,0.0
4540,1,0.29
4541,1,0.99
4542,0,0.0
4543,1,0.02
4544,0,0.0
4545,0,0.0
4546,0,0.0
4547,0,0.0
4548,1,0.36
4549,1,1.0
4550,1,1.0
4551,1,1.0
4552,0,0.0
4553,1,1.0
4554,0,0.0
4555,1,1.0
4556,1,0.09
4557,0,0.0
4558,1,1.0
4559,0,0.0
4560,1,0.28
4561,1,0.09
4562,1,1.0
4563,1,1.0
4564,1,0.61
4565,0,0.0
4566,1,0.05
4567,1,1.0
4568,1,0.04
4569,0,0.0
4570,0,0.0
4571,0,0.0
4572,1,0.53
4573,1,1.0
4574,0,0.0
4575,0,0.52
4576,1,1.0
4577,0,0.0
4578,1,0.97
4579,1,0.09
4580,1,0.09
4581,1,0.47
4582,1,1.0
4583,1,1.0
4584,1,1.0
4585,0,0.0
4586,1,0.03
4587,1,1.0
4588,1,1.0
4589,0,0.0
4590,1,0.45
4591,1,0.35
4592,0,0.0
4593,0,0.0
4594,1,0.04
4595,0,0.0
4596,0,0.0
4597,1,0.36
4598,1,1.0
4599,0,0.0
4600,0,0.0
4601,0,0.08
4602,0,0.0
4603,0,0.0
4604,1,1.0
4605,0,0.0
4606,0,0.0
4607,1,0.01
4608,1,1.0
4609,0,0.0
4610,1,0.17
4611,0,0.96
4612,0,0.0
4613,1,1.0
4614,1,0.13
4615,0,0.0
4616,0,0.0
4617,1,1.0
4618,1,0.94
4619,1,0.66
4620,0,0.0
4621,1,0.03
4622,0,0.0
4623,1,1.0
4624,1,1.0
4625,0,0.94
4626,1,0.09
4627,0,0.0
4628,1,0.21
4629,1,1.0
4630,1,0.05
4631,0,0.0
4632,1,0.96
4633,0,0.0
4634,0,0.0
4635,0,0.0
4636,0,0.0
4637,0,0.0
4638,1,0.02
4639,0,0.0
4640,1,0.25
4641,0,0.0
4642,0,0.0
4643,1,0.01
4644,0,0.98
4645,1,1.0
4646,1,0.16
4647,0,0.0
4648,1,0.26
4649,1,0.08
4650,1,0.08
4651,0,0.0
4652,1,1.0
4653,0,0.0
4654,1,0.97
4655,1,1.0
4656,1,0.2
4657,1,1.0
4658,1,1.0
4659,1,0.18
4660,1,1.0
4661,1,1.0
4662,1,0.22
4663,0,0.01
4664,0,0.0
4665,0,0.0
4666,1,0.26
4667,1,0.12
4668,0,0.0
4669,1,0.97
4670,0,0.0
4671,1,1.0
4672,1,0.34
4673,0,0.02
4674,0,0.0
4675,0,0.0
4676,1,0.4
4677,1,1.0
4678,1,1.0
4679,1,1.0
4680,1,1.0
4681,1,1.0
4682,1,0.97
4683,0,0.0
4684,0,0.0
4685,0,0.0
4686,1,1.0
4687,0,0.0
4688,1,1.0
4689,1,0.48
4690,0,0.0
4691,1,0.294
4692,1,0.9
4693,0,0.0
4694,1,1.0
4695,1,1.0
4696,1,0.24
4697,1,1.0
4698,1,0.61
4699,0,0.0
4700,0,0.01
4701,0,0.0
4702,0,0.0
4703,1,0.84
4704,0,0.0
4705,0,0.0
4706,0,0.0
4707,1,0.3
4708,1,0.97
4709,1,0.52
4710,1,0.12
4711,0,0.19
4712,0,0.0
4713,1,0.45
4714,0,0.14
4715,1,1.0
4716,1,0.07
4717,0,0.01
4718,1,1.0
4719,0,0.0
4720,0,0.0
4721,0,0.0
4722,1,0.01
4723,1,1.0
4724,0,0.0
4725,0,0.0
4726,1,0.55
4727,0,0.0
4728,1,0.03
4729,0,0.0
4730,0,0.0
4731,0,0.0
4732,0,0.0
4733,0,0.0
4734,1,0.01
4735,1,0.56
4736,0,0.0
4737,0,0.0
4738,0,0.0
4739,1,1.0
4740,1,0.43
4741,0,0.0
4742,1,0.28
4743,1,1.0
4744,1,0.24
4745,0,0.0
4746,1,1.0
4747,1,0.08
4748,1,0.06
4749,0,0.0
4750,0,0.0
4751,1,0.33
4752,0,0.0
4753,1,1.0
4754,0,0.01
4755,0,0.0
4756,1,1.0
4757,1,0.47
4758,1,1.0
4759,1,1.0
4760,1,1.0
4761,1,1.0
4762,1,0.98
4763,0,0.0
4764,0,0.0
4765,1,0.29
4766,1,0.58
4767,0,0.0
4768,1,1.0
4769,1,1.0
4770,1,0.06
4771,1,0.4
4772,1,0.4
4773,0,0.0
4774,0,0.0
4775,1,0.13
4776,1,0.08
4777,1,1.0
4778,1,0.97
4779,1,1.0
4780,0,0.0
4781,0,0.0
4782,1,0.46
4783,1,1.0
4784,0,0.0
4785,1,0.97
4786,1,0.14
4787,1,0.96
4788,1,0.11
4789,0,0.0
4790,1,1.0
4791,1,0.09
4792,0,0.0
4793,0,0.0
4794,0,0.0
4795,1,0.09
4796,0,0.0
4797,1,1.0
4798,0,0.0
4799,0,0.0
4800,1,0.25
4801,0,0.0
4802,1,0.93
4803,0,0.0
4804,1,1.0
4805,1,0.05
4806,1,1.0
4807,1,0.76
4808,0,0.2
4809,0,0.0
4810,0,0.0
4811,0,0.0
4812,1,0.03
4813,1,0.19
4814,0,0.0
4815,1,0.1
4816,0,0.0
4817,0,0.0
4818,0,0.0
4819,0,0.0
4820,1,1.0
4821,0,0.0
4822,0,0.2
4823,1,0.26
4824,1,0.47
4825,1,1.0
4826,1,1.0
4827,1,0.15
4828,1,0.16
4829,0,0.02
4830,0,0.0
4831,0,0.0
4832,1,1.0
4833,1,0.01
4834,1,1.0
4835,0,0.0
4836,0,0.0
4837,1,1.0
4838,0,0.0
4839,0,0.0
4840,1,1.0
4841,0,0.0
4842,1,0.04
4843,1,1.0
4844,1,1.0
4845,0,0.0
4846,0,0.12
4847,1,0.11
4848,0,0.0
4849,1,0.97
4850,1,1.0
4851,0,0.0
4852,1,0.09
4853,1,0.24
4854,0,0.2
4855,0,0.0
4856,1,1.0
4857,1,0.97
4858,1,1.0
4859,1,0.16
4860,1,1.0
4861,1,1.0
4862,1,1.0
4863,0,1.0
4864,0,0.0
4865,1,0.54
4866,0,0.0
4867,0,0.2
4868,0,0.0
4869,0,0.8
4870,0,0.0
4871,0,0.0
4872,1,1.0
4873,1,0.03
4874,1,1.0
4875,1,0.14
4876,1,1.0
4877,1,0.25
4878,1,0.24
4879,0,0.01
4880,0,0.0
4881,1,0.12
4882,1,0.49
4883,0,0.0
4884,1,1.0
4885,1,0.07
4886,1,1.0
4887,1,1.0
4888,0,0.0
4889,1,0.09
4890,0,0.3
4891,0,0.0
4892,1,0.6417
4893,0,0.0
4894,1,0.98
4895,0,0.97
4896,1,1.0
4897,0,0.01
4898,1,1.0
4899,1,1.0
4900,1,1.0
4901,1,0.29
4902,1,0.03
4903,1,1.0
4904,1,1.0
4905,0,0.0
4906,0,0.0
4907,0,0.0
4908,0,0.0
4909,0,0.0
4910,0,0.0
4911,0,0.0
4912,1,1.0
4913,1,0.02
4914,0,0.0
4915,1,0.03
4916,1,0.03
4917,1,0.45
4918,1,1.0
4919,1,1.0
4920,1,0.11
4921,0,0.19
4922,0,0.0
4923,1,0.02
4924,1,1.0
4925,1,0.01
4926,0,0.0
4927,1,1.0
4928,1,1.0
4929,1,1.0
4930,1,1.0
4931,0,0.0
4932,0,0.0
4933,1,1.0
4934,0,0.0
4935,0,0.0
4936,0,0.0
4937,1,1.0
4938,1,0.53
4939,0,0.0
4940,0,0.0
4941,1,0.71
4942,1,0.99
4943,1,0.41
4944,1,1.0
4945,0,0.0
4946,1,0.98
4947,1,0.25
4948,0,0.0
4949,1,0.13
4950,1,1.0
4951,1,0.48
4952,0,0.0
4953,1,0.1533
4954,1,0.38
4955,0,0.0
4956,1,1.0
4957,0,0.0
4958,1,0.03
4959,0,0.0
4960,0,0.0
4961,1,1.0
4962,0,0.0
4963,1,1.0
4964,1,1.0
4965,1,1.0
4966,1,0.99
4967,1,0.09
4968,0,0.0
4969,0,0.0
4970,1,1.0
4971,1,0.35
4972,0,0.0
4973,0,0.0
4974,1,0.11
4975,1,0.99
4976,0,0.0
4977,1,0.1
4978,0,0.02
4979,1,0.72
4980,0,0.0
4981,1,0.97
4982,0,0.2
4983,0,0.01
4984,1,0.99
4985,0,0.0
4986,1,0.16
4987,1,1.0
4988,1,0.02
4989,1,0.26
4990,0,0.0
4991,0,0.01
4992,1,1.0
4993,1,0.11
4994,0,0.0
4995,0,0.0
4996,0,0.0
4997,1,0.08
4998,1,1.0
4999,0,0.0
5000,0,0.0
5001,1,1.0
5002,1,1.0
5003,1,0.1
5004,1,0.09
5005,0,0.02
5006,0,0.0
5007,1,0.01
5008,0,0.0
5009,1,0.83
5010,0,0.0
5011,0,0.2
5012,0,0.0
5013,1,1.0
5014,0,0.0
5015,1,0.09
5016,1,0.18
5017,0,0.0
5018,0,0.0
5019,0,0.0
5020,1,1.0
5021,0,0.0
5022,1,0.01
5023,0,0.0
5024,1,1.0
5025,1,0.67
5026,0,0.0
5027,1,1.0
5028,0,0.0
5029,1,0.97
5030,0,0.0
5031,0,0.0
5032,1,0.04
5033,1,1.0
5034,1,0.08
5035,1,0.47
5036,1,0.19
5037,1,0.5
5038,1,0.11
5039,0,0.0
5040,0,0.03
5041,1,1.0
5042,1,1.0
5043,0,0.0
5044,0,0.97
5045,1,1.0
5046,1,1.0
5047,1,1.0
5048,1,1.0
5049,0,0.89
5050,1,1.0
5051,1,0.29
5052,1,1.0
5053,1,0.57
5054,0,0.0
5055,0,0.0
5056,0,0.0
5057,1,0.06
5058,1,0.26
5059,1,0.07
5060,1,0.06
5061,1,0.11
5062,1,0.08
5063,1,1.0
5064,1,0.49
5065,1,1.0
5066,1,0.17
5067,0,0.0
5068,1,1.0
5069,1,0.28
5070,0,0.0
5071,1,1.0
5072,1,1.0
5073,0,0.0
5074,1,0.2
5075,0,0.01
5076,0,0.0
5077,1,0.77
5078,0,0.0
5079,0,0.0
5080,1,0.99
5081,1,0.99
5082,1,0.65
5083,0,0.0
5084,0,0.0
5085,1,0.99
5086,0,0.0
5087,0,0.0
5088,1,0.97
5089,0,0.0
5090,1,1.0
5091,0,0.01
5092,1,1.0
5093,1,1.0
5094,1,0.1
5095,0,0.17
5096,1,1.0
5097,0,0.28
5098,1,1.0
5099,0,0.0
5100,1,1.0
5101,1,1.0
5102,0,0.0
5103,0,0.0
5104,1,1.0
5105,0,0.0
5106,1,0.16
5107,0,0.0
5108,1,0.99
5109,1,0.4
5110,1,1.0
5111,1,0.99
5112,1,0.66
5113,1,0.53
5114,1,1.0
5115,0,0.0
5116,0,0.0
5117,1,0.46
5118,1,0.97
5119,0,0.0
5120,0,0.0
5121,1,0.09
5122,0,0.0
5123,1,1.0
5124,1,1.0
5125,1,1.0
5126,1,0.41
5127,1,1.0
5128,1,1.0
5129,1,1.0
5130,1,1.0
5131,1,1.0
5132,0,0.0
5133,0,0.0
5134,0,0.0
5135,0,0.0
5136,1,0.52
5137,1,0.34
5138,0,0.33
5139,1,0.33
5140,1,1.0
5141,0,0.0
5142,0,0.0
5143,1,0.75
5144,1,0.47
5145,1,0.98
5146,1,0.16
5147,1,1.0
5148,1,1.0
5149,1,1.0
5150,1,1.0
5151,0,0.0
5152,0,0.0
5153,0,0.0
5154,0,0.0
5155,0,0.15
5156,0,0.0
5157,0,0.0
5158,1,1.0
5159,0,0.07
5160,0,0.0
5161,1,1.0
5162,1,0.09
5163,0,0.0
5164,1,0.38
5165,0,0.0
5166,1,1.0
5167,1,1.0
5168,0,0.0
5169,0,0.2
5170,0,0.0
5171,1,0.97
5172,1,0.53
5173,0,0.0
5174,1,1.0
5175,1,0.3
5176,1,1.0
5177,1,1.0
5178,0,0.0
5179,1,1.0
5180,1,0.08
5181,1,0.0
5182,1,0.1
5183,1,0.68
5184,1,1.0
5185,0,0.0
5186,0,0.0
5187,1,0.24
5188,0,0.0
5189,1,0.05
5190,0,0.0
5191,1,1.0
5192,0,0.0
5193,1,1.0
5194,1,0.0
5195,1,0.29
5196,0,0.0
5197,1,1.0
5198,1,1.0
5199,1,0.14
5200,0,0.0
5201,1,1.0
5202,0,0.0
5203,1,1.0
5204,0,0.0
5205,1,1.0
5206,1,1.0
5207,1,0.9833
5208,0,0.0
5209,0,0.0
5210,0,0.0
5211,1,0.09
5212,1,0.97
5213,1,1.0
5214,1,0.86
5215,1,0.47
5216,0,0.0
5217,0,0.0
5218,1,1.0
5219,1,0.17
5220,1,1.0
5221,1,1.0
5222,1,0.46
5223,1,0.74
5224,0,0.0
5225,1,1.0
5226,1,1.0
5227,1,1.0
5228,1,1.0
5229,0,0.0
5230,0,0.0
5231,0,0.23
5232,0,0.0
5233,0,0.0
5234,1,0.54
5235,0,0.0
5236,1,1.0
5237,1,0.91
5238,1,1.0
5239,1,0.0
5240,0,0.0
5241,1,0.99
5242,0,0.2
5243,0,0.0
5244,1,0.54
5245,1,1.0
5246,0,0.68
5247,1,0.9
5248,1,0.77
5249,1,1.0
5250,0,0.14
5251,1,0.07
5252,0,0.54
5253,1,1.0
5254,1,1.0
5255,1,1.0
5256,1,0.92
5257,0,0.0
5258,1,0.06
5259,1,1.0
5260,0,0.0
5261,0,0.0
5262,0,0.0
5263,1,0.09
5264,0,0.0
5265,1,0.09
5266,0,0.0
5267,0,0.0
5268,1,0.02
5269,1,0.09
5270,0,0.0
5271,0,0.0
5272,0,0.0
5273,1,1.0
5274,0,0.0
5275,1,1.0
5276,0,0.0
5277,1,0.09
5278,1,1.0
5279,1,1.0
5280,0,0.0
5281,0,0.0
5282,1,0.08
5283,0,0.0
5284,0,0.0
5285,1,0.31
5286,0,0.2
5287,0,0.0
5288,1,0.99
5289,0,0.0
5290,1,1.0
5291,0,0.0
5292,1,0.99
5293,0,0.0
5294,1,0.09
5295,1,0.52
5296,0,1.0
5297,1,1.0
5298,1,0.15
5299,0,0.0
5300,1,0.27
5301,1,0.99
5302,0,0.0
5303,0,0.0
5304,0,0.0
5305,1,0.2467
5306,1,0.97
5307,1,0.07
5308,1,1.0
5309,1,0.0
5310,1,0.805
5311,0,0.0
5312,1,0.11
5313,1,1.0
5314,1,0.97
5315,1,0.0
5316,0,0.0
5317,0,0.0
5318,0,0.0
5319,1,1.0
5320,1,1.0
5321,0,0.0
5322,1,0.07
5323,1,1.0
5324,1,0.02
5325,0,0.0
5326,0,0.0
5327,0,0.0
5328,0,0.0
5329,0,0.0
5330,1,0.87
5331,1,0.05
5332,1,1.0
5333,0,1.0
5334,1,0.12
5335,1,0.36
5336,0,0.0
5337,0,0.0
5338,1,1.0
5339,1,0.89
5340,1,0.57
5341,1,1.0
5342,1,0.96
5343,1,1.0
5344,1,0.13
5345,1,1.0
5346,1,1.0
5347,1,1.0
5348,0,0.02
5349,1,1.0
5350,0,0.0
5351,1,1.0
5352,1,0.7
5353,1,1.0
5354,1,0.1
5355,0,0.0
5356,1,0.97
5357,1,0.14
5358,0,0.28
5359,0,0.0
5360,1,0.69
5361,0,0.01
5362,1,1.0
5363,1,1.0
5364,1,1.0
5365,0,0.0
5366,0,0.0
5367,0,0.0
5368,0,0.015
5369,0,0.0
5370,1,0.0
5371,1,0.3
5372,0,0.0
5373,0,0.21
5374,1,1.0
5375,0,0.0
5376,0,0.0
5377,1,1.0
5378,0,0.0
5379,1,0.1
5380,1,0.04
5381,1,0.94
5382,1,1.0
5383,1,0.01
5384,0,0.01
5385,0,0.0
5386,1,0.22
5387,0,0.21
5388,1,0.9
5389,1,0.11
5390,1,0.5
5391,1,1.0
5392,1,1.0
5393,1,0.14
5394,0,0.0
5395,1,1.0
5396,0,0.0
5397,0,0.0
5398,1,1.0
5399,1,1.0
5400,1,0.07
5401,1,0.11
5402,1,0.0
5403,1,1.0
5404,0,0.0
5405,1,0.01
5406,1,0.08
5407,0,0.0
5408,0,0.0
5409,1,1.0
5410,1,0.21
5411,1,1.0
5412,1,0.11
5413,0,0.0
5414,0,0.0
5415,0,0.0
5416,1,0.76
5417,1,0.04
5418,1,1.0
5419,0,0.0
5420,1,0.07
5421,1,0.29
5422,1,0.25
5423,0,0.0
5424,0,0.0
5425,0,0.0
5426,1,1.0
5427,0,0.0
5428,1,0.07
5429,1,0.99
5430,1,0.01
5431,1,0.08
5432,1,1.0
5433,1,1.0
5434,1,0.86
5435,1,1.0
5436,1,0.29
5437,1,0.67
5438,1,1.0
5439,1,1.0
5440,1,0.42
5441,1,0.45
5442,1,1.0
5443,1,1.0
5444,1,1.0
5445,1,0.19
5446,1,0.15
5447,1,0.23
5448,0,0.21
5449,1,1.0
5450,0,0.2
5451,1,1.0
5452,1,1.0
5453,1,0.8483
5454,1,0.97
5455,0,0.0
5456,0,0.0
5457,1,0.02
5458,1,0.16
5459,1,0.1
5460,1,0.43
5461,0,0.29
5462,1,0.01
5463,0,0.0
5464,1,1.0
5465,1,1.0
5466,0,0.0
5467,1,0.97
5468,1,1.0
5469,1,1.0
5470,1,0.72
5471,1,1.0
5472,1,0.01
5473,1,1.0
5474,0,0.0
5475,0,0.0
5476,0,0.0
5477,0,0.0
5478,1,0.36
5479,1,0.02
5480,0,0.21
5481,1,1.0
5482,0,0.0
5483,1,0.99
5484,1,1.0
5485,1,0.04
5486,1,1.0
5487,1,1.0
5488,1,0.08
5489,1,0.59
5490,0,0.0
5491,1,1.0
5492,0,0.0
5493,0,0.04
5494,0,0.0
5495,0,0.0
5496,1,1.0
5497,1,1.0
5498,0,0.0
5499,0,0.0
5500,1,1.0
5501,1,1.0
5502,1,1.0
5503,1,1.0
5504,0,0.0
5505,0,0.0
5506,0,0.0
5507,0,0.0
5508,1,0.0
5509,1,0.14
5510,1,0.04
5511,0,0.0
5512,0,0.0
5513,1,0.05
5514,0,0.0
5515,0,0.0
5516,1,0.27
5517,1,1.0
5518,1,1.0
5519,0,0.0
5520,0,0.0
5521,0,0.0
5522,0,0.0
5523,1,1.0
5524,1,0.99
5525,0,0.2
5526,1,1.0
5527,0,0.0
5528,1,1.0
5529,1,1.0
5530,0,0.0
5531,1,0.01
5532,1,0.07
5533,0,0.01
5534,0,0.0
5535,1,0.49
5536,0,0.0
5537,0,0.05
5538,1,0.97
5539,0,0.0
5540,0,0.0
5541,0,0.0
5542,1,0.98
5543,1,0.19
5544,1,1.0
5545,1,0.26
5546,0,0.0
5547,0,0.0
5548,1,1.0
5549,1,1.0
5550,1,1.0
5551,1,0.11
5552,1,1.0
5553,0,0.0
5554,1,1.0
5555,1,0.78
5556,1,0.88
5557,0,0.0
5558,1,0.08
5559,0,0.19
5560,0,0.0
5561,1,0.38
5562,1,1.0
5563,1,1.0
5564,0,0.0
5565,0,0.0
5566,0,0.0
5567,0,0.0
5568,1,0.88
5569,1,1.0
5570,0,0.0
5571,1,0.03
5572,1,1.0
5573,1,0.99
5574,1,1.0
5575,1,0.14
5576,1,0.0
5577,0,0.0
5578,1,0.05
5579,1,1.0
5580,1,1.0
5581,0,0.05
5582,0,0.03
5583,0,0.0
5584,0,0.22
5585,1,1.0
5586,1,1.0
5587,1,1.0
5588,0,0.92
5589,1,0.31
5590,1,0.34
5591,1,0.36
5592,1,1.0
5593,0,0.0
5594,0,0.0
5595,0,0.03
5596,0,0.0
5597,1,1.0
5598,1,0.04
5599,1,0.95
5600,1,0.25
5601,0,0.0
5602,0,0.0
5603,0,0.0
5604,0,0.0
5605,1,1.0
5606,0,0.0
5607,1,1.0
5608,0,0.0
5609,1,1.0
5610,1,1.0
5611,1,0.27
5612,1,0.9
5613,1,0.87
5614,1,1.0
5615,0,0.0
5616,0,0.0
5617,1,1.0
5618,0,0.0
5619,1,0.06
5620,0,0.0
5621,1,1.0
5622,0,0.02
5623,0,0.0
5624,0,0.0
5625,0,0.0
5626,1,0.11
5627,1,0.28
5628,0,0.0
5629,1,1.0
5630,0,0.0
5631,1,1.0
5632,1,0.01
5633,1,1.0
5634,1,1.0
5635,1,1.0
5636,1,0.47
5637,1,1.0
5638,1,0.27
5639,0,0.0
5640,0,0.0
5641,0,0.21
5642,1,0.35
5643,0,0.0
5644,0,0.0
5645,1,0.29
5646,0,0.0
5647,0,0.0
5648,0,0.1925
5649,1,1.0
5650,1,0.09
5651,0,0.0
5652,1,1.0
5653,1,1.0
5654,0,0.0
5655,0,0.0
5656,1,0.43
5657,0,0.0
5658,0,0.0
5659,1,1.0
5660,0,0.0
5661,1,0.36
5662,0,0.0
5663,1,1.0
5664,0,0.14
5665,0,0.18
5666,1,0.24
5667,0,0.98
5668,1,1.0
5669,0,0.0
5670,1,0.98
5671,1,1.0
5672,0,0.0
5673,1,0.27
5674,0,0.0
5675,0,0.0
5676,0,0.0
5677,1,0.97
5678,0,0.2
5679,0,0.0
5680,1,0.6
5681,1,1.0
5682,1,1.0
5683,0,0.0
5684,0,0.0
5685,0,0.0
5686,0,0.0
5687,0,0.0
5688,1,0.48
5689,1,1.0
5690,0,0.01
5691,1,0.22
5692,0,0.0
5693,0,0.0
5694,1,1.0
5695,1,0.04
5696,0,0.0
5697,1,0.05
5698,0,0.0
5699,1,0.36
5700,1,1.0
5701,1,1.0
5702,1,0.08
5703,1,1.0
5704,0,0.0
5705,1,0.23
5706,0,0.0
5707,0,0.0
5708,1,0.07
5709,1,1.0
5710,1,1.0
5711,1,1.0
5712,0,0.0
5713,0,1.0
5714,0,0.0
5715,1,1.0
5716,1,1.0
5717,1,1.0
5718,0,0.21
5719,1,0.18
5720,1,1.0
5721,1,1.0
5722,1,0.26
5723,1,1.0
5724,0,0.0
5725,1,0.15
5726,1,0.1
5727,1,0.02
5728,0,0.0
5729,1,0.57
5730,1,0.03
5731,1,1.0
5732,0,0.0
5733,0,0.0
5734,1,0.01
5735,1,1.0
5736,0,0.0
5737,1,0.03
5738,0,0.02
5739,1,1.0
5740,1,0.31
5741,1,1.0
5742,0,0.03
5743,1,1.0
5744,1,0.9633
5745,1,1.0
5746,1,0.1
5747,0,0.0
5748,1,1.0
5749,1,1.0
5750,1,0.26
5751,1,0.97
5752,1,1.0
5753,1,0.25
5754,1,0.43
5755,0,0.0
5756,1,0.88
5757,0,0.0
5758,1,1.0
5759,1,0.06
5760,1,1.0
5761,1,1.0
5762,1,1.0
5763,1,0.09
5764,1,0.25
5765,1,0.56
5766,0,0.0
5767,0,0.0
5768,1,0.29
5769,1,1.0
5770,0,0.0
5771,1,1.0
5772,1,0.35
5773,0,0.0
5774,1,0.23
5775,1,0.36
5776,0,0.0
5777,0,0.0
5778,0,0.0
5779,1,1.0
5780,0,0.0
5781,0,0.04
5782,1,1.0
5783,1,0.7
5784,1,0.44
5785,0,0.0
5786,0,0.0
5787,1,0.16
5788,0,0.0
5789,1,1.0
5790,1,0.38
5791,1,1.0
5792,1,0.03
5793,0,0.0
5794,0,0.0
5795,1,1.0
5796,0,0.0
5797,1,0.09
5798,1,1.0
5799,1,0.97
5800,1,0.1
5801,0,0.0
5802,1,0.07
5803,1,1.0
5804,1,1.0
5805,1,1.0
5806,1,1.0
5807,0,0.0
5808,1,0.46
5809,1,0.11
5810,0,0.0
5811,1,0.11
5812,0,0.0
5813,0,0.0
5814,0,0.0
5815,1,0.98
5816,0,0.0
5817,1,0.01
5818,0,0.0
5819,1,0.34
5820,1,1.0
5821,0,0.0
5822,1,0.37
5823,0,0.0
5824,1,0.8233
5825,0,0.0
5826,1,0.25
5827,1,1.0
5828,1,1.0
5829,1,0.03
5830,1,1.0
5831,1,1.0
5832,1,1.0
5833,0,0.0
5834,1,0.78
5835,1,0.87
5836,0,0.08
5837,0,0.0
5838,1,0.07
5839,1,0.86
5840,1,0.99
5841,0,0.0
5842,0,0.0
5843,1,0.08
5844,0,0.0
5845,1,0.52
5846,0,0.0
5847,0,0.0
5848,1,0.53
5849,0,0.0
5850,1,1.0
5851,1,1.0
5852,0,0.0
5853,0,0.0
5854,1,0.314
5855,1,1.0
5856,0,0.0
5857,1,0.39
5858,1,0.17
5859,0,0.0
5860,0,0.0
5861,1,0.34
5862,1,1.0
5863,1,1.0
5864,1,0.24
5865,1,0.23
5866,1,0.58
5867,1,0.59
5868,1,1.0
5869,1,1.0
5870,0,0.0
5871,1,1.0
5872,1,0.97
5873,1,0.48
5874,0,0.0
5875,1,0.49
5876,0,0.2
5877,0,0.0
5878,1,0.4
5879,1,0.16
5880,1,0.12
5881,0,0.0
5882,0,0.0
5883,1,0.0
5884,1,0.09
5885,0,0.0
5886,0,0.0
5887,0,0.0
5888,1,0.14
5889,1,0.35
5890,0,0.0
5891,1,0.23
5892,1,0.92
5893,1,0.49
5894,0,0.21
5895,0,0.0
5896,0,0.0
5897,0,0.0
5898,0,0.0
5899,1,0.11
5900,1,1.0
5901,1,1.0
5902,1,1.0
5903,1,0.25
5904,1,1.0
5905,1,1.0
5906,1,0.94
5907,1,0.02
5908,1,0.99
5909,0,0.0
5910,0,0.0
5911,1,1.0
5912,1,1.0
5913,1,1.0
5914,0,0.0
5915,1,0.98
5916,0,0.0
5917,0,0.0
5918,0,0.04
5919,1,0.95
5920,0,0.0
5921,1,1.0
5922,1,1.0
5923,0,0.0
5924,1,0.0
5925,1,0.03
5926,1,0.185
5927,1,1.0
5928,0,0.0
5929,0,0.0
5930,1,1.0
5931,1,0.59
5932,0,0.0
5933,1,1.0
5934,1,0.98
5935,0,0.0
5936,1,1.0
5937,0,0.0
5938,0,0.2
5939,0,0.21
5940,0,0.0
5941,0,0.0
5942,0,0.0
5943,0,0.0
5944,0,0.0
5945,1,1.0
5946,1,1.0
5947,1,1.0
5948,1,0.16
5949,0,0.0
5950,1,1.0
5951,1,0.41
5952,0,0.0
5953,1,0.0
5954,1,0.22
5955,0,0.0
5956,0,0.0
5957,0,0.01
5958,1,1.0
5959,0,0.3
5960,1,0.13
5961,1,0.97
5962,0,0.0
5963,1,0.1
5964,1,0.07
5965,0,0.0
5966,1,0.09
5967,1,0.99
5968,0,0.0
5969,0,0.0
5970,0,0.21
5971,1,0.2
5972,1,0.69
5973,0,0.05
5974,1,0.56
5975,1,1.0
5976,0,0.0
5977,0,0.0
5978,1,1.0
5979,1,1.0
5980,0,0.0
5981,1,0.05
5982,1,0.09
5983,0,0.0
5984,0,0.0
5985,1,1.0
5986,1,0.05
5987,0,0.0
5988,1,1.0
5989,1,0.08
5990,1,0.14
5991,1,1.0
5992,1,0.98
5993,1,0.51
5994,1,1.0
5995,1,1.0
5996,0,0.0
5997,0,0.0
5998,1,0.02
5999,0,0.0
6000,1,1.0
6001,1,0.0
6002,1,0.09
6003,1,1.0
6004,0,0.0
6005,0,0.04
6006,0,0.0
6007,1,0.7608
6008,1,1.0
6009,0,0.0
6010,1,0.27
6011,1,1.0
6012,1,0.97
6013,0,0.0
6014,0,0.0
6015,1,0.99
6016,1,0.99
6017,1,1.0
6018,1,1.0
6019,1,1.0
6020,1,0.52
6021,1,0.96
6022,1,0.9283
6023,0,0.0
6024,0,0.99
6025,1,0.09
6026,1,0.99
6027,1,1.0
6028,1,0.52
6029,1,0.43
6030,0,0.0
6031,0,0.0
6032,1,0.03
6033,1,0.96
6034,0,0.2
6035,1,1.0
6036,1,0.97
6037,1,1.0
6038,0,0.01
6039,0,0.0
6040,0,0.0
6041,1,0.88
6042,0,0.0
6043,1,1.0
6044,0,0.0
6045,0,0.0
6046,1,0.69
6047,0,0.03
6048,1,0.04
6049,0,0.0
6050,1,0.59
6051,1,0.06
6052,0,0.0
6053,1,0.99
6054,0,0.0
6055,1,1.0
6056,1,0.29
6057,0,0.0
6058,0,0.0
6059,1,1.0
6060,1,1.0
6061,1,0.15
6062,1,0.84
6063,0,0.0
6064,0,0.0
6065,0,0.0
6066,0,0.01
6067,1,0.52
6068,1,0.96
6069,0,0.0
6070,1,1.0
6071,0,0.0
6072,1,1.0
6073,0,0.0
6074,1,0.44
6075,0,0.0
6076,1,0.49
6077,1,0.03
6078,0,0.0
6079,1,1.0
6080,1,0.98
6081,1,1.0
6082,1,1.0
6083,1,0.55
6084,1,1.0
6085,1,0.49
6086,1,0.26
6087,1,0.45
6088,1,1.0
6089,1,1.0
6090,1,1.0
6091,1,0.7
6092,1,1.0
6093,0,0.0
6094,1,0.01
6095,0,0.0
6096,1,1.0
6097,1,1.0
6098,1,0.03
6099,0,0.0
6100,1,1.0
6101,1,0.1
6102,1,0.01
6103,1,1.0
6104,0,0.0
6105,1,0.17
6106,0,0.0
6107,1,1.0
6108,1,1.0
6109,1,1.0
6110,0,0.0
6111,1,0.17
6112,0,0.0
6113,1,1.0
6114,1,0.94
6115,1,1.0
6116,1,0.03
6117,1,0.07
6118,1,0.16
6119,0,0.0
6120,1,1.0
6121,1,0.44
6122,0,0.2
6123,0,0.0
6124,0,0.22
6125,1,1.0
6126,0,0.0
6127,1,1.0
6128,0,0.0
6129,0,0.0
6130,1,1.0
6131,1,1.0
6132,1,0.07
6133,1,0.08
6134,0,0.05
6135,0,0.0
6136,1,1.0
6137,1,1.0
6138,1,0.3
6139,0,0.2
6140,1,0.98
6141,1,0.05
6142,1,0.59
6143,1,0.87
6144,0,0.0
6145,0,0.0
6146,1,1.0
6147,1,1.0
6148,1,0.35
6149,1,0.25
6150,1,1.0
6151,1,0.21
6152,0,0.0
6153,1,1.0
6154,0,0.0
6155,1,0.35
6156,1,1.0
6157,1,0.08
6158,1,0.04
6159,1,1.0
6160,1,1.0
6161,1,1.0
6162,0,0.0
6163,1,1.0
6164,1,0.02
6165,1,1.0
6166,1,0.27
6167,1,1.0
6168,1,0.99
6169,1,1.0
6170,1,1.0
6171,0,0.0
6172,1,1.0
6173,1,1.0
6174,0,0.0
6175,1,0.03
6176,0,0.48
6177,1,0.01
6178,0,0.01
6179,1,0.04
6180,0,0.0
6181,1,0.03
6182,1,0.97
6183,1,1.0
6184,1,1.0
6185,0,0.0
6186,0,0.0
6187,1,0.21
6188,1,1.0
6189,1,0.71
6190,1,0.28
6191,1,0.0
6192,1,0.29
6193,0,0.0
6194,0,0.0
6195,1,0.98
6196,0,0.0
6197,1,1.0
6198,1,1.0
6199,0,0.0
6200,0,0.0
6201,0,0.98
6202,1,1.0
6203,1,1.0
6204,1,0.19
6205,1,0.32
6206,0,0.0
6207,1,0.3308
6208,0,0.0
6209,1,1.0
6210,0,0.0
6211,0,0.0
6212,1,1.0
6213,0,0.0
6214,0,0.0
6215,0,0.0
6216,1,1.0
6217,1,0.47
6218,0,0.21
6219,1,1.0
6220,1,0.36
6221,1,1.0
6222,0,0.0
6223,0,0.2
6224,1,0.22
6225,1,1.0
6226,0,0.0
6227,1,0.15
6228,1,0.59
6229,1,0.31
6230,0,0.05
6231,0,0.0
6232,0,0.0
6233,1,0.27
6234,1,1.0
6235,1,0.41
6236,1,1.0
6237,0,0.0
6238,0,0.2
6239,0,0.0
6240,1,0.14
6241,0,0.0
6242,0,0.14
6243,0,0.0
6244,1,1.0
6245,0,0.0
6246,0,0.0
6247,0,0.0
6248,0,0.0
6249,0,0.0
6250,0,0.0
6251,0,0.0
6252,0,0.0
6253,1,1.0
6254,0,0.0
6255,1,0.07
6256,1,0.29
6257,0,0.0
6258,1,0.44
6259,1,1.0
6260,0,0.0675
6261,1,0.12
6262,1,1.0
6263,1,0.92
6264,0,0.0
6265,1,1.0
6266,0,0.0
6267,1,1.0
6268,1,0.74
6269,1,0.06
6270,0,0.0
6271,1,1.0
6272,1,0.03
6273,1,0.97
6274,1,1.0
6275,1,1.0
6276,0,0.0
6277,1,0.29
6278,1,0.95
6279,1,1.0
6280,1,0.04
6281,1,1.0
6282,1,0.01
6283,1,1.0
6284,0,0.0
6285,1,0.03
6286,1,1.0
6287,0,0.0
6288,0,0.15
6289,1,1.0
6290,1,0.46
6291,0,0.0
6292,1,0.99
6293,0,0.0
6294,1,0.37
6295,1,1.0
6296,1,0.77
6297,0,0.0
6298,1,0.95
6299,1,0.29
6300,1,1.0
6301,0,0.0
6302,1,0.51
6303,1,0.92
6304,0,0.0
6305,1,0.49
6306,0,0.0
6307,1,1.0
6308,1,0.9
6309,0,0.0
6310,1,0.47
6311,1,1.0
6312,1,0.12
6313,0,0.0
6314,1,1.0
6315,0,0.0
6316,0,0.0
6317,1,1.0
6318,0,0.52
6319,0,0.0
6320,1,1.0
6321,1,0.07
6322,1,0.79
6323,1,0.01
6324,1,0.31
6325,1,0.61
6326,1,0.39
6327,1,1.0
6328,1,1.0
6329,1,0.54
6330,0,0.2
6331,1,0.63
6332,1,0.4
6333,1,0.47
6334,0,0.0
6335,1,1.0
6336,0,0.0
6337,1,0.1
6338,1,1.0
6339,1,1.0
6340,1,1.0
6341,0,0.0
6342,1,0.09
6343,1,1.0
6344,1,0.68
6345,1,1.0
6346,0,0.0
6347,0,0.2
6348,1,1.0
6349,0,0.0
6350,1,1.0
6351,0,0.01
6352,0,0.0
6353,1,1.0
6354,1,1.0
6355,1,0.0
6356,1,1.0
6357,1,1.0
6358,0,0.0
6359,1,0.65
6360,0,0.0
6361,1,0.02
6362,1,0.04
6363,0,0.0
6364,1,0.19
6365,0,0.0
6366,0,0.0
6367,1,1.0
6368,1,1.0
6369,0,0.0
6370,0,0.0
6371,1,0.08
6372,0,0.0
6373,1,0.24
6374,0,0.0
6375,0,0.0
6376,1,0.46
6377,1,0.93
6378,1,1.0
6379,1,0.15
6380,0,0.0
6381,1,0.01
6382,1,1.0
6383,0,0.0
6384,0,0.0
6385,1,0.28
6386,0,0.0
6387,0,0.01
6388,0,0.0
6389,0,0.0
6390,1,1.0
6391,0,0.0
6392,0,0.0
6393,0,0.0
6394,1,0.88
6395,0,0.0
6396,0,0.0
6397,1,0.54
6398,1,0.24
6399,1,0.89
6400,1,0.84
6401,1,0.16
6402,1,0.12
6403,0,0.0
6404,1,0.45
6405,0,0.0
6406,0,0.0
6407,0,0.0
6408,0,0.2
6409,1,0.09
6410,1,0.13
6411,1,0.03
6412,1,0.39
6413,0,0.0
6414,1,0.1
6415,0,0.0
6416,1,0.24
6417,1,1.0
6418,0,0.0
6419,1,0.03
6420,1,0.1
6421,1,0.52
6422,0,0.0
6423,1,1.0
6424,0,0.0
6425,1,0.01
6426,0,0.0
6427,1,1.0
6428,1,0.27
6429,1,0.7
6430,1,0.04
6431,0,0.0
6432,1,0.44
6433,0,0.0
6434,1,0.04
6435,1,0.0
6436,1,1.0
6437,0,0.0
6438,0,0.0
6439,0,0.0
6440,0,0.0
6441,1,1.0
6442,0,0.02
6443,0,0.0
6444,0,0.0
6445,1,0.28
6446,1,1.0
6447,1,1.0
6448,1,1.0
6449,0,0.0
6450,0,0.0
6451,0,0.0
6452,1,0.32
6453,1,0.09
6454,0,0.0
6455,0,0.0
6456,0,0.15
6457,0,0.0
6458,1,1.0
6459,0,0.0
6460,1,0.86
6461,1,0.06
6462,0,0.0
6463,1,0.9633
6464,1,1.0
6465,1,1.0
6466,1,0.91
6467,1,1.0
6468,1,0.05
6469,0,0.0
6470,0,0.0
6471,0,0.0
6472,1,1.0
6473,1,0.23
6474,1,0.66
6475,1,0.91
6476,1,0.44
6477,1,0.28
6478,1,0.9
6479,0,0.98
6480,1,0.04
6481,1,0.37
6482,0,0.0
6483,1,0.35
6484,1,0.99
6485,1,1.0
6486,1,1.0
6487,1,1.0
6488,1,0.02
6489,0,0.0
6490,1,1.0
6491,0,0.0
6492,1,0.14
6493,0,0.0
6494,1,0.43
6495,0,0.16
6496,1,0.02
6497,0,0.0
6498,1,1.0
6499,1,0.99
6500,1,0.05
6501,0,0.2
6502,1,0.03
6503,0,0.0
6504,1,0.99
6505,0,0.21
6506,0,0.0
6507,0,0.0
6508,0,0.2
6509,0,0.0
6510,1,0.09
6511,0,0.0
6512,0,0.0
6513,1,0.91
6514,1,1.0
6515,0,0.0
6516,0,0.91
6517,1,1.0
6518,0,0.0
6519,1,1.0
6520,1,0.05
6521,0,0.0
6522,0,0.0
6523,0,0.0
6524,0,0.21
6525,0,0.0
6526,1,1.0
6527,1,1.0
6528,1,0.48
6529,1,0.74
6530,1,1.0
6531,1,0.98
6532,1,1.0
6533,0,0.0
6534,0,0.0
6535,1,1.0
6536,1,0.15
6537,0,0.2
6538,1,0.8408
6539,0,0.0
6540,0,0.0
6541,1,0.98
6542,1,0.3
6543,1,1.0
6544,0,0.0
6545,1,0.48
6546,1,0.86
6547,1,0.03
6548,0,0.19
6549,0,0.0
6550,0,0.0
6551,1,1.0
6552,1,0.06
6553,1,0.26
6554,1,1.0
6555,1,1.0
6556,1,0.88
6557,0,0.0
6558,1,0.55
6559,0,0.0
6560,1,0.24
6561,0,0.0
6562,1,0.37
6563,1,1.0
6564,1,1.0
6565,0,1.0
6566,0,0.0
6567,1,0.0
6568,0,0.0
6569,1,1.0
6570,0,0.0
6571,1,1.0
6572,1,1.0
6573,1,0.8508
6574,1,0.99
6575,0,0.0
6576,1,1.0
6577,0,0.0
6578,1,0.04
6579,0,0.0
6580,1,0.02
6581,1,0.07
6582,1,1.0
6583,1,0.95
6584,1,1.0
6585,1,0.08
6586,0,0.0
6587,1,0.22
6588,1,0.27
6589,1,0.99
6590,0,0.0
6591,1,1.0
6592,0,0.0
6593,1,1.0
6594,1,0.17
6595,1,1.0
6596,1,0.04
6597,0,0.2
6598,0,0.0
6599,0,0.0
6600,1,1.0
6601,0,0.0
6602,1,0.38
6603,0,0.01
6604,1,0.97
6605,0,0.0
6606,1,0.12
6607,0,0.0
6608,1,0.4
6609,1,0.4
6610,1,1.0
6611,1,1.0
6612,1,0.7
6613,0,0.0
6614,1,1.0
6615,0,0.01
6616,1,0.03
6617,1,0.37
6618,0,0.0
6619,0,0.0
6620,1,1.0
6621,0,0.0
6622,1,1.0
6623,0,0.2
6624,1,0.92
6625,0,0.0
6626,0,0.0
6627,0,0.0
6628,0,0.0
6629,1,1.0
6630,1,0.38
6631,1,0.43
6632,0,0.0
6633,0,0.0
6634,1,1.0
6635,1,0.02
6636,1,0.99
6637,1,1.0
6638,0,0.0
6639,0,0.0
6640,0,0.0
6641,1,0.97
6642,0,0.0
6643,1,0.01
6644,1,0.97
6645,0,0.0
6646,0,0.0
6647,1,0.8
6648,1,0.38
6649,0,0.0
6650,1,1.0
6651,1,0.11
6652,0,0.0
6653,1,1.0
6654,1,1.0
6655,0,0.0
6656,0,0.2
6657,0,0.0
6658,0,0.0
6659,1,1.0
6660,1,0.06
6661,0,0.0
6662,0,0.0
6663,0,0.21
6664,1,1.0
6665,1,1.0
6666,0,0.0
6667,1,0.51
6668,1,0.4
6669,0,0.0
6670,1,1.0
6671,1,1.0
6672,0,0.0
6673,1,0.47
6674,0,0.0
6675,1,0.09
6676,1,1.0
6677,1,0.37
6678,0,0.0
6679,1,0.14
6680,1,0.11
6681,1,0.27
6682,1,1.0
6683,0,0.0
6684,0,0.28
6685,0,0.2
6686,0,0.0
6687,0,0.0
6688,1,0.4
6689,0,0.0
6690,0,0.21
6691,0,0.0
6692,1,0.9
6693,0,0.0
6694,1,1.0
6695,1,0.33
6696,0,0.06
6697,1,1.0
6698,1,0.33
6699,0,0.0
6700,0,0.0
6701,1,0.73
6702,1,0.01
6703,1,0.98
6704,1,1.0
6705,0,0.99
6706,0,0.0
6707,1,0.7458
6708,0,0.0
6709,1,0.07
6710,1,0.99
6711,1,0.06
6712,1,1.0
6713,0,0.0
6714,0,0.0
6715,0,1.0
6716,0,0.0
6717,0,0.0
6718,0,0.0
6719,1,1.0
6720,0,0.0
6721,1,0.26
6722,1,1.0
6723,0,0.0
6724,1,1.0
6725,1,0.37
6726,1,0.3
6727,1,0.3
6728,0,0.07
6729,0,0.0
6730,0,0.0
6731,1,0.03
6732,0,0.09
6733,1,1.0
6734,0,0.0
6735,1,1.0
6736,1,0.32
6737,1,0.2
6738,1,1.0
6739,0,0.0
6740,0,0.0
6741,1,0.06
6742,0,0.0
6743,0,0.0
6744,1,1.0
6745,0,0.0
6746,1,1.0
6747,1,1.0
6748,0,0.0
6749,1,0.44
6750,1,1.0
6751,0,0.0
6752,1,1.0
6753,1,0.99
6754,1,1.0
6755,1,1.0
6756,0,0.0
6757,1,0.49
6758,0,0.0
6759,1,0.29
6760,1,0.54
6761,0,0.0
6762,0,0.0
6763,0,0.0
6764,1,1.0
6765,0,0.0
6766,1,1.0
6767,1,0.97
6768,1,0.99
6769,0,0.0
6770,0,0.0
6771,1,1.0
6772,0,0.0
6773,1,0.99
6774,0,0.0
6775,0,0.0
6776,1,0.23
6777,1,1.0
6778,1,1.0
6779,0,0.01
6780,0,0.0
6781,1,1.0
6782,0,0.0
6783,0,0.51
6784,0,0.69
6785,1,1.0
6786,1,0.27
6787,1,1.0
6788,0,0.0
6789,1,0.0
6790,0,0.0
6791,1,0.1
6792,1,1.0
6793,1,1.0
6794,1,1.0
6795,1,0.32
6796,0,0.0
6797,1,0.52
6798,1,1.0
6799,0,0.01
6800,1,0.08
6801,0,0.0
6802,1,0.71
6803,0,0.0
6804,0,0.0
6805,0,0.0
6806,0,0.0
6807,1,0.99
6808,0,0.0
6809,0,0.0
6810,1,0.3
6811,1,0.21
6812,1,1.0
6813,1,0.24
6814,0,0.0
6815,0,0.0
6816,0,0.0
6817,1,0.47
6818,0,0.0
6819,1,1.0
6820,0,0.0
6821,1,1.0
6822,0,0.0
6823,1,0.95
6824,1,1.0
6825,1,0.03
6826,1,1.0
6827,0,0.0
6828,1,1.0
6829,1,0.97
6830,1,0.06
6831,1,1.0
6832,0,0.0
6833,0,0.0
6834,1,0.14
6835,1,0.69
6836,1,1.0
6837,1,1.0
6838,1,1.0
6839,0,0.0
6840,1,0.86
6841,0,0.0
6842,1,0.1
6843,1,0.7
6844,1,0.25
6845,1,0.97
6846,1,0.46
6847,1,0.79
6848,1,0.9633
6849,0,0.0
6850,0,0.0
6851,1,1.0
6852,0,0.0
6853,1,0.28
6854,1,0.54
6855,0,0.0
6856,1,1.0
6857,0,0.0
6858,1,0.3
6859,0,0.0
6860,1,0.99
6861,0,0.0
6862,1,0.28
6863,1,0.09
6864,0,0.0
6865,1,0.98
6866,1,1.0
6867,1,1.0
6868,1,1.0
6869,0,0.0
6870,0,0.0
6871,0,0.0
6872,0,0.0
6873,0,0.0
6874,0,0.0
6875,0,0.0
6876,1,1.0
6877,1,0.23
6878,0,0.0
6879,0,0.0
6880,0,0.0
6881,0,0.0
6882,0,0.0
6883,1,1.0
6884,1,1.0
6885,1,1.0
6886,1,0.06
6887,1,0.24
6888,1,0.99
6889,0,0.0
6890,1,1.0
6891,0,0.0
6892,0,0.0
6893,1,1.0
6894,1,1.0
6895,1,0.02
6896,0,0.07
6897,1,1.0
6898,1,0.09
6899,0,0.0
6900,0,0.03
6901,1,1.0
6902,1,0.17
6903,1,0.18
6904,0,0.0
6905,1,0.47
6906,0,0.0
6907,1,0.86
6908,1,0.06
6909,0,0.14
6910,1,0.29
6911,0,0.0
6912,0,0.0
6913,0,0.0
6914,1,0.11
6915,1,0.07
6916,1,0.22
6917,1,1.0
6918,0,0.0
6919,1,0.19
6920,1,1.0
6921,0,0.0
6922,1,0.03
6923,0,0.0
6924,0,0.0
6925,1,0.02
6926,1,0.07
6927,1,0.45
6928,1,1.0
6929,1,1.0
6930,1,1.0
6931,1,0.24
6932,0,0.01
6933,1,1.0
6934,1,0.07
6935,1,0.95
6936,1,1.0
6937,1,0.11
6938,0,0.0
6939,1,0.16
6940,1,0.99
6941,0,0.0
6942,1,0.54
6943,1,1.0
6944,1,1.0
6945,1,0.98
6946,1,1.0
6947,1,1.0
6948,0,0.0
6949,1,0.18
6950,0,0.0
6951,1,1.0
6952,0,0.0
6953,0,0.0
6954,0,0.0
6955,1,0.09
6956,1,1.0
6957,0,0.16
6958,1,0.14
6959,1,1.0
6960,0,0.0
6961,0,0.0
6962,0,0.0
6963,1,1.0
6964,1,0.09
6965,0,0.0
6966,0,0.0
6967,0,0.0
6968,0,0.01
6969,1,0.54
6970,0,0.0
6971,1,0.0
6972,1,1.0
6973,0,0.0
6974,1,0.09
6975,0,0.0
6976,1,1.0
6977,0,0.0
6978,0,1.0
6979,0,0.0
6980,0,0.0
6981,0,0.0
6982,1,1.0
6983,1,1.0
6984,0,0.0
6985,1,1.0
6986,1,0.38
6987,0,0.0
6988,1,1.0
6989,0,0.0
6990,0,0.2
6991,1,1.0
6992,1,1.0
6993,0,0.0
6994,1,1.0
6995,1,1.0
6996,1,0.1
6997,0,0.17
6998,1,1.0
6999,0,0.0
7000,0,0.0
7001,1,1.0
7002,0,0.0
7003,0,0.0
7004,0,0.0
7005,0,0.0
7006,1,1.0
7007,1,0.11
7008,1,0.19
7009,1,0.07
7010,0,0.0
7011,1,0.38
7012,1,0.37
7013,0,0.0
7014,0,0.0
7015,1,0.68
7016,1,1.0
7017,1,1.0
7018,0,0.0
7019,1,1.0
7020,1,1.0
7021,0,0.0
7022,1,1.0
7023,1,1.0
7024,1,0.01
7025,0,0.0
7026,1,1.0
7027,1,0.17
7028,1,0.91
7029,0,0.0
7030,0,0.0
7031,1,0.09
7032,0,0.0
7033,0,0.0
7034,0,0.0
7035,1,1.0
7036,0,0.0
7037,1,1.0
7038,0,0.0
7039,1,0.37
7040,1,1.0
7041,0,0.0
7042,0,0.0
7043,1,0.38
7044,1,1.0
7045,0,0.0
7046,0,0.0
7047,0,0.0
7048,1,0.05
7049,1,0.01
7050,0,0.0
7051,1,1.0
7052,1,0.5
7053,0,0.0
7054,1,0.2
7055,0,0.0
7056,1,0.51
7057,1,1.0
7058,0,0.25
7059,1,1.0
7060,1,1.0
7061,1,1.0
7062,1,0.89
7063,1,1.0
7064,0,0.0
7065,0,0.0
7066,0,0.0
7067,1,0.32
7068,1,1.0
7069,1,1.0
7070,1,0.11
7071,1,0.97
7072,1,1.0
7073,0,0.68
7074,1,0.97
7075,1,0.58
7076,1,0.03
7077,1,0.31
7078,1,0.21
7079,0,0.0
7080,1,0.01
7081,0,0.0
7082,1,0.04
7083,0,0.0
7084,1,1.0
7085,1,0.08
7086,1,1.0
7087,1,0.22
7088,1,0.94
7089,0,0.0
7090,1,0.05
7091,1,1.0
7092,1,0.48
7093,1,1.0
7094,1,1.0
7095,1,0.07
7096,1,0.48
7097,1,1.0
7098,0,0.0
7099,0,0.0
7100,1,0.22
7101,1,0.1
7102,1,0.74
7103,0,0.0
7104,0,0.18
7105,1,0.4
7106,0,0.0
7107,1,0.8333
7108,0,0.0
7109,1,0.8425
7110,0,0.0
7111,1,0.45
7112,0,0.0
7113,0,0.2
7114,0,0.0
7115,1,1.0
7116,0,0.0
7117,0,0.0
7118,1,1.0
7119,1,1.0
7120,1,0.91
7121,0,0.0
7122,0,0.0
7123,1,0.03
7124,1,0.27
7125,0,0.0
7126,0,0.0
7127,1,1.0
7128,0,0.0
7129,0,0.06
7130,1,1.0
7131,1,0.07
7132,1,0.13
7133,1,1.0
7134,1,1.0
7135,0,0.0
7136,0,0.0
7137,1,1.0
7138,0,0.0
7139,0,0.0
7140,0,0.0
7141,0,0.0
7142,1,0.96
7143,1,0.16
7144,1,0.33
7145,1,0.99
7146,0,0.0
7147,1,1.0
7148,0,0.0
7149,1,0.35
7150,0,0.13
7151,1,0.06
7152,0,0.0
7153,0,0.0
7154,1,0.28
7155,0,0.0
7156,0,0.0
7157,0,0.05
7158,0,0.0
7159,1,0.36
7160,1,1.0
7161,0,0.2
7162,1,1.0
7163,0,0.01
7164,0,0.0
7165,0,0.0
7166,1,0.95
7167,1,1.0
7168,0,0.0
7169,1,1.0
7170,1,1.0
7171,1,0.36
7172,0,0.0
7173,0,0.0
7174,1,0.91
7175,1,0.0
7176,1,1.0
7177,1,1.0
7178,1,0.33
7179,1,1.0
7180,1,1.0
7181,1,0.12
7182,1,0.06
7183,0,0.96
7184,1,1.0
7185,0,0.97
7186,1,0.12
7187,1,0.14
7188,0,0.0
7189,0,0.0
7190,1,0.36
7191,0,0.0
7192,0,0.0
7193,1,0.07
7194,1,0.65
7195,0,0.0
7196,1,1.0
7197,0,0.2
7198,1,0.02
7199,1,0.01
7200,0,0.0
7201,0,0.0
7202,0,0.0
7203,1,0.3
7204,0,0.0
7205,1,0.49
7206,1,0.07
7207,1,0.18
7208,0,0.0
7209,1,0.07
7210,1,0.08
7211,0,0.0
7212,0,0.0
7213,1,0.05
7214,1,0.06
7215,1,1.0
7216,0,0.0
7217,1,0.54
7218,0,0.0
7219,1,0.02
7220,1,1.0
7221,0,0.0
7222,1,1.0
7223,1,0.95
7224,1,0.66
7225,0,0.0
7226,1,0.72
7227,1,0.49
7228,1,1.0
7229,1,0.01
7230,0,0.0
7231,0,0.0
7232,0,0.0
7233,1,1.0
7234,1,0.71
7235,0,0.0
7236,0,0.0
7237,0,0.0
7238,1,1.0
7239,0,0.0
7240,1,0.51
7241,1,1.0
7242,1,1.0
7243,1,0.45
7244,1,1.0
7245,1,1.0
7246,1,1.0
7247,0,0.0
7248,0,0.0
7249,1,0.97
7250,1,0.08
7251,1,0.57
7252,0,0.0
7253,1,1.0
7254,1,0.44
7255,0,0.0
7256,1,0.68
7257,1,0.91
7258,0,0.19
7259,0,0.0
7260,0,0.0
7261,1,0.09
7262,0,0.0
7263,0,0.0
7264,0,0.0
7265,1,1.0
7266,1,0.71
7267,0,0.0
7268,1,1.0
7269,1,1.0
7270,0,0.0
7271,1,0.87
7272,0,0.0
7273,1,1.0
7274,0,0.0
7275,1,0.29
7276,1,0.29
7277,1,1.0
7278,0,0.0
7279,1,0.4
7280,1,0.11
7281,0,0.0
7282,1,1.0
7283,1,1.0
7284,1,0.03
7285,0,0.0
7286,1,1.0
7287,1,1.0
7288,0,0.0
7289,1,1.0
7290,1,0.02
7291,0,0.0
7292,1,0.84
7293,0,0.0
7294,1,1.0
7295,1,0.05
7296,1,0.05
7297,1,0.09
7298,1,1.0
7299,0,0.0
7300,1,1.0
7301,1,0.96
7302,1,1.0
7303,0,0.0
7304,0,0.0
7305,1,0.17
7306,0,0.0
7307,1,1.0
7308,1,1.0
7309,1,1.0
7310,0,0.0
7311,0,0.0
7312,1,0.54
7313,1,0.26
7314,1,0.49
7315,0,0.0
7316,1,0.17
7317,0,0.0
7318,0,0.01
7319,0,0.0
7320,1,0.33
7321,1,0.8983
7322,1,0.87
7323,1,0.51
7324,0,0.0
7325,1,1.0
7326,0,0.0
7327,1,1.0
7328,1,0.19
7329,1,0.97
7330,0,0.0
7331,1,0.7
7332,1,0.94
7333,1,1.0
7334,0,0.0
7335,1,0.04
7336,0,0.0
7337,1,0.1
7338,1,1.0
7339,1,0.49
7340,0,0.0
7341,1,1.0
7342,1,1.0
7343,1,1.0
7344,1,1.0
7345,1,1.0
7346,1,1.0
7347,0,0.0
7348,1,1.0
7349,0,0.0
7350,0,0.0
7351,0,0.17
7352,0,0.0
7353,0,0.0
7354,0,0.0
7355,1,0.13
7356,0,0.0
7357,0,0.0
7358,1,0.19
7359,1,0.37
7360,1,1.0
7361,0,0.2
7362,1,0.36
7363,1,0.22
7364,0,0.0
7365,1,0.75
7366,0,0.0
7367,0,0.0
7368,1,0.47
7369,1,1.0
7370,1,0.99
7371,0,0.0
7372,0,0.0
7373,0,0.0
7374,1,0.87
7375,0,0.0
7376,1,1.0
7377,1,0.47
7378,1,1.0
7379,0,0.0
7380,0,0.0
7381,0,0.0
7382,1,0.97
7383,0,0.0
7384,1,0.26
7385,1,0.53
7386,0,0.0
7387,0,0.0
7388,1,0.1
7389,0,1.0
7390,1,1.0
7391,0,0.13
7392,1,1.0
7393,0,0.0
7394,1,1.0
7395,1,1.0
7396,1,0.04
7397,0,0.2
7398,0,0.0
7399,0,0.02
7400,0,0.0
7401,1,0.49
7402,0,0.03
7403,1,0.96
7404,1,0.11
7405,1,1.0
7406,0,0.0
7407,0,0.18
7408,1,1.0
7409,1,1.0
7410,1,1.0
7411,1,1.0
7412,0,0.2
7413,1,0.06
7414,1,1.0
7415,0,0.0
7416,0,0.0
7417,0,0.0
7418,0,0.0
7419,0,0.0
7420,1,0.1
7421,0,0.0
7422,0,0.0
7423,0,0.0
7424,1,1.0
7425,1,0.24
7426,1,0.06
7427,1,0.14
7428,1,1.0
7429,0,0.0
7430,1,0.04
7431,1,1.0
7432,0,0.0
7433,0,0.96
7434,1,1.0
7435,0,0.0
7436,1,0.02
7437,1,1.0
7438,0,0.0
7439,1,0.02
7440,0,0.0
7441,0,0.0
7442,1,0.48
7443,0,0.0
7444,1,1.0
7445,0,0.0
7446,1,0.0
7447,0,0.0
7448,1,1.0
7449,1,0.36
7450,0,0.0
7451,0,0.23
7452,1,1.0
7453,0,0.0
7454,1,0.34
7455,1,0.43
7456,1,1.0
7457,1,0.36
7458,1,1.0
7459,1,1.0
7460,0,0.21
7461,0,0.0
7462,1,1.0
7463,1,0.06
7464,1,0.32
7465,0,0.0
7466,0,0.0
7467,0,0.0
7468,1,1.0
7469,0,0.0
7470,0,0.0
7471,1,1.0
7472,1,0.97
7473,1,0.99
7474,1,1.0
7475,1,1.0
7476,1,0.47
7477,0,0.0
7478,0,0.0
7479,0,0.0
7480,0,0.0
7481,1,1.0
7482,1,1.0
7483,1,1.0
7484,0,0.0
7485,1,1.0
7486,1,1.0
7487,0,0.0
7488,0,0.0
7489,1,1.0
7490,0,0.0
7491,1,1.0
7492,0,0.0
7493,1,0.44
7494,0,0.0
7495,1,0.26
7496,0,0.18
7497,0,0.0
7498,0,0.0
7499,0,0.0
7500,1,1.0
7501,1,0.21
7502,1,0.17
7503,0,0.0
7504,0,0.0
7505,1,1.0
7506,0,0.0
7507,0,0.0
7508,1,1.0
7509,0,0.0
7510,1,0.96
7511,1,1.0
7512,1,0.52
7513,1,0.3567
7514,0,0.0
7515,1,1.0
7516,0,0.0
7517,1,0.86
7518,1,0.94
7519,1,1.0
7520,0,0.0
7521,1,1.0
7522,1,0.705
7523,0,0.0
7524,0,0.0
7525,0,0.0
7526,1,1.0
7527,1,1.0
7528,1,0.09
7529,1,0.02
7530,1,0.59
7531,0,0.2
7532,1,0.95
7533,1,0.37
7534,0,0.21
7535,1,1.0
7536,1,1.0
7537,1,0.14
7538,0,0.0
7539,0,0.21
7540,1,0.05
7541,1,0.29
7542,0,0.0
7543,1,0.14
7544,1,0.88
7545,0,0.0
7546,1,0.54
7547,1,1.0
7548,1,1.0
7549,1,0.03
7550,0,0.0
7551,1,1.0
7552,0,0.0
7553,0,0.0
7554,1,0.33
7555,1,0.11
7556,1,1.0
7557,1,1.0
7558,1,0.05
7559,1,1.0
7560,0,0.04
7561,0,0.0
7562,0,0.0
7563,1,1.0
7564,0,0.0
7565,1,1.0
7566,1,0.57
7567,1,1.0
7568,0,0.21
7569,1,1.0
7570,1,0.11
7571,1,1.0
7572,1,1.0
7573,0,0.0
7574,0,0.0
7575,1,1.0
7576,0,0.0
7577,0,0.0
7578,0,0.2
7579,1,1.0
7580,1,0.48
7581,1,0.31
7582,0,0.0
7583,1,1.0
7584,1,0.99
7585,0,0.0
7586,1,0.33
7587,0,0.0
7588,0,0.0
7589,1,0.46
7590,0,0.0
7591,0,0.0
7592,0,0.0
7593,0,0.0
7594,0,0.0
7595,0,0.0
7596,1,1.0
7597,0,0.0
7598,0,0.0
7599,1,0.42
7600,0,0.0
7601,0,0.18
7602,0,0.0
7603,0,0.0
7604,1,1.0
7605,0,0.2
7606,1,1.0
7607,0,0.0
7608,1,1.0
7609,1,1.0
7610,0,0.0
7611,1,1.0
7612,0,0.0
7613,0,0.0
7614,1,0.15
7615,1,0.74
7616,1,0.05
7617,0,0.0
7618,1,1.0
7619,1,0.92
7620,0,0.0
7621,0,0.0
7622,0,0.0
7623,1,1.0
7624,1,0.04
7625,1,1.0
7626,1,0.22
7627,0,0.0
7628,0,0.0
7629,1,0.54
7630,1,0.25
7631,1,0.02
7632,1,0.7
7633,1,1.0
7634,1,0.02
7635,1,0.12
7636,0,0.0
7637,1,1.0
7638,0,0.89
7639,0,0.0
7640,1,1.0
7641,1,0.09
7642,1,0.84
7643,0,0.0
7644,0,0.0
7645,1,1.0
7646,1,0.78
7647,0,0.0
7648,1,1.0
7649,1,1.0
7650,0,0.0
7651,1,1.0
7652,1,0.99
7653,1,1.0
7654,0,0.01
7655,0,0.0
7656,1,1.0
7657,1,1.0
7658,1,0.99
7659,1,1.0
7660,1,1.0
7661,0,0.0
7662,1,1.0
7663,0,0.0
7664,1,1.0
7665,0,0.0
7666,1,0.51
7667,0,0.0
7668,1,1.0
7669,1,0.33
7670,0,0.0
7671,0,0.0
7672,0,0.01
7673,1,0.48
7674,1,0.38
7675,0,0.0
7676,0,0.0
7677,1,1.0
7678,1,0.04
7679,0,0.0
7680,0,0.0
7681,1,1.0
7682,0,0.0
7683,1,0.09
7684,1,0.07
7685,0,0.0
7686,0,0.0
7687,0,0.0
7688,0,0.0
7689,1,0.22
7690,1,1.0
7691,1,1.0
7692,0,0.0
7693,0,0.0
7694,1,0.43
7695,1,0.1
7696,1,1.0
7697,1,1.0
7698,0,0.0
7699,1,1.0
7700,0,0.0
7701,0,0.0
7702,1,1.0
7703,1,1.0
7704,0,0.0
7705,0,1.0
7706,1,0.0
7707,1,1.0
7708,0,0.0
7709,0,0.16
7710,0,0.27
7711,1,0.01
7712,0,0.0
7713,0,0.0
7714,1,0.01
7715,1,1.0
7716,1,0.44
7717,0,0.0
7718,1,0.69
7719,0,0.0
7720,0,0.28
7721,1,0.72
7722,1,1.0
7723,0,0.0
7724,0,0.0
7725,1,0.01
7726,1,0.18
7727,1,1.0
7728,0,0.0
7729,1,0.99
7730,0,0.21
7731,0,0.06
7732,1,1.0
7733,0,0.0
7734,1,1.0
7735,1,0.27
7736,0,0.0
7737,0,0.97
7738,1,1.0
7739,0,0.0
7740,0,0.0
7741,0,0.0
7742,0,0.17
7743,0,0.0
7744,0,0.0
7745,0,0.0
7746,1,1.0
7747,1,0.46
7748,1,0.08
7749,0,0.0
7750,1,1.0
7751,1,1.0
7752,0,0.0
7753,0,0.0
7754,1,0.97
7755,0,0.0
7756,1,0.3
7757,1,1.0
7758,0,0.0
7759,0,1.0
7760,1,1.0
7761,1,0.78
7762,1,1.0
7763,1,1.0
7764,0,0.0
7765,0,0.0
7766,0,0.0
7767,1,0.06
7768,0,0.0
7769,0,0.0
7770,1,0.43
7771,1,1.0
7772,1,1.0
7773,0,0.2
7774,0,0.0
7775,1,1.0
7776,0,0.0
7777,0,0.0
7778,0,0.0
7779,1,1.0
7780,1,0.1
7781,1,0.05
7782,1,1.0
7783,0,0.06
7784,1,1.0
7785,1,0.8683
7786,0,0.0
7787,1,1.0
7788,1,0.15
7789,0,0.0
7790,1,1.0
7791,0,0.0
7792,0,0.0
7793,1,1.0
7794,1,0.36
7795,0,0.0
7796,0,0.51
7797,0,0.0
7798,0,0.0
7799,1,0.02
7800,1,0.24
7801,0,0.0
7802,1,0.08
7803,0,0.0
7804,0,0.0
7805,1,0.88
7806,0,0.0
7807,0,0.0
7808,1,1.0
7809,1,0.94
7810,1,0.99
7811,0,0.0
7812,1,1.0
7813,0,0.0
7814,1,0.97
7815,1,0.11
7816,0,0.0
7817,1,0.55
7818,0,0.0
7819,1,1.0
7820,0,0.0
7821,1,0.11
7822,0,0.0
7823,1,1.0
7824,0,0.0
7825,1,0.08
7826,1,1.0
7827,0,0.0
7828,1,1.0
7829,1,0.22
7830,1,0.99
7831,1,0.93
7832,0,0.0
7833,0,0.0
7834,1,1.0
7835,0,0.0
7836,0,0.0
7837,1,1.0
7838,1,0.42
7839,0,0.0
7840,0,0.0
7841,1,0.97
7842,1,1.0
7843,1,1.0
7844,1,0.05
7845,0,0.0
7846,1,0.08
7847,0,0.0
7848,1,1.0
7849,0,0.0
7850,1,1.0
7851,1,0.03
7852,1,0.99
7853,0,0.01
7854,1,0.64
7855,1,0.03
7856,0,0.0
7857,1,0.99
7858,0,0.0
7859,0,0.0
7860,1,0.38
7861,1,0.56
7862,0,0.0
7863,0,0.0
7864,0,0.01
7865,0,0.0
7866,0,0.2
7867,0,0.0
7868,1,0.07
7869,1,1.0
7870,0,0.0
7871,0,0.07
7872,1,1.0
7873,0,0.0
7874,0,0.0
7875,0,0.01
7876,1,0.15
7877,1,1.0
7878,1,1.0
7879,1,1.0
7880,0,0.0
7881,1,0.28
7882,0,0.0
7883,0,0.0
7884,0,0.0
7885,1,0.22
7886,1,1.0
7887,1,0.53
7888,1,0.41
7889,0,0.0
7890,0,0.0
7891,1,1.0
7892,0,0.0
7893,1,0.08
7894,1,0.21
7895,0,0.0
7896,1,1.0
7897,0,0.0
7898,0,0.0
7899,1,0.71
7900,1,1.0
7901,0,0.0
7902,0,0.0
7903,0,0.2
7904,0,0.0
7905,1,0.03
7906,0,0.0
7907,1,0.99
7908,0,0.0
7909,1,1.0
7910,1,1.0
7911,1,0.53
7912,0,0.01
7913,0,0.0
7914,0,0.0
7915,1,0.54
7916,0,0.0
7917,1,0.47
7918,1,1.0
7919,0,0.0
7920,0,0.0
7921,0,0.98
7922,0,0.0
7923,1,0.05
7924,1,0.22
7925,1,0.37
7926,0,0.01
7927,1,1.0
7928,1,0.3
7929,1,1.0
7930,1,1.0
7931,1,1.0
7932,0,0.0
7933,1,1.0
7934,0,0.0
7935,1,0.1
7936,0,0.0
7937,1,1.0
7938,0,0.0
7939,1,1.0
7940,1,1.0
7941,1,1.0
7942,0,0.0
7943,1,1.0
7944,1,0.19
7945,1,0.19
7946,1,1.0
7947,0,0.0
7948,1,0.1
7949,0,0.0
7950,0,0.0
7951,0,0.0
7952,0,0.0
7953,1,1.0
7954,1,0.99
7955,0,0.0
7956,0,0.0
7957,0,0.0
7958,1,0.54
7959,1,1.0
7960,0,0.0
7961,1,0.17
7962,0,0.0
7963,1,1.0
7964,1,1.0
7965,1,0.14
7966,0,0.0
7967,1,1.0
7968,0,0.0
7969,0,0.19
7970,1,1.0
7971,1,0.86
7972,1,1.0
7973,1,1.0
7974,0,0.0
7975,1,1.0
7976,1,0.25
7977,1,1.0
7978,0,0.0
7979,0,0.0
7980,0,0.0
7981,1,1.0
7982,0,0.02
7983,0,0.0
7984,1,0.12
7985,1,1.0
7986,1,0.97
7987,0,0.1
7988,0,0.01
7989,1,1.0
7990,1,0.14
7991,0,0.0
7992,1,0.08
7993,1,1.0
7994,0,0.0
7995,0,0.0
7996,1,0.97
7997,1,0.4
7998,1,1.0
7999,1,0.12
8000,0,0.0
8001,1,0.04
8002,1,1.0
8003,0,0.0
8004,0,0.0
8005,1,0.05
8006,0,0.21
8007,1,1.0
8008,1,0.2
8009,1,0.97
8010,1,0.07
8011,1,0.95
8012,1,1.0
8013,1,0.98
8014,1,1.0
8015,0,0.0
8016,1,1.0
8017,1,1.0
8018,0,0.0
8019,0,0.0
8020,0,0.0
8021,1,1.0
8022,1,0.23
8023,1,1.0
8024,0,0.0
8025,1,0.85
8026,0,1.0
8027,1,0.37
8028,1,0.08
8029,0,0.0
8030,0,0.0
8031,1,1.0
8032,1,1.0
8033,0,0.0
8034,1,0.09
8035,0,0.0
8036,1,0.52
8037,1,0.97
8038,1,1.0
8039,1,0.9
8040,1,0.35
8041,1,0.05
8042,1,0.39
8043,0,0.0
8044,1,1.0
8045,1,1.0
8046,0,0.0
8047,1,0.26
8048,1,0.3
8049,1,0.12
8050,0,0.0
8051,1,0.04
8052,1,0.0
8053,0,0.0
8054,1,0.62
8055,1,1.0
8056,1,0.44
8057,0,0.0
8058,1,0.885
8059,0,0.2
8060,1,1.0
8061,0,0.0
8062,1,0.14
8063,1,0.09
8064,1,1.0
8065,0,0.0
8066,0,0.0
8067,1,0.46
8068,1,0.07
8069,0,0.08
8070,1,0.21
8071,0,0.0
8072,1,0.55
8073,1,1.0
8074,1,0.28
8075,1,0.04
8076,1,1.0
8077,1,1.0
8078,0,0.0
8079,0,1.0
8080,0,0.0
8081,1,0.06
8082,0,0.0
8083,0,0.0
8084,0,0.0
8085,1,1.0
8086,0,0.0
8087,0,0.0
8088,1,1.0
8089,1,0.2
8090,1,1.0
8091,1,1.0
8092,0,0.0
8093,1,0.91
8094,1,0.7
8095,0,0.0
8096,1,0.08
8097,0,0.0
8098,1,1.0
8099,1,1.0
8100,0,0.0
8101,0,0.0
8102,1,1.0
8103,0,0.11
8104,1,0.1
8105,0,0.0
8106,1,0.03
8107,0,0.03
8108,0,0.0
8109,1,0.44
8110,0,0.0
8111,1,1.0
8112,0,0.0
8113,1,1.0
8114,1,0.05
8115,1,0.49
8116,1,0.46
8117,0,0.0
8118,1,0.94
8119,0,0.16
8120,1,0.07
8121,1,1.0
8122,0,0.0
8123,0,0.01
8124,1,0.58
8125,1,0.5
8126,1,1.0
8127,1,1.0
8128,1,0.26
8129,1,0.28
8130,1,0.14
8131,1,0.09
8132,1,0.99
8133,0,0.0
8134,1,1.0
8135,0,0.21
8136,0,0.0
8137,1,0.16
8138,0,0.0
8139,1,0.43
8140,0,0.0
8141,1,0.55
8142,1,0.99
8143,0,0.06
8144,1,0.97
8145,0,0.0
8146,1,0.22
8147,0,0.0
8148,0,0.0
8149,1,0.08
8150,0,0.0
8151,1,0.99
8152,1,0.19
8153,1,0.22
8154,1,1.0
8155,1,0.37
8156,1,1.0
8157,1,1.0
8158,0,0.0
8159,0,0.0
8160,0,0.0
8161,1,0.86
8162,1,0.48
8163,0,0.19
8164,0,0.19
8165,0,0.0
8166,0,0.0
8167,1,1.0
8168,1,0.17
8169,0,0.0
8170,1,0.86
8171,1,0.99
8172,0,0.0
8173,0,0.05
8174,0,0.0
8175,0,0.0
8176,1,1.0
8177,0,0.0
8178,1,0.04
8179,1,1.0
8180,0,0.99
8181,0,0.0
8182,1,0.88
8183,0,0.0
8184,1,0.26
8185,1,0.01
8186,0,0.0
8187,0,0.0
8188,0,0.98
8189,1,0.03
8190,0,0.0
8191,1,0.18
8192,1,1.0
8193,0,0.0
8194,0,0.05
8195,1,1.0
8196,0,0.0
8197,0,0.0
8198,1,1.0
8199,1,0.02
8200,0,0.2
8201,1,1.0
8202,0,0.19
8203,1,1.0
8204,1,0.24
8205,0,0.99
8206,0,0.0
8207,0,0.0
8208,0,0.0
8209,0,0.0
8210,0,0.0
8211,0,0.0
8212,1,1.0
8213,1,0.04
8214,1,0.06
8215,1,0.07
8216,0,0.0
8217,1,1.0
8218,0,0.0
8219,0,0.0
8220,1,0.06
8221,1,1.0
8222,0,0.99
8223,0,0.2
8224,1,0.99
8225,1,0.94
8226,1,0.07
8227,1,0.36
8228,1,1.0
8229,1,1.0
8230,0,0.0
8231,1,0.19
8232,0,0.0
8233,1,0.04
8234,1,1.0
8235,1,0.97
8236,1,1.0
8237,0,0.0
8238,0,0.0
8239,1,1.0
8240,1,0.25
8241,1,0.11
8242,0,0.0
8243,0,0.0
8244,1,1.0
8245,1,0.61
8246,0,0.0
8247,1,0.51
8248,1,0.64
8249,0,0.0
8250,1,0.8
8251,0,0.0
8252,0,0.0
8253,0,0.0
8254,1,0.14
8255,0,0.0
8256,1,1.0
8257,1,0.24
8258,0,0.0
8259,1,0.89
8260,1,1.0
8261,0,0.0
8262,1,1.0
8263,0,0.0
8264,1,0.11
8265,0,0.0
8266,1,0.19
8267,0,0.0
8268,0,0.0
8269,1,1.0
8270,0,0.0
8271,1,1.0
8272,0,0.0
8273,1,0.25
8274,0,0.0
8275,1,1.0
8276,1,0.52
8277,1,0.3
8278,0,0.0
8279,1,1.0
8280,0,0.0
8281,1,0.08
8282,0,0.0
8283,1,0.23
8284,0,0.0
8285,0,0.0
8286,0,0.0
8287,0,0.0
8288,0,0.0
8289,1,1.0
8290,1,1.0
8291,0,0.0
8292,1,0.97
8293,0,0.0
8294,1,1.0
8295,1,0.25
8296,0,0.0
8297,0,0.0
8298,0,0.0
8299,0,0.8
8300,0,0.0
8301,1,0.93
8302,0,0.0
8303,1,1.0
8304,0,0.0
8305,0,0.05
8306,0,0.0
8307,1,0.2
8308,0,0.0
8309,0,0.0
8310,1,1.0
8311,1,0.04
8312,1,1.0
8313,0,0.0
8314,1,0.29
8315,1,0.07
8316,1,1.0
8317,0,0.21
8318,1,0.92
8319,0,0.0
8320,1,0.34
8321,1,1.0
8322,0,0.0
8323,1,0.09
8324,0,0.9
8325,0,0.0
8326,1,0.0
8327,0,0.05
8328,1,0.16
8329,0,0.0
8330,1,0.02
8331,1,0.9833
8332,1,0.1
8333,1,0.08
8334,0,0.0
8335,1,0.97
8336,1,0.29
8337,1,0.1
8338,1,0.47
8339,0,0.0
8340,1,0.98
8341,1,0.0
8342,1,0.03
8343,1,0.05
8344,1,1.0
8345,1,0.2467
8346,1,0.02
8347,1,0.17
8348,1,1.0
8349,0,0.21
8350,1,1.0
8351,0,0.0
8352,0,0.0
8353,1,1.0
8354,0,0.0
8355,1,0.22
8356,0,0.0
8357,1,0.97
8358,0,0.0
8359,0,0.0
8360,1,0.41
8361,1,0.08
8362,1,0.16
8363,1,1.0
8364,0,0.0
8365,1,1.0
8366,0,0.0
8367,0,0.0
8368,0,0.0
8369,1,1.0
8370,1,1.0
8371,0,0.0
8372,1,0.07
8373,1,1.0
8374,1,1.0
8375,0,0.0
8376,1,0.86
8377,1,1.0
8378,0,0.2
8379,1,1.0
8380,0,0.0
8381,0,0.0
8382,0,0.0
8383,0,0.0
8384,1,0.97
8385,1,1.0
8386,0,0.0
8387,1,1.0
8388,1,1.0
8389,1,0.0
8390,0,0.0
8391,1,0.26
8392,1,0.8083
8393,1,1.0
8394,1,1.0
8395,0,0.0
8396,1,0.13
8397,0,0.0
8398,1,0.11
8399,1,1.0
8400,1,0.41
8401,1,0.07
8402,0,0.0
8403,0,0.0
8404,1,0.4
8405,0,0.0
8406,0,0.0
8407,1,1.0
8408,0,0.2
8409,1,1.0
8410,0,0.0
8411,0,0.0
8412,1,1.0
8413,1,1.0
8414,1,1.0
8415,1,0.07
8416,0,0.0
8417,1,0.4
8418,0,0.0
8419,0,0.0
8420,0,0.0
8421,1,0.98
8422,1,1.0
8423,0,0.0
8424,1,1.0
8425,1,0.14
8426,1,0.17
8427,0,0.0
8428,1,0.86
8429,1,1.0
8430,1,1.0
8431,0,0.0
8432,1,1.0
8433,1,0.96
8434,1,0.01
8435,0,0.0
8436,1,0.4
8437,1,0.79
8438,0,0.0
8439,1,0.17
8440,0,0.0
8441,1,1.0
8442,0,0.0
8443,0,0.0
8444,1,1.0
8445,1,0.03
8446,1,0.1
8447,1,1.0
8448,1,0.88
8449,0,0.05
8450,1,1.0
8451,1,1.0
8452,1,0.27
8453,1,1.0
8454,0,0.0
8455,1,0.86
8456,1,0.83
8457,1,1.0
8458,1,0.15
8459,1,0.51
8460,1,0.51
8461,0,0.0
8462,1,0.05
8463,1,0.4
8464,1,0.01
8465,1,0.23
8466,0,0.0
8467,1,1.0
8468,1,0.93
8469,1,1.0
8470,0,0.0
8471,1,0.7
8472,1,0.97
8473,0,0.0
8474,1,0.65
8475,1,0.99
8476,0,0.0
8477,1,0.28
8478,0,0.0
8479,0,0.0
8480,1,1.0
8481,1,0.22
8482,1,0.99
8483,1,0.11
8484,1,1.0
8485,1,0.33
8486,1,0.24
8487,1,0.04
8488,0,0.0
8489,0,0.01
8490,0,0.0
8491,1,1.0
8492,1,0.99
8493,0,0.19
8494,1,0.04
8495,1,0.09
8496,0,0.0
8497,1,0.2
8498,0,0.0
8499,0,0.0
8500,1,1.0
8501,0,0.0
8502,1,1.0
8503,0,0.0
8504,1,1.0
8505,1,0.84
8506,1,0.09
8507,1,0.26
8508,1,1.0
8509,1,0.24
8510,0,0.0
8511,0,0.0
8512,0,0.21
8513,0,0.0
8514,1,1.0
8515,1,1.0
8516,1,1.0
8517,1,1.0
8518,0,0.0
8519,0,0.0
8520,0,0.0
8521,1,1.0
8522,0,0.0
8523,1,0.13
8524,1,0.43
8525,1,0.08
8526,0,0.0
8527,0,0.0
8528,1,0.02
8529,1,1.0
8530,0,0.0
8531,1,0.12
8532,0,0.0
8533,1,0.71
8534,1,0.14
8535,1,0.29
8536,1,1.0
8537,0,0.0
8538,0,0.0
8539,0,0.0
8540,1,0.03
8541,1,1.0
8542,1,1.0
8543,0,0.2
8544,1,1.0
8545,1,0.29
8546,0,0.0
8547,1,1.0
8548,0,0.0
8549,1,1.0
8550,0,0.0
8551,1,0.0
8552,1,0.28
8553,0,0.0
8554,0,0.0
8555,1,0.09
8556,1,1.0
8557,1,1.0
8558,1,0.0
8559,1,0.09
8560,1,1.0
8561,0,0.0
8562,1,0.65
8563,1,0.09
8564,0,0.0
8565,0,0.0
8566,1,1.0
8567,0,0.0
8568,1,1.0
8569,1,0.49
8570,1,1.0
8571,0,0.08
8572,0,0.0
8573,1,1.0
8574,0,0.0
8575,1,1.0
8576,0,0.0
8577,0,0.0
8578,1,1.0
8579,1,1.0
8580,0,0.8
8581,1,1.0
8582,1,0.18
8583,0,0.0
8584,1,0.43
8585,1,1.0
8586,0,0.0
8587,1,0.01
8588,0,0.0
8589,0,0.0
8590,1,1.0
8591,1,0.46
8592,0,0.0
8593,1,1.0
8594,1,0.57
8595,1,1.0
8596,0,0.0
8597,1,0.1
8598,0,0.0
8599,1,0.15
8600,1,0.98
8601,0,0.0
8602,1,0.02
8603,1,1.0
8604,0,0.0
8605,1,0.16
8606,1,1.0
8607,0,0.0
8608,0,0.2
8609,0,0.0
8610,1,0.0
8611,1,0.99
8612,1,0.07
8613,1,0.43
8614,0,0.0
8615,1,1.0
8616,0,0.0
8617,0,0.0
8618,0,0.0
8619,1,0.5
8620,1,0.28
8621,0,0.0
8622,1,1.0
8623,0,0.0
8624,0,0.21
8625,1,1.0
8626,0,0.0
8627,1,0.98
8628,1,1.0
8629,0,0.2
8630,1,0.1
8631,0,0.0
8632,1,1.0
8633,0,0.0
8634,0,0.0
8635,1,1.0
8636,1,1.0
8637,1,1.0
8638,0,0.0
8639,0,0.0
8640,1,0.1
8641,0,0.0
8642,0,0.0
8643,0,0.0
8644,0,0.0
8645,0,0.2
8646,1,1.0
8647,1,0.22
8648,0,0.0
8649,1,0.06
8650,0,0.0
8651,1,0.7725
8652,1,0.98
8653,1,1.0
8654,1,0.65
8655,1,0.05
8656,0,0.0
8657,0,0.0
8658,0,0.0
8659,0,1.0
8660,1,0.94
8661,0,0.0
8662,0,0.0
8663,0,0.0
8664,1,1.0
8665,1,0.49
8666,1,0.13
8667,0,0.0
8668,1,1.0
8669,1,1.0
8670,1,1.0
8671,0,0.0
8672,1,1.0
8673,1,0.53
8674,0,0.0
8675,0,0.0
8676,1,1.0
8677,1,0.0
8678,0,0.0
8679,1,0.95
8680,1,1.0
8681,0,0.0
8682,0,0.0
8683,1,1.0
8684,1,1.0
8685,0,0.0
8686,1,1.0
8687,0,0.0
8688,1,0.16
8689,1,0.08
8690,1,0.08
8691,1,0.27
8692,1,1.0
8693,0,0.0
8694,0,0.0
8695,1,0.11
8696,1,1.0
8697,0,0.0
8698,0,0.0
8699,0,0.0
8700,1,0.6
8701,1,0.07
8702,0,0.0
8703,0,0.0
8704,0,0.0
8705,0,0.0
8706,1,0.11
8707,0,0.0
8708,1,0.36
8709,0,0.0
8710,1,0.96
8711,1,1.0
8712,1,0.26
8713,0,0.0
8714,1,0.0
8715,1,0.12
8716,0,0.0
8717,0,0.0
8718,0,0.0
8719,1,0.1
8720,1,0.01
8721,1,0.86
8722,1,1.0
8723,0,0.0
8724,1,1.0
8725,1,0.18
8726,0,0.0
8727,0,0.0
8728,0,0.0
8729,1,0.32
8730,0,0.0
8731,0,0.0
8732,1,0.43
8733,1,0.24
8734,1,0.04
8735,1,1.0
8736,1,1.0
8737,0,0.0
8738,1,1.0
8739,0,0.0
8740,1,1.0
8741,1,1.0
8742,1,0.08
8743,1,0.99
8744,0,0.0
8745,1,0.99
8746,1,0.86
8747,1,1.0
8748,0,0.0
8749,0,0.45
8750,1,0.99
8751,0,0.0
8752,0,0.0
8753,0,0.0
8754,0,0.0
8755,0,0.0
8756,0,0.0
8757,1,0.46
8758,1,1.0
8759,1,1.0
8760,1,1.0
8761,1,1.0
8762,1,0.23
8763,0,0.0
8764,0,0.2
8765,0,0.0
8766,1,0.32
8767,0,0.0
8768,1,1.0
8769,0,0.0
8770,0,0.0
8771,1,0.97
8772,0,0.0
8773,0,0.0
8774,0,0.19
8775,0,0.0
8776,1,1.0
8777,0,0.52
8778,0,0.0
8779,1,1.0
8780,1,1.0
8781,1,0.58
8782,1,0.18
8783,0,0.0
8784,1,1.0
8785,0,0.0
8786,0,0.0
8787,1,1.0
8788,1,1.0
8789,0,0.0
8790,0,0.0
8791,1,1.0
8792,0,0.0
8793,0,0.0
8794,0,0.86
8795,0,0.0
8796,1,1.0
8797,1,1.0
8798,0,0.0
8799,1,1.0
8800,0,0.0
8801,1,0.11
8802,0,0.0
8803,1,1.0
8804,0,0.95
8805,1,0.08
8806,1,1.0
8807,1,0.34
8808,1,0.48
8809,1,1.0
8810,1,1.0
8811,1,0.35
8812,0,0.0
8813,1,0.04
8814,0,0.0
8815,0,0.0
8816,1,0.25
8817,1,1.0
8818,1,1.0
8819,1,0.11
8820,1,1.0
8821,0,0.0
8822,0,0.0
8823,1,1.0
8824,1,1.0
8825,1,1.0
8826,1,0.26
8827,0,0.0
8828,1,0.07
8829,1,0.44
8830,0,0.0
8831,0,0.0
8832,0,0.0
8833,0,0.0
8834,1,1.0
8835,1,1.0
8836,1,1.0
8837,1,1.0
8838,1,1.0
8839,0,0.0
8840,0,0.84
8841,1,1.0
8842,1,0.08
8843,0,0.0
8844,1,1.0
8845,1,0.28
8846,1,1.0
8847,0,0.0
8848,1,0.08
8849,0,0.0
8850,1,0.61
8851,0,0.01
8852,0,0.0
8853,1,1.0
8854,0,0.2
8855,1,0.94
8856,0,0.0
8857,1,1.0
8858,1,1.0
8859,1,1.0
8860,1,0.06
8861,1,0.97
8862,1,1.0
8863,1,0.8
8864,1,0.17
8865,1,0.46
8866,1,0.37
8867,1,1.0
8868,1,0.97
8869,0,0.0
8870,1,0.07
8871,1,0.86
8872,1,1.0
8873,0,0.0
8874,0,0.2
8875,1,1.0
8876,1,0.18
8877,0,0.01
8878,1,1.0
8879,0,0.0
8880,1,1.0
8881,0,0.0
8882,1,1.0
8883,0,0.0
8884,1,0.23
8885,0,0.18
8886,1,1.0
8887,1,0.0
8888,1,0.13
8889,1,1.0
8890,1,1.0
8891,1,1.0
8892,1,0.14
8893,1,1.0
8894,0,0.0
8895,1,0.38
8896,1,1.0
8897,1,0.56
8898,0,0.0
8899,1,1.0
8900,1,0.77
8901,1,0.96
8902,0,0.68
8903,0,0.0
8904,0,0.0
8905,0,0.0
8906,1,0.0
8907,1,0.69
8908,1,1.0
8909,0,0.0
8910,0,0.0
8911,1,0.26
8912,0,0.0
8913,0,0.0
8914,0,0.0
8915,1,0.99
8916,0,0.0
8917,1,1.0
8918,0,0.0
8919,0,0.0
8920,1,1.0
8921,0,0.0
8922,0,0.38
8923,1,0.13
8924,1,0.26
8925,0,0.0
8926,0,0.0
8927,1,1.0
8928,1,0.06
8929,0,0.0
8930,1,1.0
8931,1,0.05
8932,1,1.0
8933,1,0.1
8934,0,0.0
8935,1,1.0
8936,0,0.0
8937,1,0.62
8938,0,0.0
8939,1,0.03
8940,0,0.0
8941,1,0.22
8942,0,0.0
8943,0,0.0
8944,1,0.55
8945,0,0.0
8946,1,1.0
8947,1,0.57
8948,1,0.52
8949,0,0.0
8950,1,0.89
8951,1,1.0
8952,1,0.49
8953,0,0.0
8954,0,0.2
8955,0,0.05
8956,0,0.0
8957,1,1.0
8958,0,0.0
8959,0,0.0
8960,1,0.09
8961,0,0.06
8962,1,0.51
8963,0,0.0
8964,0,0.0
8965,1,1.0
8966,0,0.0
8967,1,0.03
8968,1,1.0
8969,1,1.0
8970,1,0.06
8971,0,0.07
8972,1,1.0
8973,0,0.0
8974,1,0.97
8975,0,0.0
8976,0,0.0
8977,1,1.0
8978,1,1.0
8979,1,1.0
8980,1,1.0
8981,1,0.39
8982,1,0.19
8983,0,0.06
8984,1,0.99
8985,0,0.0
8986,1,0.9333
8987,0,0.0
8988,1,1.0
8989,1,0.47
8990,1,1.0
8991,1,0.22
8992,1,0.42
8993,1,0.36
8994,1,0.17
8995,1,0.91
8996,1,1.0
8997,0,0.0
8998,0,0.0
8999,1,0.24
9000,0,0.0
9001,0,0.0
9002,1,0.86
9003,1,1.0
9004,0,0.0
9005,0,0.0
9006,1,0.0
9007,1,1.0
9008,1,1.0
9009,0,0.2
9010,1,0.1
9011,1,0.11
9012,1,0.45
9013,0,0.0
9014,1,0.29
9015,0,0.0
9016,1,0.02
9017,1,1.0
9018,0,0.0
9019,1,1.0
9020,0,0.0
9021,1,1.0
9022,0,0.01
9023,0,0.0
9024,1,1.0
9025,0,0.0
9026,1,0.49
9027,0,0.0
9028,0,0.0
9029,1,1.0
9030,0,0.15
9031,1,0.7658
9032,0,0.0
9033,0,0.0
9034,0,0.0
9035,0,0.0
9036,1,0.54
9037,1,0.22
9038,1,1.0
9039,0,0.0
9040,0,0.0
9041,1,0.09
9042,1,0.54
9043,1,0.99
9044,0,0.0
9045,0,0.0
9046,1,1.0
9047,1,0.05
9048,1,0.09
9049,0,0.0
9050,0,0.0
9051,1,1.0
9052,0,0.0
9053,1,0.55
9054,1,0.53
9055,1,1.0
9056,1,1.0
9057,1,1.0
9058,0,0.04
9059,1,1.0
9060,1,0.49
9061,1,1.0
9062,1,0.16
9063,0,0.0
9064,1,0.25
9065,1,0.29
9066,1,0.78
9067,1,0.07
9068,1,1.0
9069,1,1.0
9070,1,0.85
9071,1,1.0
9072,1,0.07
9073,0,0.0
9074,0,0.0
9075,1,0.97
9076,0,0.0
9077,1,0.07
9078,1,1.0
9079,0,0.0
9080,0,0.0
9081,1,1.0
9082,1,0.15
9083,1,1.0
9084,1,1.0
9085,0,0.0
9086,1,0.26
9087,1,0.59
9088,0,0.0
9089,1,1.0
9090,1,1.0
9091,1,0.05
9092,0,0.0
9093,0,0.0
9094,0,0.0
9095,0,0.2
9096,1,0.03
9097,1,0.09
9098,1,1.0
9099,0,0.0
9100,0,0.0
9101,0,0.0
9102,0,0.0
9103,1,0.57
9104,1,0.08
9105,0,0.0
9106,1,0.17
9107,0,0.2
9108,0,0.0
9109,0,0.0
9110,1,0.36
9111,0,0.0
9112,0,0.0
9113,0,0.0
9114,1,0.83
9115,1,1.0
9116,0,0.0
9117,1,1.0
9118,1,0.17
9119,1,0.0
9120,0,0.0
9121,0,0.0
9122,0,0.0
9123,0,0.0
9124,0,0.25
9125,1,0.29
9126,0,0.0
9127,0,0.0
9128,1,0.02
9129,1,0.48
9130,1,0.46
9131,0,0.0
9132,1,0.04
9133,1,0.99
9134,0,0.0
9135,0,0.0
9136,0,0.0
9137,1,0.24
9138,1,0.98
9139,0,0.0
9140,1,0.61
9141,1,1.0
9142,1,1.0
9143,0,0.0
9144,1,1.0
9145,0,0.0
9146,1,1.0
9147,0,0.0
9148,1,0.44
9149,1,1.0
9150,1,0.01
9151,1,0.04
9152,0,0.0
9153,1,0.22
9154,0,0.0
9155,1,0.03
9156,1,0.44
9157,1,1.0
9158,1,0.25
9159,1,0.49
9160,0,0.0
9161,1,0.51
9162,1,0.97
9163,1,1.0
9164,0,0.0
9165,1,1.0
9166,0,0.0
9167,0,0.0
9168,1,0.99
9169,0,0.2
9170,1,1.0
9171,1,0.54
9172,1,1.0
9173,0,0.0
9174,1,0.44
9175,1,1.0
9176,0,0.0
9177,1,1.0
9178,0,0.0
9179,0,0.0
9180,0,0.0
9181,1,1.0
9182,1,1.0
9183,1,1.0
9184,0,0.0
9185,1,1.0
9186,1,1.0
9187,1,0.22
9188,0,0.0
9189,1,1.0
9190,1,0.06
9191,0,0.0
9192,1,0.05
9193,0,0.0
9194,1,0.06
9195,1,0.03
9196,1,0.86
9197,1,1.0
9198,1,0.51
9199,1,1.0
9200,0,0.93
9201,1,0.1
9202,0,0.0
9203,0,0.0
9204,0,0.0
9205,1,1.0
9206,1,0.4
9207,0,0.0
9208,1,1.0
9209,0,0.0
9210,1,1.0
9211,1,0.33
9212,1,0.05
9213,1,1.0
9214,0,0.0
9215,1,0.25
9216,0,0.0
9217,1,1.0
9218,1,0.02
9219,0,0.0
9220,1,1.0
9221,1,0.04
9222,0,0.0
9223,0,0.0
9224,1,0.28
9225,0,0.0
9226,0,0.0
9227,1,1.0
9228,1,0.41
9229,1,0.37
9230,1,0.02
9231,1,1.0
9232,0,0.0
9233,1,0.36
9234,1,0.5
9235,0,0.0
9236,1,0.45
9237,0,0.0
9238,0,0.0
9239,1,1.0
9240,1,0.44
9241,1,0.01
9242,1,0.11
9243,1,1.0
9244,1,0.05
9245,1,0.4
9246,1,1.0
9247,0,0.0
9248,1,0.7
9249,1,1.0
9250,1,1.0
9251,1,0.27
9252,0,0.21
9253,1,1.0
9254,0,0.0
9255,1,1.0
9256,1,1.0
9257,0,0.0
9258,0,0.0
9259,1,0.37
9260,1,1.0
9261,0,0.0
9262,0,0.0
9263,0,0.0
9264,1,1.0
9265,0,0.0
9266,1,0.7
9267,1,0.89
9268,0,0.0
9269,0,0.0
9270,0,0.0
9271,1,0.45
9272,1,0.46
9273,0,0.0
9274,1,0.03
9275,0,0.0
9276,0,0.0
9277,1,0.89
9278,0,0.0
9279,0,0.04
9280,0,0.01
9281,1,1.0
9282,1,1.0
9283,1,1.0
9284,1,0.18
9285,1,1.0
9286,1,0.43
9287,1,0.33
9288,1,1.0
9289,0,0.0
9290,0,0.0
9291,0,0.0
9292,1,1.0
9293,1,1.0
9294,1,0.09
9295,0,0.0
9296,1,0.07
9297,1,0.29
9298,0,0.0
9299,1,0.14
9300,0,0.2
9301,1,0.06
9302,0,0.0
9303,0,0.15
9304,1,1.0
9305,1,1.0
9306,1,1.0
9307,1,0.22
9308,0,0.0
9309,0,0.02
9310,0,0.0
9311,1,1.0
9312,1,0.42
9313,1,1.0
9314,1,1.0
9315,0,0.0
9316,0,0.0
9317,0,0.0
9318,1,1.0
9319,1,0.04
9320,1,1.0
9321,1,1.0
9322,0,0.0
9323,0,0.0
9324,1,1.0
9325,0,0.01
9326,0,0.0
9327,1,0.05
9328,0,0.2
9329,1,1.0
9330,1,1.0
9331,1,0.47
9332,0,0.0
9333,1,1.0
9334,1,0.09
9335,0,0.0
9336,0,0.0
9337,0,0.09
9338,1,1.0
9339,1,0.06
9340,1,1.0
9341,1,1.0
9342,0,0.0
9343,1,1.0
9344,1,1.0
9345,1,0.15
9346,1,1.0
9347,0,0.0
9348,1,0.93
9349,1,1.0
9350,0,0.0
9351,1,1.0
9352,0,0.0
9353,1,1.0
9354,0,0.2
9355,1,0.9633
9356,0,0.02
9357,0,0.0
9358,0,0.0
9359,1,1.0
9360,0,0.0
9361,1,0.71
9362,1,1.0
9363,0,0.95
9364,0,0.0
9365,0,0.0
9366,0,0.0
9367,1,0.02
9368,0,0.0
9369,0,0.56
9370,0,0.0
9371,0,0.0
9372,1,0.45
9373,0,0.2
9374,0,0.0
9375,0,0.0
9376,0,0.0
9377,1,0.42
9378,1,0.22
9379,1,0.49
9380,1,0.0
9381,0,0.0
9382,1,1.0
9383,1,0.36
9384,1,0.27
9385,1,0.85
9386,0,0.0
9387,0,0.0
9388,0,0.0
9389,1,0.0
9390,0,0.0
9391,1,0.99
9392,0,0.0
9393,0,0.0
9394,0,0.0
9395,1,1.0
9396,1,0.02
9397,1,0.15
9398,0,0.0
9399,1,0.95
9400,0,0.0
9401,1,1.0
9402,1,1.0
9403,0,0.0
9404,0,0.0
9405,1,0.18
9406,0,0.0
9407,0,0.0
9408,0,0.0
9409,0,0.0
9410,0,0.0
9411,0,0.0
9412,1,1.0
9413,0,0.0
9414,0,0.0
9415,0,0.0
9416,1,1.0
9417,1,1.0
9418,1,0.06
9419,1,0.21
9420,0,0.0
9421,1,0.96
9422,1,0.27
9423,1,0.1
9424,1,1.0
9425,0,0.2
9426,0,0.2
9427,1,1.0
9428,0,0.0
9429,1,1.0
9430,0,0.0
9431,0,0.01
9432,1,0.72
9433,0,0.0
9434,1,0.22
9435,0,0.0
9436,1,1.0
9437,1,0.0
9438,1,1.0
9439,1,0.22
9440,0,0.0
9441,1,1.0
9442,1,0.42
9443,1,1.0
9444,0,0.0
9445,1,1.0
9446,1,0.99
9447,1,0.65
9448,1,1.0
9449,1,0.19
9450,0,0.88
9451,1,0.29
9452,0,0.0
9453,0,0.0
9454,0,0.0
9455,1,1.0
9456,0,0.0
9457,1,0.08
9458,1,0.09
9459,0,0.0
9460,1,0.02
9461,1,1.0
9462,1,1.0
9463,1,0.32
9464,0,0.0
9465,1,0.23
9466,1,0.04
9467,0,0.0
9468,1,0.07
9469,1,0.96
9470,0,0.01
9471,1,0.5135
9472,0,0.01
9473,0,0.15
9474,0,0.0
9475,0,0.0
9476,1,1.0
9477,0,0.0
9478,1,0.27
9479,0,0.0
9480,1,1.0
9481,0,0.0
9482,0,1.0
9483,0,0.0
9484,0,0.0
9485,1,0.9
9486,0,0.0
9487,1,0.97
9488,1,1.0
9489,1,1.0
9490,0,0.0
9491,0,0.0
9492,0,0.0
9493,1,0.01
9494,1,1.0
9495,1,1.0
9496,1,0.4
9497,0,0.0
9498,0,0.99
9499,0,0.0
9500,1,0.36
9501,1,0.99
9502,0,0.0
9503,1,0.48
9504,1,0.31
9505,0,0.0
9506,1,0.05
9507,0,0.0
9508,1,0.25
9509,0,0.0
9510,1,0.09
9511,1,0.09
9512,1,1.0
9513,1,1.0
9514,0,0.04
9515,0,0.0
9516,1,0.54
9517,0,0.02
9518,0,0.0
9519,1,1.0
9520,1,1.0
9521,1,0.05
9522,0,0.0
9523,0,0.0
9524,0,0.0
9525,1,1.0
9526,1,1.0
9527,1,1.0
9528,0,0.0
9529,0,0.0
9530,0,0.0
9531,0,0.0
9532,0,0.0
9533,0,0.0
9534,0,0.0
9535,0,0.0
9536,0,0.0
9537,1,1.0
9538,1,1.0
9539,0,0.0
9540,1,0.12
9541,0,0.02
9542,0,0.0
9543,0,0.0
9544,1,1.0
9545,1,1.0
9546,1,1.0
9547,1,0.62
9548,1,0.06
9549,1,1.0
9550,1,1.0
9551,0,0.0
9552,0,0.0
9553,1,0.16
9554,0,0.17
9555,0,0.0
9556,1,1.0
9557,1,0.12
9558,1,1.0
9559,0,0.0
9560,0,0.0
9561,1,0.08
9562,1,1.0
9563,1,1.0
9564,1,1.0
9565,0,0.0
9566,1,1.0
9567,1,0.22
9568,1,1.0
9569,1,1.0
9570,0,0.0
9571,0,0.0
9572,0,0.0
9573,0,0.0
9574,0,0.0
9575,1,1.0
9576,0,0.09
9577,0,0.0
9578,1,0.0
9579,0,0.0
9580,1,0.52
9581,1,0.22
9582,0,0.0
9583,0,0.0
9584,1,1.0
9585,0,0.0
9586,0,0.0
9587,0,0.0
9588,0,0.0
9589,1,1.0
9590,1,1.0
9591,0,0.0
9592,0,0.0
9593,0,0.0
9594,0,0.0
9595,1,0.43
9596,1,0.19
9597,1,1.0
9598,0,0.2
9599,0,0.0
9600,1,1.0
9601,0,0.0
9602,0,0.0
9603,1,0.03
9604,1,0.72
9605,1,0.22
9606,0,0.0
9607,1,0.02
9608,0,0.0
9609,1,1.0
9610,1,1.0
9611,0,0.0
9612,1,0.85
9613,0,0.23
9614,1,0.09
9615,1,1.0
9616,0,0.21
9617,1,0.45
9618,1,0.65
9619,0,0.0
9620,0,0.0
9621,1,1.0
9622,1,0.19
9623,1,0.48
9624,0,0.0
9625,1,1.0
9626,1,0.86
9627,0,0.93
9628,0,0.0
9629,1,0.47
9630,1,0.42
9631,0,0.0
9632,1,0.22
9633,0,0.0
9634,1,0.37
9635,0,0.0
9636,1,1.0
9637,0,0.0
9638,0,0.16
9639,0,0.0
9640,0,0.0
9641,0,0.19
9642,0,0.0
9643,1,0.93
9644,0,0.0
9645,1,1.0
9646,0,0.0
9647,1,0.0
9648,1,0.59
9649,1,0.01
9650,0,0.2
9651,0,0.0
9652,0,0.0
9653,1,0.2
9654,1,1.0
9655,0,0.0
9656,1,0.88
9657,0,0.0
9658,0,0.98
9659,0,0.2
9660,1,1.0
9661,1,1.0
9662,0,0.0
9663,1,0.29
9664,1,0.84
9665,0,0.0
9666,1,0.56
9667,1,0.57
9668,1,0.9
9669,1,0.99
9670,0,0.0
9671,0,1.0
9672,0,0.0
9673,1,1.0
9674,0,0.01
9675,1,0.26
9676,1,1.0
9677,1,0.1
9678,1,1.0
9679,0,0.18
9680,0,0.21
9681,0,0.0
9682,1,1.0
9683,0,0.0
9684,0,0.0
9685,1,0.15
9686,0,0.0
9687,0,0.0
9688,0,0.0
9689,0,0.0
9690,1,0.07
9691,1,1.0
9692,0,0.0
9693,0,0.0
9694,0,0.0
9695,0,0.0
9696,1,1.0
9697,1,0.15
9698,0,0.0
9699,0,0.0
9700,0,0.0
9701,0,0.0
9702,1,1.0
9703,1,1.0
9704,1,0.06
9705,0,0.0
9706,1,0.98
9707,1,0.86
9708,0,0.01
9709,1,1.0
9710,1,0.935
9711,1,1.0
9712,0,0.0
9713,1,1.0
9714,1,0.37
9715,1,1.0
9716,1,0.02
9717,1,1.0
9718,1,0.47
9719,1,1.0
9720,1,0.44
9721,0,0.0
9722,0,0.02
9723,0,0.0
9724,1,0.12
9725,0,0.0
9726,1,0.04
9727,0,0.0
9728,0,0.21
9729,1,0.96
9730,1,0.03
9731,0,0.0
9732,1,1.0
9733,1,1.0
9734,1,1.0
9735,1,0.01
9736,1,0.09
9737,0,0.0
9738,1,1.0
9739,0,0.0
9740,1,0.23
9741,0,0.0
9742,1,1.0
9743,1,0.02
9744,0,0.0
9745,0,0.0
9746,1,0.01
9747,0,0.0
9748,1,1.0
9749,1,1.0
9750,1,1.0
9751,1,0.54
9752,1,0.06
9753,0,0.0
9754,1,0.0
9755,1,1.0
9756,1,0.08
9757,1,0.68
9758,1,0.88
9759,1,0.26
9760,1,1.0
9761,0,0.0
9762,1,1.0
9763,1,1.0
9764,1,1.0
9765,1,1.0
9766,1,0.47
9767,0,0.0
9768,0,0.0
9769,1,0.02
9770,0,0.0
9771,1,1.0
9772,1,0.56
9773,1,1.0
9774,0,0.0
9775,1,0.0
9776,1,0.54
9777,0,0.11
9778,1,0.0
9779,1,1.0
9780,1,0.58
9781,0,0.0
9782,0,0.02
9783,0,0.0
9784,1,0.99
9785,1,0.22
9786,1,1.0
9787,1,1.0
9788,1,0.81
9789,0,0.0
9790,0,0.0
9791,1,0.26
9792,0,0.0
9793,1,1.0
9794,1,1.0
9795,1,1.0
9796,1,0.0
9797,1,1.0
9798,0,0.0
9799,0,0.0
9800,1,0.38
9801,1,1.0
9802,1,0.25
9803,1,0.0
9804,1,0.11
9805,1,0.97
9806,0,0.0
9807,0,0.97
9808,1,1.0
9809,1,0.03
9810,0,0.0
9811,0,0.16
9812,0,0.0
9813,1,0.99
9814,1,0.12
9815,0,0.0
9816,0,0.0
9817,0,0.0
9818,0,0.0
9819,0,0.0
9820,1,0.97
9821,1,1.0
9822,1,0.22
9823,0,0.0
9824,0,0.0
9825,1,0.96
9826,0,0.0
9827,1,1.0
9828,0,0.0
9829,1,1.0
9830,0,0.0
9831,1,1.0
9832,1,0.13
9833,1,1.0
9834,0,0.0
9835,1,1.0
9836,0,0.0
9837,1,1.0
9838,0,0.0
9839,1,1.0
9840,1,0.06
9841,0,0.0
9842,0,0.0
9843,1,0.84
9844,1,0.89
9845,0,0.0
9846,0,0.0
9847,0,0.0
9848,1,0.96
9849,1,0.34
9850,0,0.0
9851,1,1.0
9852,0,0.0
9853,0,0.0
9854,0,0.0
9855,0,0.0
9856,1,1.0
9857,1,1.0
9858,1,1.0
9859,0,0.0
9860,1,1.0
9861,0,0.0
9862,0,0.2
9863,0,0.0
9864,1,1.0
9865,1,1.0
9866,1,1.0
9867,0,0.0
9868,0,0.0
9869,1,0.44
9870,0,0.0
9871,0,0.0
9872,1,0.09
9873,1,1.0
9874,0,0.0
9875,0,0.0
9876,1,0.23
9877,0,0.0
9878,0,0.03
9879,0,0.0
9880,1,1.0
9881,1,1.0
9882,0,0.0
9883,0,0.01
9884,1,0.47
9885,0,0.0
9886,0,0.0
9887,1,1.0
9888,0,0.0
9889,0,0.0
9890,0,0.0
9891,0,0.0
9892,0,0.0
9893,1,1.0
9894,0,0.0
9895,1,0.35
9896,0,0.0
9897,0,0.0
9898,0,0.0
9899,0,0.0
9900,1,0.11
9901,0,0.0
9902,1,1.0
9903,1,0.97
9904,1,1.0
9905,0,0.02
9906,1,1.0
9907,1,0.91
9908,1,1.0
9909,0,0.0
9910,1,1.0
9911,0,0.01
9912,1,0.25
9913,1,1.0
9914,1,1.0
9915,1,0.16
9916,1,0.46
9917,0,0.16
9918,1,1.0
9919,1,1.0
9920,0,0.0
9921,0,0.0
9922,1,0.11
9923,0,0.0
9924,0,0.19
9925,0,0.0
9926,1,0.03
9927,1,1.0
9928,0,0.0
9929,0,0.0
9930,1,0.19
9931,1,0.35
9932,0,0.0
9933,1,1.0
9934,1,0.09
9935,0,0.0
9936,1,0.07
9937,1,1.0
9938,1,0.71
9939,0,0.0
9940,1,1.0
9941,1,0.0
9942,1,0.1
9943,0,0.0
9944,0,0.0
9945,1,0.96
9946,1,1.0
9947,1,0.99
9948,1,0.14
9949,0,0.16
9950,1,0.14
9951,1,1.0
9952,0,0.0
9953,1,0.99
9954,1,1.0
9955,1,1.0
9956,1,0.14
9957,1,0.13
9958,0,0.0
9959,1,1.0
9960,1,0.42
9961,0,0.0
9962,0,0.01
9963,0,0.62
9964,0,0.0
9965,0,0.0
9966,1,0.06
9967,1,1.0
9968,0,0.0
9969,1,1.0
9970,0,0.0
9971,1,1.0
9972,0,0.0
9973,0,0.0
9974,0,0.0
9975,0,0.0
9976,0,0.0
9977,1,1.0
9978,0,0.0
9979,0,0.0
9980,1,1.0
9981,1,0.38
9982,0,0.0
9983,0,0.0
9984,0,0.0
9985,1,0.07
9986,0,0.0
9987,1,0.02
9988,1,0.91
9989,1,0.96
9990,1,0.27
9991,1,0.86
9992,1,0.0
9993,1,0.46
9994,0,0.0
9995,0,0.0
9996,1,1.0
9997,0,0.0
9998,1,0.27
9999,0,0.22
10000,0,0.0
10001,0,0.19
10002,0,0.0
10003,1,0.68
10004,1,1.0
10005,1,0.16
10006,1,1.0
10007,0,0.0
10008,1,1.0
10009,1,0.99
10010,1,0.09
10011,1,1.0
10012,1,1.0
10013,1,1.0
10014,1,1.0
10015,1,1.0
10016,1,1.0
10017,0,0.0
10018,1,0.27
10019,1,0.05
10020,1,1.0
10021,0,0.0
10022,0,0.0
10023,0,0.0
10024,1,0.28
10025,1,1.0
10026,0,0.21
10027,0,0.0
10028,1,1.0
10029,0,0.0
10030,1,1.0
10031,1,0.04
10032,1,0.3
10033,0,0.0
10034,1,1.0
10035,0,0.0
10036,0,0.0
10037,0,0.0
10038,1,0.19
10039,1,1.0
10040,0,0.0
10041,1,1.0
10042,1,1.0
10043,1,1.0
10044,0,0.0
10045,1,0.91
10046,0,0.0
10047,1,1.0
10048,1,1.0
10049,0,0.0
10050,1,1.0
10051,0,0.0
10052,0,0.2
10053,1,1.0
10054,0,0.0
10055,1,0.53
10056,0,0.0
10057,1,0.22
10058,1,1.0
10059,1,1.0
10060,1,0.07
10061,0,0.0
10062,0,0.0
10063,0,0.0
10064,0,0.0
10065,0,0.0
10066,0,0.0
10067,0,0.0
10068,1,0.03
10069,1,1.0
10070,0,0.0
10071,1,1.0
10072,0,0.0
10073,0,0.0
10074,0,0.0
10075,1,1.0
10076,1,0.19
10077,0,0.0
10078,1,1.0
10079,0,0.0
10080,1,0.13
10081,1,0.97
10082,1,0.03
10083,1,1.0
10084,0,0.0
10085,0,0.0
10086,0,0.02
10087,1,1.0
10088,1,0.43
10089,0,0.0
10090,0,0.0
10091,0,0.0
10092,0,0.0
10093,0,0.0
10094,1,1.0
10095,0,0.0
10096,1,0.27
10097,0,0.0
10098,1,0.98
10099,1,1.0
10100,0,0.0
10101,0,0.0
10102,0,0.0
10103,1,0.44
10104,1,1.0
10105,1,0.09
10106,1,0.09
10107,1,0.06
10108,1,0.01
10109,0,0.0
10110,1,1.0
10111,0,0.0
10112,0,0.0
10113,0,0.0
10114,1,0.43
10115,0,0.0
10116,0,0.0
10117,1,1.0
10118,0,0.0
10119,1,0.1
10120,1,1.0
10121,1,1.0
10122,1,0.97
10123,1,1.0
10124,1,1.0
10125,1,1.0
10126,1,1.0
10127,1,0.38
10128,0,0.0
10129,0,0.0
10130,1,0.88
10131,1,0.47
10132,0,0.0
10133,0,0.0
10134,1,0.06
10135,1,0.97
10136,0,0.0
10137,1,0.05
10138,0,0.2
10139,0,0.0
10140,0,0.0
10141,1,0.19
10142,1,1.0
10143,1,0.1
10144,0,0.0
10145,0,0.0
10146,0,0.0
10147,1,1.0
10148,1,0.1
10149,0,0.0
10150,1,0.25
10151,0,0.0
10152,0,0.0
10153,0,0.0
10154,1,1.0
10155,0,0.0
10156,0,0.0
10157,1,0.12
10158,0,0.0
10159,0,0.0
10160,1,0.24
10161,1,0.23
10162,0,0.0
10163,1,0.5
10164,1,1.0
10165,0,0.0
10166,1,0.08
10167,1,0.11
10168,1,1.0
10169,1,1.0
10170,0,0.0
10171,1,1.0
10172,0,0.0
10173,1,0.908
10174,0,0.0
10175,0,0.12
10176,1,0.09
10177,1,0.14
10178,1,0.4
10179,1,0.26
10180,0,0.0
10181,1,0.4
10182,1,0.34
10183,0,0.0
10184,0,0.0
10185,1,0.25
10186,0,0.0
10187,1,0.23
10188,0,0.0
10189,1,1.0
10190,0,0.0
10191,1,1.0
10192,0,0.0
10193,1,0.37
10194,1,1.0
10195,1,0.96
10196,0,1.0
10197,0,0.0
10198,1,1.0
10199,1,0.24
10200,1,0.18
10201,1,0.06
10202,1,0.98
10203,0,0.0
10204,1,0.02
10205,1,1.0
10206,0,0.0
10207,1,0.02
10208,0,0.0
10209,0,0.0
10210,1,1.0
10211,0,0.0
10212,1,1.0
10213,1,0.32
10214,0,0.0
10215,1,0.9
10216,1,1.0
10217,1,1.0
10218,0,0.0
10219,0,0.0
10220,0,0.0
10221,1,1.0
10222,0,0.0
10223,1,1.0
10224,1,0.12
10225,0,0.0
10226,1,0.08
10227,0,0.0
10228,1,0.23
10229,1,0.02
10230,1,0.7208
10231,1,0.86
10232,0,0.0
10233,0,0.0
10234,0,0.0
10235,1,0.0
10236,1,0.82
10237,0,0.0
10238,1,0.32
10239,0,0.0
10240,0,0.2
10241,1,0.2
10242,0,0.0
10243,1,1.0
10244,1,1.0
10245,1,0.0
10246,0,0.0
10247,0,0.0
10248,1,1.0
10249,0,0.0
10250,1,0.14
10251,1,0.17
10252,0,0.0
10253,1,1.0
10254,1,1.0
10255,1,0.83
10256,1,1.0
10257,1,0.07
10258,0,0.0
10259,0,0.0
10260,0,0.0
10261,1,0.03
10262,0,0.0
10263,0,0.0
10264,1,1.0
10265,0,0.0
10266,0,0.09
10267,1,0.07
10268,0,0.0
10269,1,0.99
10270,0,0.06
10271,0,0.02
10272,1,0.6
10273,0,0.2
10274,1,0.88
10275,1,0.77
10276,0,0.0
10277,1,1.0
10278,0,0.0
10279,1,1.0
10280,1,0.99
10281,0,0.07
10282,0,0.0
10283,1,1.0
10284,1,1.0
10285,1,1.0
10286,1,0.12
10287,0,0.0
10288,1,1.0
10289,1,1.0
10290,0,0.2
10291,1,1.0
10292,1,0.51
10293,1,0.0
10294,1,1.0
10295,1,0.11
10296,1,0.04
10297,0,0.0
10298,0,0.0
10299,1,0.06
10300,0,0.35
10301,0,0.0
10302,0,0.0
10303,1,0.36
10304,0,0.21
10305,1,1.0
10306,1,0.36
10307,0,0.0
10308,1,0.86
10309,0,0.0
10310,0,0.0
10311,0,0.0
10312,1,0.56
10313,0,0.0
10314,1,1.0
10315,0,0.07
10316,0,0.0
10317,1,0.36
10318,0,0.0
10319,0,0.0
10320,0,0.0
10321,0,0.0
10322,1,0.88
10323,1,1.0
10324,1,0.94
10325,1,0.26
10326,0,0.0
10327,1,0.01
10328,0,0.0
10329,1,0.14
10330,0,0.0
10331,0,0.0
10332,1,0.16
10333,0,0.0
10334,1,1.0
10335,0,1.0
10336,0,0.0
10337,1,0.25
10338,0,0.0
10339,0,0.0
10340,0,0.2
10341,0,0.0
10342,1,0.47
10343,1,0.8583
10344,1,1.0
10345,1,1.0
10346,0,0.0
10347,0,0.0
10348,1,0.91
10349,0,0.0
10350,0,0.0
10351,1,0.85
10352,1,0.01
10353,1,0.06
10354,0,0.0
10355,1,1.0
10356,0,0.0
10357,1,0.8483
10358,0,0.0
10359,1,0.13
10360,0,0.0
10361,0,0.0
10362,1,1.0
10363,1,0.03
10364,1,0.01
10365,0,0.0
10366,0,0.0
10367,0,0.0
10368,1,1.0
10369,0,0.0
10370,1,1.0
10371,0,0.0
10372,1,0.1
10373,1,1.0
10374,0,0.18
10375,0,0.0
10376,0,0.0
10377,1,1.0
10378,0,0.0
10379,1,0.43
10380,1,0.76
10381,0,0.0
10382,0,0.0
10383,1,1.0
10384,0,0.0875
10385,1,1.0
10386,1,1.0
10387,1,0.14
10388,1,0.24
10389,1,0.05
10390,0,0.0
10391,0,0.0
10392,0,0.0
10393,1,0.1
10394,1,1.0
10395,0,0.0
10396,0,0.01
10397,1,0.01
10398,0,0.0
10399,1,1.0
10400,1,1.0
10401,0,0.0
10402,1,0.88
10403,0,0.0
10404,0,0.0
10405,1,1.0
10406,0,0.13
10407,0,0.01
10408,0,0.0
10409,1,1.0
10410,0,0.0
10411,1,0.09
10412,0,0.0
10413,1,0.02
10414,0,0.0
10415,0,0.0
10416,0,0.0
10417,1,1.0
10418,0,0.0
10419,1,1.0
10420,0,0.0
10421,0,1.0
10422,0,0.0
10423,0,0.0
10424,0,0.0
10425,1,0.01
10426,1,1.0
10427,0,0.0
10428,0,0.0
10429,1,0.96
10430,0,0.0
10431,1,0.03
10432,0,0.0
10433,0,0.2
10434,0,0.0
10435,1,0.91
10436,1,1.0
10437,0,0.0
10438,1,0.99
10439,1,0.27
10440,1,0.07
10441,0,0.0
10442,0,0.0
10443,1,0.11
10444,0,0.0
10445,0,0.0
10446,0,0.97
10447,1,0.26
10448,0,0.0
10449,1,0.07
10450,0,0.02
10451,1,1.0
10452,0,0.0
10453,0,0.0
10454,0,0.0
10455,0,0.0
10456,0,0.98
10457,0,0.0
10458,0,0.0
10459,0,0.0
10460,0,0.0
10461,1,1.0
10462,0,0.0
10463,0,0.0
10464,0,0.02
10465,0,0.0
10466,1,0.26
10467,1,0.09
10468,1,1.0
10469,1,1.0
10470,1,1.0
10471,1,0.1
10472,1,0.34
10473,1,1.0
10474,1,1.0
10475,1,0.87
10476,0,0.0
10477,1,1.0
10478,1,1.0
10479,0,0.0
10480,0,0.0
10481,1,1.0
10482,1,0.29
10483,0,0.0
10484,1,0.33
10485,1,0.07
10486,0,0.0
10487,0,0.0
10488,1,1.0
10489,0,0.0
10490,0,0.0
10491,1,0.48
10492,0,0.0
10493,1,1.0
10494,0,0.0
10495,1,1.0
10496,0,0.0
10497,1,1.0
10498,1,1.0
10499,0,0.0
10500,1,0.98
10501,1,1.0
10502,0,0.0
10503,1,1.0
10504,0,0.0
10505,0,0.0
10506,0,0.0
10507,1,1.0
10508,0,0.0
10509,1,1.0
10510,0,0.0
10511,1,0.51
10512,1,1.0
10513,1,0.02
10514,1,1.0
10515,0,0.0
10516,1,0.01
10517,0,0.0
10518,0,0.0
10519,1,1.0
10520,0,0.0
10521,1,1.0
10522,0,0.0
10523,0,0.0
10524,1,1.0
10525,0,0.0
10526,1,0.85
10527,1,0.04
10528,1,0.0
10529,0,0.0
10530,1,0.51
10531,1,1.0
10532,0,0.0
10533,1,1.0
10534,0,0.0
10535,0,0.0
10536,0,0.0
10537,0,0.0
10538,1,1.0
10539,0,0.0
10540,0,0.0
10541,1,1.0
10542,0,0.0
10543,0,0.0
10544,1,0.0
10545,1,1.0
10546,0,0.0
10547,0,0.0
10548,0,0.2
10549,1,0.55
10550,1,1.0
10551,0,0.0
10552,0,0.0
10553,0,0.0
10554,1,0.09
10555,1,0.02
10556,1,1.0
10557,0,0.0
10558,0,0.0
10559,1,0.23
10560,0,0.0
10561,1,1.0
10562,0,0.0
10563,1,1.0
10564,0,0.0
10565,0,0.0
10566,0,0.1
10567,0,0.0
10568,1,0.07
10569,1,1.0
10570,0,0.0
10571,1,0.25
10572,0,0.0
10573,1,1.0
10574,1,1.0
10575,1,0.03
10576,0,0.0
10577,1,0.08
10578,1,0.09
10579,0,0.0
10580,0,0.0
10581,1,1.0
10582,1,1.0
10583,0,0.0
10584,1,1.0
10585,1,0.45
10586,1,0.47
10587,1,0.04
10588,0,0.24
10589,0,0.0
10590,1,0.97
10591,1,0.07
10592,1,0.01
10593,1,1.0
10594,0,0.0
10595,0,0.0
10596,0,0.0
10597,0,0.0
10598,1,1.0
10599,1,1.0
10600,1,1.0
10601,1,0.1
10602,0,0.0
10603,0,0.0
10604,1,0.06
10605,0,0.0
10606,1,1.0
10607,1,0.31
10608,0,0.0
10609,1,0.02
10610,1,0.41
10611,0,0.0
10612,0,0.0
10613,0,0.0
10614,1,0.54
10615,1,0.99
10616,1,0.02
10617,0,0.0
10618,1,1.0
10619,1,1.0
10620,0,0.12
10621,1,0.43
10622,1,1.0
10623,1,1.0
10624,1,0.05
10625,1,0.04
10626,0,0.0
10627,0,0.94
10628,1,1.0
10629,0,0.0
10630,1,0.56
10631,1,1.0
10632,0,0.0
10633,0,0.0
10634,0,0.0
10635,1,1.0
10636,1,1.0
10637,1,1.0
10638,1,0.0
10639,0,0.0
10640,1,1.0
10641,1,1.0
10642,0,0.0
10643,1,0.24
10644,1,1.0
10645,1,0.88
10646,0,0.0
10647,1,1.0
10648,1,0.94
10649,1,0.04
10650,1,1.0
10651,0,0.0
10652,1,0.05
10653,0,0.0
10654,0,0.22
10655,0,0.0
10656,1,0.48
10657,0,0.97
10658,0,0.0
10659,0,0.0
10660,0,0.0
10661,1,1.0
10662,1,0.38
10663,1,1.0
10664,0,0.0
10665,1,0.8233
10666,0,0.0
10667,1,0.12
10668,0,0.0
10669,0,0.0
10670,0,0.21
10671,1,0.69
10672,0,0.0
10673,0,0.0
10674,1,0.08
10675,0,0.0
10676,0,0.0
10677,0,0.0
10678,0,0.04
10679,1,1.0
10680,1,1.0
10681,1,1.0
10682,0,0.0
10683,1,1.0
10684,1,1.0
10685,1,0.97
10686,1,0.34
10687,1,0.46
10688,0,0.0
10689,1,0.06
10690,0,0.0
10691,0,0.0
10692,0,0.0
10693,1,1.0
10694,0,0.0
10695,1,0.45
10696,0,0.0
10697,1,1.0
10698,0,0.0
10699,1,1.0
10700,0,0.0
10701,1,1.0
10702,0,0.0
10703,1,1.0
10704,1,1.0
10705,0,0.0
10706,1,1.0
10707,1,1.0
10708,0,0.0
10709,1,1.0
10710,1,1.0
10711,1,1.0
10712,0,0.0
10713,0,0.21
10714,0,0.98
10715,1,0.68
10716,1,1.0
10717,1,1.0
10718,1,1.0
10719,0,0.0
10720,1,1.0
10721,0,0.0
10722,0,0.18
10723,0,0.0
10724,1,1.0
10725,1,0.07
10726,1,1.0
10727,0,0.0
10728,0,0.0
10729,0,0.0
10730,1,1.0
10731,1,1.0
10732,0,0.0
10733,0,0.0
10734,0,0.0
10735,1,0.07
10736,1,0.19
10737,0,0.0
10738,1,1.0
10739,1,0.98
10740,0,0.0
10741,1,0.0
10742,0,0.0
10743,1,0.16
10744,1,0.06
10745,0,0.0
10746,1,1.0
10747,1,1.0
10748,0,0.0
10749,1,1.0
10750,0,0.01
10751,0,0.0
10752,1,0.09
10753,1,1.0
10754,0,0.0
10755,0,0.0
10756,1,0.1
10757,1,0.9233
10758,0,0.0
10759,1,0.04
10760,0,0.0
10761,1,0.52
10762,0,0.0
10763,1,0.62
10764,0,0.0
10765,1,0.12
10766,0,0.0
10767,1,0.09
10768,0,0.0
10769,1,0.08
10770,0,0.0
10771,1,0.86
10772,1,1.0
10773,1,0.2
10774,0,0.0
10775,1,0.83
10776,0,0.0
10777,0,0.0
10778,1,0.08
10779,0,0.0
10780,0,0.0
10781,0,0.0
10782,0,0.0
10783,0,0.0
10784,1,0.9
10785,1,0.19
10786,0,0.0
10787,1,1.0
10788,1,1.0
10789,1,1.0
10790,0,0.0
10791,1,0.36
10792,0,0.0
10793,0,0.0
10794,1,0.29
10795,0,0.0
10796,0,0.0
10797,1,1.0
10798,1,0.98
10799,1,1.0
10800,1,0.32
10801,1,0.99
10802,0,0.0
10803,1,1.0
10804,0,0.0
10805,1,0.35
10806,1,0.21
10807,0,0.0
10808,1,1.0
10809,0,0.0
10810,1,0.07
10811,1,0.07
10812,1,0.04
10813,0,0.0
10814,0,0.0
10815,0,0.0
10816,0,0.08
10817,1,1.0
10818,0,0.0
10819,1,1.0
10820,1,0.99
10821,0,0.68
10822,1,1.0
10823,1,0.14
10824,1,0.48
10825,1,1.0
10826,0,0.22
10827,0,0.0
10828,1,1.0
10829,0,0.0
10830,0,0.0
10831,1,0.77
10832,1,0.47
10833,1,0.04
10834,0,0.0
10835,1,1.0
10836,0,0.0
10837,1,1.0
10838,0,0.0
10839,1,0.94
10840,0,0.0
10841,1,0.12
10842,1,0.05
10843,0,0.0
10844,1,1.0
10845,1,1.0
10846,1,0.01
10847,1,0.15
10848,0,0.0
10849,1,1.0
10850,0,0.0
10851,1,1.0
10852,0,0.0
10853,0,0.0
10854,0,0.0
10855,1,0.09
10856,0,0.0
10857,1,1.0
10858,0,0.0
10859,1,0.03
10860,1,0.39
10861,0,0.0
10862,0,0.0
10863,1,0.87
10864,0,0.0
10865,1,0.03
10866,0,0.0
10867,0,0.18
10868,0,0.0
10869,0,0.01
10870,1,0.29
10871,1,1.0
10872,0,1.0
10873,0,0.0
10874,0,0.0
10875,0,0.12
10876,1,1.0
10877,1,0.28
10878,0,0.0
10879,0,0.0
10880,1,0.29
10881,0,0.0
10882,0,0.0
10883,1,1.0
10884,1,0.29
10885,1,1.0
10886,1,0.02
10887,1,1.0
10888,0,0.0
10889,0,0.01
10890,1,0.03
10891,1,0.11
10892,1,0.02
10893,1,1.0
10894,1,1.0
10895,0,0.0
10896,1,1.0
10897,0,0.0
10898,0,1.0
10899,1,0.72
10900,1,0.52
10901,0,0.0
10902,1,1.0
10903,0,0.0
10904,0,0.98
10905,1,0.9
10906,0,0.0
10907,1,0.02
10908,1,1.0
10909,0,0.0
10910,1,0.86
10911,1,1.0
10912,1,1.0
10913,0,0.0
10914,1,1.0
10915,0,0.0
10916,0,0.0
10917,1,0.01
10918,1,1.0
10919,0,0.0
10920,1,1.0
10921,0,0.0
10922,1,0.78
10923,1,1.0
10924,1,0.99
10925,0,0.0
10926,0,0.2
10927,0,0.0
10928,0,0.0
10929,1,0.35
10930,0,0.0
10931,1,1.0
10932,0,0.05
10933,0,0.01
10934,0,0.02
10935,1,0.27
10936,1,1.0
10937,0,0.0
10938,1,0.99
10939,0,0.0
10940,1,1.0
10941,0,0.0
10942,0,0.0
10943,1,0.03
10944,0,0.0
10945,0,0.0
10946,0,0.0
10947,1,0.43
10948,1,1.0
10949,1,1.0
10950,0,0.0
10951,1,1.0
10952,0,0.0
10953,1,0.41
10954,1,1.0
10955,1,0.01
10956,0,0.0
10957,1,0.55
10958,1,0.07
10959,1,1.0
10960,1,0.54
10961,0,0.0
10962,1,0.07
10963,1,0.57
10964,0,1.0
10965,0,0.0
10966,1,1.0
10967,0,0.0
10968,1,1.0
10969,1,0.09
10970,0,0.0
10971,0,0.0
10972,1,1.0
10973,1,0.65
10974,0,0.0
10975,1,0.25
10976,1,0.14
10977,0,0.0
10978,0,0.01
10979,0,0.0
10980,1,1.0
10981,0,0.0
10982,1,0.1
10983,1,0.14
10984,0,0.0
10985,1,1.0
10986,0,0.0
10987,1,1.0
10988,1,0.99
10989,1,0.525
10990,0,0.0
10991,1,0.46
10992,0,0.0
10993,1,1.0
10994,1,1.0
10995,1,0.18
10996,1,1.0
10997,0,0.01
10998,1,0.16
10999,1,0.99
11000,0,0.0
11001,1,0.41
11002,0,0.0
11003,1,0.05
11004,1,1.0
11005,0,0.0
11006,1,0.26
11007,1,0.02
11008,0,0.98
11009,1,0.26
11010,1,0.85
11011,1,0.96
11012,1,0.08
11013,0,0.0
11014,0,0.0
11015,0,0.2
11016,0,0.0
11017,1,1.0
11018,1,0.21
11019,0,0.0
11020,1,0.68
11021,1,0.02
11022,1,0.09
11023,0,0.0
11024,0,0.0
11025,0,0.21
11026,1,1.0
11027,1,1.0
11028,0,0.14
11029,1,0.09
11030,0,0.0
11031,0,0.2
11032,1,1.0
11033,1,1.0
11034,0,0.0
11035,1,0.41
11036,0,0.0
11037,0,0.0
11038,1,0.09
11039,0,0.0
11040,1,0.1
11041,1,1.0
11042,1,1.0
11043,0,0.0
11044,1,0.02
11045,1,0.95
11046,1,1.0
11047,0,0.0
11048,0,0.0
11049,1,1.0
11050,1,0.51
11051,0,0.0
11052,1,0.1
11053,0,0.0
11054,1,0.1
11055,1,0.83
11056,1,1.0
11057,1,0.94
11058,1,1.0
11059,1,0.99
11060,1,1.0
11061,1,1.0
11062,0,0.0
11063,1,1.0
11064,0,0.0
11065,1,1.0
11066,1,0.48
11067,0,0.0
11068,1,0.7
11069,0,0.0
11070,0,0.0
11071,1,1.0
11072,0,0.0
11073,0,0.0
11074,0,0.0
11075,1,0.15
11076,0,0.01
11077,0,0.0
11078,1,0.32
11079,1,0.11
11080,1,0.26
11081,0,0.0
11082,1,0.07
11083,1,1.0
11084,1,1.0
11085,1,0.08
11086,1,0.24
11087,1,0.08
11088,0,0.0
11089,0,0.0
11090,0,0.0
11091,1,0.0
11092,0,0.0
11093,1,1.0
11094,0,0.0
11095,0,0.0
11096,1,1.0
11097,1,0.27
11098,1,0.38
11099,0,0.0
11100,1,0.12
11101,0,0.0
11102,1,1.0
11103,1,0.49
11104,1,1.0
11105,1,0.1
11106,0,0.0
11107,1,0.54
11108,1,0.34
11109,0,0.0
11110,1,1.0
11111,0,0.0
11112,1,1.0
11113,1,1.0
11114,0,0.06
11115,0,0.0
11116,0,0.0
11117,0,0.0
11118,1,1.0
11119,0,0.0
11120,1,0.03
11121,0,0.0
11122,1,0.24
11123,1,1.0
11124,1,1.0
11125,1,0.22
11126,0,0.0
11127,0,0.0
11128,0,0.0
11129,1,0.0
11130,1,0.49
11131,1,1.0
11132,0,0.06
11133,0,0.0
11134,1,0.04
11135,1,1.0
11136,1,1.0
11137,0,0.0
11138,1,0.14
11139,0,0.0
11140,0,0.0
11141,1,0.31
11142,1,0.07
11143,1,0.96
11144,0,0.18
11145,0,0.0
11146,1,1.0
11147,1,0.06
11148,0,0.0
11149,1,0.0
11150,1,1.0
11151,1,0.01
11152,0,0.0
11153,1,0.01
11154,0,0.13
11155,0,0.0
11156,1,1.0
11157,1,0.16
11158,1,1.0
11159,1,0.36
11160,0,0.0
11161,1,0.1
11162,1,1.0
11163,1,0.98
11164,0,0.0
11165,0,0.0
11166,1,1.0
11167,1,0.09
11168,0,0.0
11169,1,1.0
11170,1,1.0
11171,0,0.0
11172,1,0.55
11173,0,0.0
11174,1,0.07
11175,0,0.0
11176,1,0.23
11177,0,0.0
11178,1,1.0
11179,1,1.0
11180,1,1.0
11181,0,0.0
11182,0,0.0
11183,1,1.0
11184,1,1.0
11185,1,0.97
11186,1,0.03
11187,0,0.0
11188,0,0.0
11189,1,0.99
11190,1,0.44
11191,0,0.0
11192,1,0.08
11193,1,0.89
11194,0,0.0
11195,0,0.0
11196,0,0.0
11197,1,1.0
11198,0,0.0
11199,1,0.2
11200,1,0.85
11201,1,0.21
11202,1,1.0
11203,1,0.36
11204,1,1.0
11205,0,0.0
11206,0,0.0
11207,1,0.94
11208,1,1.0
11209,0,0.0
11210,0,0.0
11211,0,0.0
11212,1,0.36
11213,1,0.3
11214,0,0.0
11215,0,0.0
11216,0,0.0
11217,1,0.42
11218,1,0.47
11219,1,0.09
11220,1,1.0
11221,1,0.99
11222,1,0.09
11223,0,0.0
11224,1,0.52
11225,0,0.0
11226,0,0.0
11227,1,1.0
11228,1,1.0
11229,1,1.0
11230,0,0.2
11231,1,0.19
11232,1,0.19
11233,1,0.45
11234,1,1.0
11235,1,1.0
11236,0,0.0
11237,0,0.0
11238,0,0.0
11239,1,0.25
11240,1,0.08
11241,0,0.0
11242,1,1.0
11243,0,0.0
11244,1,0.92
11245,1,0.07
11246,1,0.9
11247,1,0.06
11248,0,0.0
11249,1,1.0
11250,1,0.1
11251,1,0.12
11252,1,1.0
11253,1,1.0
11254,1,1.0
11255,0,0.15
11256,0,0.19
11257,0,0.0
11258,0,0.0
11259,0,0.0
11260,1,1.0
11261,0,0.0
11262,1,1.0
11263,0,0.0
11264,0,0.0
11265,1,0.27
11266,1,1.0
11267,1,0.86
11268,1,0.12
11269,0,0.0
11270,1,1.0
11271,0,0.0
11272,1,1.0
11273,0,0.0
11274,0,0.19
11275,0,0.0
11276,0,0.0
11277,1,1.0
11278,1,1.0
11279,1,0.38
11280,1,1.0
11281,1,1.0
11282,0,0.0
11283,1,1.0
11284,1,0.94
11285,0,1.0
11286,1,1.0
11287,0,0.0
11288,0,0.0
11289,1,1.0
11290,1,0.87
11291,1,1.0
11292,1,1.0
11293,1,0.08
11294,1,0.09
11295,0,0.0
11296,0,0.0
11297,0,0.0
11298,0,0.0
11299,0,0.0
11300,1,0.03
11301,1,0.07
11302,1,1.0
11303,1,1.0
11304,1,0.6
11305,1,0.09
11306,1,0.89
11307,1,1.0
11308,0,0.0
11309,1,0.37
11310,0,0.0
11311,0,0.0
11312,1,1.0
11313,1,1.0
11314,1,0.15
11315,0,0.0
11316,0,0.2
11317,0,0.0
11318,1,0.27
11319,1,0.05
11320,1,1.0
11321,1,1.0
11322,0,0.0
11323,1,0.97
11324,1,0.95
11325,0,0.0
11326,1,0.14
11327,1,1.0
11328,1,1.0
11329,1,1.0
11330,0,0.0
11331,1,1.0
11332,1,0.85
11333,0,0.0
11334,1,1.0
11335,0,0.0
11336,1,1.0
11337,1,0.43
11338,0,0.0
11339,0,0.0
11340,1,1.0
11341,1,0.9
11342,1,1.0
11343,0,0.0
11344,0,0.0
11345,0,0.15
11346,1,1.0
11347,1,0.06
11348,0,0.0
11349,1,1.0
11350,0,0.0
11351,0,0.0
11352,0,0.0
11353,1,1.0
11354,1,1.0
11355,1,1.0
11356,0,0.0
11357,1,0.9633
11358,0,0.0
11359,0,0.0
11360,0,0.0
11361,1,1.0
11362,1,0.16
11363,1,1.0
11364,1,0.02
11365,0,0.12
11366,0,0.0
11367,0,0.0
11368,1,0.2
11369,1,0.48
11370,0,0.0
11371,0,0.0
11372,0,0.0
11373,0,0.0
11374,1,1.0
11375,0,0.0
11376,1,0.89
11377,1,0.13
11378,1,0.02
11379,1,0.0
11380,1,1.0
11381,0,0.0
11382,1,0.37
11383,1,1.0
11384,1,0.1
11385,0,0.0
11386,1,0.05
11387,0,0.0
11388,0,0.0
11389,1,1.0
11390,1,0.86
11391,0,0.0
11392,0,0.2
11393,1,1.0
11394,0,0.0
11395,1,1.0
11396,0,0.0
11397,1,1.0
11398,0,0.0
11399,0,0.0
11400,0,0.0
11401,0,0.0
11402,0,0.0
11403,0,0.0
11404,1,0.28
11405,0,0.0
11406,1,0.21
11407,0,0.0
11408,1,0.36
11409,1,0.3
11410,0,0.0
11411,0,0.0
11412,0,0.0
11413,1,0.45
11414,1,1.0
11415,1,1.0
11416,0,0.0
11417,0,0.0
11418,0,1.0
11419,0,0.0
11420,1,0.12
11421,0,0.0
11422,1,0.06
11423,0,0.0
11424,1,0.98
11425,1,1.0
11426,1,0.97
11427,0,0.1
11428,0,0.0
11429,1,0.39
11430,0,0.0
11431,0,0.0
11432,0,0.0
11433,0,0.0
11434,1,1.0
11435,1,1.0
11436,0,0.18
11437,0,0.0
11438,1,0.46
11439,1,0.96
11440,1,1.0
11441,1,1.0
11442,1,0.06
11443,1,1.0
11444,1,1.0
11445,1,1.0
11446,0,0.2
11447,0,1.0
11448,1,0.0
11449,0,0.0
11450,1,0.25
11451,0,0.0
11452,0,0.0
11453,1,1.0
11454,0,0.0
11455,1,1.0
11456,1,1.0
11457,1,0.19
11458,0,0.0
11459,0,0.0
11460,0,0.0
11461,0,0.0
11462,0,0.04
11463,1,0.25
11464,1,1.0
11465,1,1.0
11466,0,0.0
11467,1,0.01
11468,1,0.99
11469,0,0.0
11470,0,0.0
11471,1,0.09
11472,1,1.0
11473,1,1.0
11474,0,0.2
11475,1,1.0
11476,0,0.0
11477,0,0.0
11478,1,0.0
11479,0,0.0
11480,0,0.0
11481,0,0.0
11482,1,0.13
11483,0,0.0
11484,1,0.88
11485,0,0.0
11486,1,1.0
11487,1,0.88
11488,1,0.98
11489,0,0.19
11490,1,1.0
11491,0,0.0
11492,1,0.66
11493,1,0.36
11494,1,1.0
11495,1,1.0
11496,0,0.0
11497,0,0.0
11498,1,1.0
11499,1,0.88
11500,1,1.0
11501,1,0.36
11502,0,0.02
11503,0,0.0
11504,0,0.0
11505,0,0.0
11506,0,0.19
11507,1,1.0
11508,0,0.0
11509,1,1.0
11510,1,1.0
11511,0,0.0
11512,1,0.96
11513,1,0.04
11514,1,0.1
11515,1,1.0
11516,1,1.0
11517,0,0.0
11518,0,0.0
11519,1,1.0
11520,1,1.0
11521,1,1.0
11522,0,0.0
11523,1,0.39
11524,0,0.0
11525,0,0.0
11526,0,0.19
11527,1,0.39
11528,1,0.88
11529,0,0.0
11530,1,0.24
11531,1,0.1
11532,0,0.0
11533,1,0.02
11534,0,0.0
11535,0,0.0
11536,1,0.86
11537,0,0.0
11538,0,0.0
11539,1,0.82
11540,0,0.0
11541,0,0.88
11542,1,1.0
11543,1,0.27
11544,1,0.97
11545,1,0.38
11546,1,0.07
11547,1,0.37
11548,0,0.0
11549,1,1.0
11550,0,0.0
11551,0,0.0
11552,0,0.01
11553,0,0.0
11554,0,0.0
11555,1,1.0
11556,1,1.0
11557,0,0.06
11558,0,0.0575
11559,0,0.0
11560,1,1.0
11561,1,0.42
11562,0,0.0
11563,0,0.0
11564,1,0.12
11565,1,1.0
11566,0,0.0
11567,1,0.32
11568,1,0.11
11569,1,0.86
11570,1,1.0
11571,0,0.0
11572,0,0.0
11573,1,0.02
11574,1,0.42
11575,1,1.0
11576,1,1.0
11577,1,0.98
11578,1,1.0
11579,1,0.08
11580,1,0.86
11581,0,0.0
11582,0,0.0
11583,0,0.01
11584,1,0.97
11585,1,0.47
11586,0,0.35
11587,1,0.11
11588,1,0.86
11589,0,0.0
11590,1,0.47
11591,1,1.0
11592,1,1.0
11593,0,0.0
11594,1,0.97
11595,1,0.08
11596,0,0.0
11597,0,0.0
11598,1,0.94
11599,0,0.0
11600,0,0.0
11601,0,0.0
11602,0,0.0
11603,0,0.0
11604,0,0.0
11605,1,0.02
11606,1,1.0
11607,0,0.0
11608,1,1.0
11609,0,0.0
11610,0,0.0
11611,0,0.0
11612,1,1.0
11613,1,0.3
11614,1,1.0
11615,1,0.95
11616,0,0.0
11617,0,0.0
11618,0,0.0
11619,0,0.0
11620,1,0.1
11621,1,1.0
11622,1,1.0
11623,0,0.0
11624,1,0.3
11625,0,1.0
11626,0,0.0
11627,1,1.0
11628,1,1.0
11629,1,0.09
11630,0,0.0
11631,0,0.0
11632,1,1.0
11633,1,1.0
11634,0,0.0
11635,0,0.0
11636,0,0.08
11637,0,0.0
11638,1,1.0
11639,0,0.0
11640,0,0.0
11641,1,1.0
11642,1,0.23
11643,1,0.02
11644,0,0.0
11645,1,0.34
11646,1,1.0
11647,1,0.16
11648,1,0.96
11649,1,0.05
11650,1,0.82
11651,1,1.0
11652,1,1.0
11653,1,1.0
11654,0,0.01
11655,1,0.51
11656,1,0.95
11657,1,0.4
11658,1,0.23
11659,1,1.0
11660,1,0.83
11661,1,1.0
11662,0,0.0
11663,0,0.03
11664,1,0.5
11665,0,0.0
11666,1,1.0
11667,0,0.0
11668,0,0.0
11669,0,0.0
11670,0,0.05
11671,1,1.0
11672,0,0.2
11673,1,0.08
11674,1,0.22
11675,0,0.0
11676,1,1.0
11677,0,0.0
11678,1,0.8483
11679,0,0.0
11680,1,0.45
11681,1,0.06
11682,1,0.87
11683,0,0.0
11684,1,1.0
11685,1,0.15
11686,0,0.0
11687,1,0.47
11688,1,1.0
11689,0,0.0
11690,1,0.41
11691,1,0.38
11692,1,1.0
11693,1,0.09
11694,0,0.0
11695,1,1.0
11696,0,0.0
11697,1,1.0
11698,0,0.0
11699,0,0.0
11700,1,0.9
11701,1,1.0
11702,0,0.0
11703,0,0.0
11704,0,0.11
11705,0,0.0
11706,1,1.0
11707,0,0.21
11708,1,1.0
11709,0,0.0
11710,0,0.0
11711,0,0.0
11712,0,0.0
11713,0,0.01
11714,1,0.05
11715,0,0.0
11716,1,1.0
11717,1,1.0
11718,0,0.0
11719,0,0.0
11720,1,0.22
11721,1,0.08
11722,1,0.06
11723,1,0.49
11724,1,1.0
11725,1,1.0
11726,0,0.0
11727,0,0.0
11728,1,1.0
11729,0,0.21
11730,0,0.0
11731,1,0.69
11732,0,0.0
11733,0,0.0
11734,0,0.01
11735,1,1.0
11736,0,0.0
11737,1,1.0
11738,0,0.0
11739,1,1.0
11740,0,0.18
11741,1,0.1
11742,0,0.01
11743,1,1.0
11744,0,0.0
11745,0,0.0
11746,0,0.0
11747,1,0.02
11748,0,0.0
11749,1,1.0
11750,0,0.0
11751,0,0.0
11752,1,0.98
11753,0,0.0
11754,0,0.01
11755,1,0.12
11756,1,0.45
11757,1,0.92
11758,0,0.01
11759,1,1.0
11760,0,0.0
11761,1,1.0
11762,0,0.0
11763,1,1.0
11764,1,0.4
11765,1,0.14
11766,1,1.0
11767,0,0.03
11768,1,0.25
11769,0,0.0
11770,1,1.0
11771,0,0.0
11772,0,0.0
11773,0,0.0
11774,1,0.32
11775,0,0.0
11776,0,0.0
11777,1,0.18
11778,0,0.0
11779,1,1.0
11780,1,1.0
11781,1,0.08
11782,1,0.86
11783,0,0.0
11784,1,0.99
11785,1,0.15
11786,1,1.0
11787,1,0.49
11788,0,0.0
11789,0,0.0
11790,1,1.0
11791,1,0.4
11792,0,0.0
11793,1,1.0
11794,1,1.0
11795,1,1.0
11796,0,0.0
11797,0,0.0
11798,0,0.0
11799,1,1.0
11800,1,1.0
11801,1,0.0
11802,1,0.9833
11803,1,1.0
11804,0,0.0
11805,0,0.0
11806,1,0.01
11807,0,0.0
11808,0,0.0
11809,0,0.0
11810,0,0.0
11811,0,0.0
11812,1,0.05
11813,0,0.0
11814,0,0.0
11815,0,0.0
11816,1,0.99
11817,1,1.0
11818,0,0.0
11819,1,1.0
11820,0,0.0
11821,0,0.0
11822,0,0.0
11823,1,0.27
11824,0,0.2
11825,0,0.0
11826,1,1.0
11827,0,0.0
11828,0,0.0
11829,0,0.0
11830,1,0.08
11831,1,1.0
11832,1,0.08
11833,0,0.0
11834,0,0.0
11835,1,0.08
11836,1,0.05
11837,0,0.14
11838,0,0.0
11839,1,0.6
11840,0,0.0
11841,0,0.0
11842,1,1.0
11843,1,0.31
11844,1,1.0
11845,1,1.0
11846,0,0.0
11847,1,0.02
11848,1,1.0
11849,1,0.82
11850,0,0.0
11851,1,0.09
11852,0,0.0
11853,1,1.0
11854,0,0.06
11855,0,0.0
11856,1,1.0
11857,0,0.0
11858,1,0.99
11859,0,0.2
11860,1,0.35
11861,0,0.0
11862,0,0.0
11863,1,1.0
11864,0,0.0
11865,1,0.29
11866,0,0.0
11867,0,0.0
11868,1,1.0
11869,1,1.0
11870,1,0.37
11871,1,1.0
11872,1,0.53
11873,1,1.0
11874,1,1.0
11875,1,0.25
11876,1,1.0
11877,0,0.21
11878,0,0.18
11879,1,1.0
11880,0,0.0
11881,1,0.01
11882,1,0.99
11883,1,1.0
11884,1,1.0
11885,0,0.0
11886,0,0.0
11887,1,1.0
11888,0,0.0
11889,1,0.99
11890,1,0.01
11891,1,0.11
11892,0,0.0
11893,0,0.0
11894,0,0.0
11895,1,0.0
11896,0,0.0
11897,0,0.0
11898,0,0.0
11899,1,0.28
11900,1,0.07
11901,1,0.98
11902,0,0.29
11903,1,0.23
11904,1,1.0
11905,1,0.21
11906,0,0.0
11907,0,0.0
11908,0,0.0
11909,1,0.49
11910,0,0.0
11911,1,0.98
11912,0,0.0
11913,1,0.03
11914,0,0.06
11915,0,0.0
11916,0,0.0
11917,1,1.0
11918,0,0.0
11919,1,1.0
11920,1,0.21
11921,0,0.0
11922,1,1.0
11923,0,0.01
11924,1,1.0
11925,0,0.0
11926,1,1.0
11927,0,0.88
11928,1,0.76
11929,1,1.0
11930,1,0.37
11931,0,0.0
11932,0,0.0
11933,1,0.31
11934,1,0.0
11935,0,0.0
11936,0,0.0
11937,0,0.99
11938,1,1.0
11939,0,0.0
11940,1,0.09
11941,1,1.0
11942,0,0.0
11943,0,0.0
11944,0,0.0
11945,1,0.02
11946,1,0.22
11947,0,0.0
11948,0,0.0
11949,1,0.55
11950,1,0.07
11951,1,0.89
11952,0,0.0
11953,1,1.0
11954,1,0.13
11955,0,0.15
11956,0,0.0
11957,0,0.2
11958,0,0.0
11959,0,0.0
11960,1,0.21
11961,1,1.0
11962,1,0.97
11963,1,0.52
11964,1,0.8483
11965,1,0.99
11966,0,0.0
11967,0,0.19
11968,0,0.2
11969,0,0.0
11970,0,0.0
11971,1,1.0
11972,1,0.55
11973,1,0.99
11974,1,1.0
11975,0,0.0
11976,0,0.0
11977,0,0.0
11978,1,0.54
11979,0,0.0
11980,1,0.13
11981,1,1.0
11982,0,0.0
11983,1,0.22
11984,0,0.0
11985,0,0.0
11986,1,0.04
11987,0,0.0
11988,0,0.35
11989,1,0.9
11990,0,0.0
11991,1,0.48
11992,1,0.9
11993,0,0.0
11994,1,0.14
11995,1,0.41
11996,1,0.96
11997,0,0.0
11998,0,0.0
11999,1,0.79
12000,1,1.0
12001,0,0.03
12002,1,0.15
12003,0,0.0
12004,1,0.86
12005,0,0.0
12006,0,0.16
12007,1,0.96
12008,0,0.0
12009,1,1.0
12010,1,0.07
12011,1,0.14
12012,1,0.37
12013,1,1.0
12014,1,0.54
12015,1,1.0
12016,1,1.0
12017,1,1.0
12018,1,0.85
12019,1,0.92
12020,0,0.0
12021,0,0.05
12022,1,0.4
12023,1,1.0
12024,1,0.15
12025,1,1.0
12026,1,0.63
12027,0,0.0
12028,0,0.0
12029,0,0.0
12030,1,1.0
12031,1,0.07
12032,0,0.0
12033,1,0.09
12034,1,0.05
12035,0,0.01
12036,0,0.21
12037,1,1.0
12038,0,0.0
12039,0,0.0
12040,1,0.57
12041,1,1.0
12042,0,0.0
12043,1,1.0
12044,1,0.41
12045,1,1.0
12046,0,0.0
12047,1,1.0
12048,0,0.0
12049,0,0.0
12050,0,0.0
12051,0,0.0
12052,1,0.54
12053,1,0.96
12054,0,0.0
12055,0,0.0
12056,1,0.37
12057,0,0.0
12058,0,0.0
12059,0,0.0
12060,0,0.0
12061,1,0.61
12062,1,0.98
12063,1,0.1
12064,0,0.0
12065,0,0.0
12066,1,0.14
12067,1,1.0
12068,1,1.0
12069,1,1.0
12070,0,0.0
12071,1,1.0
12072,0,0.0
12073,1,1.0
12074,0,0.0
12075,1,0.09
12076,1,1.0
12077,1,0.45
12078,0,0.0
12079,0,0.0
12080,0,0.0
12081,1,1.0
12082,1,1.0
12083,0,0.0
12084,1,1.0
12085,1,0.32
12086,1,1.0
12087,0,0.0
12088,0,0.0
12089,0,0.0
12090,1,1.0
12091,1,1.0
12092,1,0.09
12093,1,0.0
12094,0,0.0
12095,1,0.18
12096,1,0.09
12097,1,0.43
12098,1,0.21
12099,0,0.0
12100,1,0.16
12101,0,0.0
12102,1,0.43
12103,0,0.0
12104,0,0.0
12105,0,0.0
12106,1,0.6
12107,1,0.02
12108,0,0.0
12109,0,0.02
12110,0,0.0
12111,1,0.33
12112,1,0.9
12113,0,0.01
12114,1,0.07
12115,0,0.0
12116,0,0.0
12117,1,1.0
12118,1,0.72
12119,0,0.0
12120,0,0.0
12121,1,0.38
12122,1,0.13
12123,1,0.98
12124,1,0.97
12125,1,0.96
12126,1,1.0
12127,0,0.0
12128,0,0.0
12129,1,0.22
12130,0,0.0
12131,1,1.0
12132,0,0.0
12133,0,0.0
12134,0,0.0
12135,1,0.3
12136,1,1.0
12137,0,0.0
12138,0,0.02
12139,1,1.0
12140,0,0.0
12141,1,0.92
12142,1,0.88
12143,0,0.0
12144,0,0.0
12145,0,0.0
12146,0,0.0
12147,0,0.0
12148,0,0.0
12149,0,0.01
12150,0,0.0
12151,0,0.0
12152,1,0.85
12153,1,1.0
12154,1,1.0
12155,1,0.99
12156,1,0.11
12157,1,0.79
12158,1,0.62
12159,0,0.0
12160,1,0.02
12161,1,1.0
12162,0,0.0
12163,0,0.82
12164,0,0.0
12165,0,0.0
12166,1,0.15
12167,1,0.66
12168,1,0.92
12169,1,0.47
12170,1,0.31
12171,1,0.07
12172,0,0.0
12173,0,0.0
12174,1,0.42
12175,1,1.0
12176,0,0.0
12177,0,0.0
12178,0,0.0
12179,0,0.0
12180,1,0.88
12181,0,0.0
12182,1,1.0
12183,1,0.41
12184,0,0.0
12185,1,0.47
12186,1,1.0
12187,0,0.0
12188,1,1.0
12189,1,0.15
12190,1,0.8225
12191,1,0.09
12192,0,0.0
12193,0,0.0
12194,0,0.0
12195,1,1.0
12196,0,0.0
12197,1,0.09
12198,1,1.0
12199,0,0.0
12200,1,1.0
12201,0,0.0
12202,1,0.98
12203,0,0.13
12204,0,0.0
12205,1,0.37
12206,1,1.0
12207,0,0.0
12208,1,0.06
12209,1,1.0
12210,1,0.1
12211,0,0.0
12212,1,1.0
12213,1,1.0
12214,1,1.0
12215,0,0.19
12216,0,0.0
12217,0,0.0
12218,1,1.0
12219,1,0.25
12220,1,1.0
12221,1,0.22
12222,1,0.52
12223,0,0.0
12224,0,0.0
12225,1,0.9633
12226,1,0.29
12227,1,0.0
12228,0,0.0
12229,1,0.0
12230,1,0.49
12231,0,0.0
12232,0,0.0
12233,1,0.61
12234,1,0.07
12235,1,1.0
12236,0,0.0
12237,1,1.0
12238,1,1.0
12239,0,0.0
12240,0,0.0
12241,0,0.0
12242,1,0.1
12243,0,0.16
12244,1,0.62
12245,1,0.4
12246,0,0.0
12247,1,1.0
12248,0,0.0
12249,1,0.35
12250,0,0.2
12251,1,1.0
12252,0,0.0
12253,1,1.0
12254,0,0.0
12255,1,0.13
12256,1,1.0
12257,0,0.0
12258,0,0.0
12259,1,0.43
12260,0,0.0
12261,1,0.11
12262,1,1.0
12263,0,0.0
12264,1,1.0
12265,1,0.21
12266,1,0.98
12267,1,0.26
12268,1,1.0
12269,1,0.83
12270,1,0.51
12271,1,0.44
12272,1,0.43
12273,1,0.07
12274,0,0.0
12275,1,0.13
12276,1,1.0
12277,1,1.0
12278,0,0.21
12279,1,1.0
12280,1,0.08
12281,1,0.52
12282,1,1.0
12283,1,0.93
12284,1,1.0
12285,0,0.0
12286,0,0.0
12287,1,1.0
12288,0,0.0
12289,1,1.0
12290,1,0.4
12291,0,0.0
12292,0,0.0
12293,1,0.09
12294,1,1.0
12295,1,1.0
12296,1,1.0
12297,0,1.0
12298,1,0.14
12299,1,0.88
12300,1,0.04
12301,1,1.0
12302,0,0.0
12303,1,1.0
12304,1,1.0
12305,0,0.0
12306,0,0.0
12307,1,0.03
12308,1,1.0
12309,1,0.5
12310,0,0.0
12311,0,0.0
12312,1,0.37
12313,1,0.14
12314,0,0.0
12315,1,0.02
12316,1,1.0
12317,1,1.0
12318,1,1.0
12319,0,0.0
12320,0,0.0
12321,0,0.0
12322,0,0.0
12323,1,0.01
12324,1,1.0
12325,1,1.0
12326,1,1.0
12327,1,0.02
12328,1,1.0
12329,0,0.0
12330,1,1.0
12331,1,1.0
12332,1,0.26
12333,0,0.99
12334,0,0.0
12335,0,0.0
12336,1,0.07
12337,0,0.0
12338,1,0.0
12339,0,0.0
12340,1,0.01
12341,1,1.0
12342,1,0.2467
12343,1,1.0
12344,1,0.04
12345,1,0.54
12346,0,0.0
12347,1,0.38
12348,1,1.0
12349,0,0.0
12350,1,0.07
12351,1,1.0
12352,1,0.09
12353,1,0.03
12354,1,0.86
12355,0,0.0
12356,0,0.0
12357,1,0.08
12358,1,0.26
12359,1,0.24
12360,1,0.06
12361,1,1.0
12362,0,0.0
12363,1,1.0
12364,0,0.0
12365,1,0.09
12366,1,1.0
12367,0,0.0
12368,1,0.09
12369,1,0.99
12370,1,0.96
12371,0,0.2
12372,0,0.0
12373,1,0.87
12374,1,1.0
12375,0,0.29
12376,1,1.0
12377,0,0.0
12378,1,0.0
12379,1,1.0
12380,0,0.0
12381,1,0.02
12382,0,0.0
12383,1,1.0
12384,1,0.01
12385,0,0.0
12386,0,0.0
12387,0,0.0
12388,0,0.0
12389,1,0.3
12390,0,0.0
12391,1,0.8033
12392,1,1.0
12393,0,0.0
12394,1,1.0
12395,1,1.0
12396,1,1.0
12397,1,0.64
12398,0,0.0
12399,1,1.0
12400,1,1.0
12401,1,1.0
12402,0,0.0
12403,1,1.0
12404,1,0.52
12405,1,0.07
12406,1,1.0
12407,0,0.0
12408,1,1.0
12409,1,0.36
12410,1,0.38
12411,1,1.0
12412,0,0.0
12413,0,0.0
12414,1,0.27
12415,1,0.4
12416,1,1.0
12417,0,0.0
12418,0,0.2
12419,1,0.47
12420,0,0.0
12421,1,0.01
12422,1,0.43
12423,0,0.0
12424,1,1.0
12425,1,1.0
12426,0,0.0
12427,1,0.27
12428,0,0.0
12429,0,0.0
12430,1,0.09
12431,0,0.0
12432,0,0.0
12433,1,0.08
12434,1,1.0
12435,0,0.0
12436,0,0.0
12437,0,0.0
12438,0,0.0
12439,1,1.0
12440,0,0.2
12441,1,0.0
12442,0,0.0
12443,1,1.0
12444,1,0.31
12445,0,0.15
12446,0,0.0
12447,1,0.9833
12448,0,0.0
12449,0,0.0
12450,0,0.0
12451,1,1.0
12452,1,1.0
12453,1,1.0
12454,0,0.0
12455,1,0.04
12456,1,1.0
12457,0,0.0
12458,1,0.39
12459,1,1.0
12460,1,0.3
12461,1,1.0
12462,1,1.0
12463,1,0.49
12464,0,0.0
12465,0,0.0
12466,1,1.0
12467,0,0.0
12468,1,1.0
12469,0,0.0
12470,1,1.0
12471,1,0.99
12472,1,1.0
12473,0,0.0
12474,0,0.0
12475,1,0.13
12476,0,0.0
12477,1,0.5
12478,0,0.0
12479,0,0.0
12480,0,0.0
12481,1,1.0
12482,0,0.0
12483,1,0.99
12484,1,0.07
12485,0,0.0
12486,1,0.25
12487,1,1.0
12488,1,1.0
12489,1,1.0
12490,1,0.42
12491,0,0.0
12492,1,0.65
12493,0,0.2
12494,0,0.0
12495,1,1.0
12496,1,1.0
12497,0,0.0
12498,1,0.13
12499,1,1.0
12500,1,0.1
12501,1,1.0
12502,1,0.16
12503,1,0.99
12504,0,0.0
12505,0,0.0
12506,0,0.0
12507,1,0.48
12508,1,1.0
12509,0,0.0
12510,0,0.0
12511,0,0.0
12512,1,1.0
12513,0,0.0
12514,0,0.0
12515,0,0.0
12516,0,0.0
12517,0,0.0
12518,1,0.84
12519,0,0.01
12520,1,1.0
12521,0,0.0
12522,0,0.0
12523,0,0.0
12524,0,0.0
12525,1,0.5
12526,0,0.0
12527,1,1.0
12528,1,1.0
12529,1,0.5
12530,1,0.37
12531,0,0.0
12532,1,1.0
12533,1,0.7433
12534,1,0.29
12535,1,1.0
12536,0,0.0
12537,1,0.21
12538,1,0.98
12539,1,0.25
12540,1,0.63
12541,1,1.0
12542,0,0.47
12543,0,0.0
12544,0,0.0
12545,0,0.0
12546,1,0.93
12547,1,0.5
12548,1,1.0
12549,0,0.0
12550,0,0.2
12551,1,0.87
12552,1,0.52
12553,1,0.79
12554,1,0.57
12555,0,0.0
12556,0,0.0
12557,1,0.01
12558,1,0.03
12559,1,0.09
12560,1,1.0
12561,0,0.05
12562,0,0.0
12563,1,1.0
12564,0,0.0
12565,1,0.54
12566,1,0.07
12567,1,0.98
12568,1,0.03
12569,1,0.35
12570,0,0.0
12571,1,1.0
12572,1,0.04
12573,0,0.0
12574,0,0.19
12575,1,1.0
12576,1,1.0
12577,0,0.0
12578,1,0.05
12579,1,0.02
12580,0,0.0
12581,1,0.01
12582,1,1.0
12583,1,1.0
12584,1,0.54
12585,1,1.0
12586,0,0.0
12587,1,0.92
12588,0,0.0
12589,0,0.0
12590,0,0.0
12591,1,0.29
12592,1,0.05
12593,0,0.0
12594,0,0.0
12595,1,0.31
12596,0,0.0
12597,1,0.06
12598,1,1.0
12599,1,0.62
12600,1,1.0
12601,0,0.0
12602,0,0.01
12603,0,0.01
12604,1,0.3
12605,1,1.0
12606,1,0.12
12607,1,1.0
12608,0,0.0
12609,0,0.0
12610,0,0.0
12611,0,0.0
12612,0,0.0
12613,0,0.0
12614,0,0.0
12615,1,0.03
12616,0,0.0
12617,1,1.0
12618,1,1.0
12619,1,0.09
12620,1,0.88
12621,0,0.0
12622,1,1.0
12623,1,0.24
12624,0,0.0
12625,1,0.12
12626,0,0.0
12627,0,0.09
12628,1,1.0
12629,1,1.0
12630,1,1.0
12631,1,1.0
12632,0,0.0
12633,1,1.0
12634,1,1.0
12635,0,0.0
12636,0,0.0
12637,0,0.0
12638,1,0.45
12639,0,0.0
12640,1,1.0
12641,0,0.0
12642,0,0.0
12643,0,0.0
12644,0,0.0
12645,1,1.0
12646,1,1.0
12647,0,0.0
12648,1,0.27
12649,1,1.0
12650,0,0.0
12651,0,0.0
12652,1,0.34
12653,1,1.0
12654,0,0.0
12655,0,0.0
12656,1,1.0
12657,1,0.4
12658,1,0.1
12659,1,0.96
12660,0,0.0
12661,1,0.11
12662,1,0.08
12663,1,1.0
12664,0,0.0
12665,0,0.0
12666,1,0.03
12667,1,0.96
12668,0,0.0
12669,1,1.0
12670,1,1.0
12671,0,0.0
12672,1,1.0
12673,1,0.18
12674,0,0.0
12675,1,1.0
12676,0,0.0
12677,1,1.0
12678,1,1.0
12679,1,0.11
12680,1,1.0
12681,0,0.0
12682,1,0.03
12683,1,1.0
12684,0,0.0
12685,1,1.0
12686,0,0.0
12687,0,0.2
12688,0,0.0
12689,0,0.0
12690,0,0.0
12691,1,1.0
12692,0,0.0
12693,0,0.0
12694,0,0.16
12695,0,0.0
12696,1,0.51
12697,1,1.0
12698,0,0.0
12699,0,0.12
12700,1,1.0
12701,0,0.0
12702,1,0.06
12703,1,0.26
12704,1,0.25
12705,0,0.0
12706,1,0.28
12707,1,1.0
12708,1,1.0
12709,0,0.0
12710,1,0.35
12711,0,0.0
12712,1,0.41
12713,0,0.0
12714,1,1.0
12715,0,0.22
12716,1,0.0
12717,1,0.31
12718,0,0.0
12719,1,0.19
12720,1,1.0
12721,1,0.03
12722,0,1.0
12723,0,0.0
12724,1,1.0
12725,0,0.0
12726,1,0.36
12727,0,0.0
12728,0,0.0
12729,1,1.0
12730,1,1.0
12731,0,0.97
12732,0,0.0
12733,1,1.0
12734,1,0.05
12735,1,1.0
12736,1,0.59
12737,1,0.24
12738,0,0.0
12739,1,0.84
12740,1,1.0
12741,0,0.0
12742,1,0.05
12743,1,1.0
12744,1,0.3
12745,1,0.05
12746,1,0.97
12747,1,1.0
12748,1,1.0
12749,1,1.0
12750,0,0.0
12751,0,0.0
12752,1,1.0
12753,1,1.0
12754,1,0.16
12755,1,1.0
12756,1,1.0
12757,0,0.0
12758,1,0.7758
12759,0,0.0
12760,0,0.0
12761,0,0.0
12762,0,0.0
12763,1,0.79
12764,1,0.0
12765,1,0.4
12766,1,1.0
12767,1,0.14
12768,1,1.0
12769,1,1.0
12770,0,0.0
12771,0,0.0
12772,0,0.0
12773,1,0.735
12774,1,0.0
12775,0,0.0
12776,0,0.21
12777,1,0.05
12778,0,0.0
12779,0,0.0
12780,1,1.0
12781,0,0.0
12782,1,1.0
12783,0,0.0
12784,1,1.0
12785,0,0.0
12786,0,0.0
12787,1,1.0
12788,1,1.0
12789,0,0.0
12790,0,0.0
12791,1,1.0
12792,1,0.97
12793,1,0.03
12794,1,0.15
12795,0,1.0
12796,1,0.28
12797,1,0.41
12798,0,0.0
12799,1,0.42
12800,1,0.99
12801,1,0.85
12802,1,0.15
12803,1,1.0
12804,1,0.63
12805,1,1.0
12806,1,0.96
12807,0,0.2
12808,0,0.0
12809,1,0.3
12810,1,0.94
12811,1,0.25
12812,0,0.01
12813,1,0.95
12814,0,0.0
12815,1,0.25
12816,0,0.0
12817,1,1.0
12818,0,0.0
12819,1,1.0
12820,0,0.0
12821,0,0.0
12822,0,0.0
12823,0,0.0
12824,1,1.0
12825,1,1.0
12826,1,1.0
12827,1,0.22
12828,0,0.0
12829,1,0.19
12830,0,0.0
12831,1,0.29
12832,1,0.7
12833,0,0.0
12834,1,1.0
12835,1,1.0
12836,0,0.0
12837,1,0.32
12838,1,0.07
12839,0,0.0
12840,1,0.7883
12841,1,0.04
12842,1,0.38
12843,0,0.0
12844,1,0.53
12845,0,0.0
12846,1,0.38
12847,1,1.0
12848,1,0.99
12849,1,1.0
12850,1,1.0
12851,1,0.83
12852,1,1.0
12853,1,0.37
12854,1,0.21
12855,1,0.58
12856,0,0.02
12857,1,0.09
12858,1,1.0
12859,1,1.0
12860,0,0.0
12861,1,1.0
12862,1,1.0
12863,1,1.0
12864,1,0.48
12865,0,0.06
12866,1,1.0
12867,0,0.0
12868,0,0.0
12869,1,0.03
12870,1,0.15
12871,1,1.0
12872,1,0.05
12873,0,0.0
12874,1,1.0
12875,0,0.0
12876,1,1.0
12877,1,0.3
12878,0,0.0
12879,1,0.54
12880,0,0.0
12881,1,1.0
12882,1,0.43
12883,1,0.27
12884,1,0.48
12885,1,0.95
12886,1,1.0
12887,1,1.0
12888,0,0.0
12889,0,0.0
12890,1,1.0
12891,0,0.0
12892,1,1.0
12893,0,0.0
12894,0,0.0
12895,1,1.0
12896,1,0.3
12897,0,0.0
12898,0,0.0
12899,0,0.0
12900,1,1.0
12901,1,0.87
12902,1,0.03
12903,0,0.0
12904,1,1.0
12905,0,0.0
12906,0,0.0
12907,0,0.0
12908,0,0.0
12909,0,0.98
12910,1,1.0
12911,1,0.05
12912,1,0.3
12913,1,0.07
12914,0,0.0
12915,1,1.0
12916,1,1.0
12917,1,0.68
12918,0,0.0
12919,0,0.0
12920,1,1.0
12921,1,0.88
12922,0,0.0
12923,0,0.0
12924,0,0.0
12925,1,0.47
12926,0,0.0
12927,0,0.0
12928,1,0.89
12929,1,0.0
12930,0,0.0
12931,1,1.0
12932,0,0.0
12933,0,0.0
12934,0,0.0
12935,1,1.0
12936,1,1.0
12937,0,0.0
12938,0,0.0
12939,1,0.03
12940,1,1.0
12941,1,0.37
12942,0,0.0
12943,1,1.0
12944,1,0.86
12945,0,0.0
12946,1,1.0
12947,0,0.0
12948,1,0.98
12949,0,0.0
12950,1,0.12
12951,1,1.0
12952,0,0.0
12953,1,0.98
12954,1,0.32
12955,1,0.72
12956,1,0.29
12957,1,0.07
12958,1,1.0
12959,0,0.0
12960,1,1.0
12961,0,0.0
12962,1,0.99
12963,1,1.0
12964,1,0.03
12965,1,1.0
12966,1,0.51
12967,1,0.44
12968,0,0.2
12969,1,0.85
12970,1,1.0
12971,1,1.0
12972,0,0.0
12973,1,1.0
12974,0,0.0
12975,1,1.0
12976,0,0.0
12977,1,1.0
12978,0,0.0
12979,1,1.0
12980,0,0.0
12981,0,0.0
12982,1,1.0
12983,1,0.49
12984,0,0.0
12985,0,0.0
12986,1,0.32
12987,1,0.98
12988,0,0.0
12989,1,1.0
12990,0,0.0
12991,1,0.8783
12992,1,1.0
12993,0,0.0
12994,1,1.0
12995,0,0.0
12996,0,0.02
12997,0,0.0
12998,1,0.18
12999,1,1.0
13000,0,0.0
13001,1,0.11
13002,1,0.96
13003,1,0.04
13004,0,0.0
13005,1,0.04
13006,1,0.86
13007,1,0.03
13008,0,0.0
13009,0,0.0
13010,0,0.0
13011,1,0.71
13012,1,1.0
13013,0,0.0
13014,1,1.0
13015,1,0.7
13016,1,1.0
13017,1,1.0
13018,1,1.0
13019,1,0.22
13020,1,0.39
13021,1,1.0
13022,1,0.05
13023,1,1.0
13024,1,0.29
13025,1,1.0
13026,1,1.0
13027,1,1.0
13028,0,0.0
13029,0,0.0
13030,1,1.0
13031,0,0.0
13032,0,0.02
13033,1,0.26
13034,1,0.59
13035,0,0.0
13036,1,0.19
13037,0,0.0
13038,1,0.5
13039,1,0.3
13040,1,1.0
13041,0,0.0
13042,1,0.23
13043,1,1.0
13044,1,0.16
13045,1,1.0
13046,1,0.05
13047,1,1.0
13048,0,0.0
13049,0,0.0
13050,0,0.0
13051,1,1.0
13052,1,1.0
13053,1,0.13
13054,1,0.31
13055,0,0.0
13056,0,0.0
13057,1,1.0
13058,1,0.05
13059,1,0.03
13060,0,0.0
13061,1,1.0
13062,1,0.28
13063,0,0.0
13064,0,0.2
13065,1,0.32
13066,1,1.0
13067,0,0.0
13068,0,0.0
13069,0,0.0
13070,1,0.01
13071,1,0.46
13072,1,1.0
13073,1,0.1
13074,0,0.0
13075,0,0.01
13076,1,1.0
13077,0,0.0
13078,1,0.01
13079,1,0.02
13080,0,0.0
13081,1,1.0
13082,1,1.0
13083,1,1.0
13084,1,0.3
13085,0,0.0
13086,0,0.0
13087,0,0.0
13088,0,0.99
13089,1,0.41
13090,1,0.55
13091,0,0.0
13092,1,0.75
13093,1,0.59
13094,0,0.0
13095,0,0.0
13096,1,0.99
13097,1,1.0
13098,1,0.99
13099,0,0.0
13100,1,1.0
13101,1,0.07
13102,0,0.32
13103,1,0.0
13104,0,0.0
13105,1,0.78
13106,1,1.0
13107,1,0.09
13108,0,0.0
13109,1,0.0
13110,1,1.0
13111,1,0.37
13112,1,0.99
13113,0,0.0
13114,1,1.0
13115,1,1.0
13116,1,0.8508
13117,0,0.0
13118,1,0.24
13119,0,0.0
13120,1,0.11
13121,0,0.0
13122,0,0.0
13123,0,0.0
13124,0,0.0
13125,0,0.0
13126,1,0.27
13127,1,1.0
13128,1,1.0
13129,1,0.37
13130,0,0.0
13131,1,0.22
13132,1,0.44
13133,1,1.0
13134,1,0.26
13135,0,0.0
13136,1,0.49
13137,1,1.0
13138,1,0.21
13139,1,1.0
13140,1,1.0
13141,1,1.0
13142,1,0.24
13143,0,0.0
13144,0,0.16
13145,1,1.0
13146,0,0.0
13147,1,0.02
13148,0,0.2
13149,1,0.98
13150,1,0.15
13151,1,1.0
13152,0,0.0
13153,0,0.0
13154,1,1.0
13155,0,0.0
13156,1,1.0
13157,1,0.9633
13158,1,0.24
13159,0,0.0
13160,0,0.0
13161,0,0.0
13162,0,0.0
13163,0,0.0
13164,0,0.0
13165,1,1.0
13166,1,0.89
13167,1,0.46
13168,1,1.0
13169,0,0.0
13170,0,0.0
13171,1,0.72
13172,1,1.0
13173,1,0.47
13174,0,0.0
13175,1,0.32
13176,0,0.0
13177,0,0.0
13178,1,1.0
13179,1,0.04
13180,1,0.19
13181,0,0.01
13182,0,0.0
13183,0,0.0
13184,1,0.05
13185,0,0.0
13186,0,0.0
13187,0,0.2
13188,0,0.0
13189,1,1.0
13190,0,0.93
13191,1,1.0
13192,1,0.2
13193,0,0.0
13194,1,0.99
13195,1,0.37
13196,0,0.0
13197,0,0.0
13198,0,0.0
13199,0,0.0
13200,1,1.0
13201,0,0.0
13202,0,0.0
13203,1,1.0
13204,0,0.0
13205,1,1.0
13206,1,0.53
13207,0,0.0
13208,1,1.0
13209,0,0.0
13210,1,1.0
13211,1,0.25
13212,1,0.87
13213,0,0.0
13214,1,1.0
13215,1,0.62
13216,0,0.0
13217,1,1.0
13218,1,0.29
13219,1,1.0
13220,0,0.0
13221,1,1.0
13222,0,0.0
13223,0,0.0
13224,1,0.05
13225,0,0.0
13226,1,1.0
13227,1,0.0
13228,0,0.0
13229,1,0.23
13230,0,0.0
13231,0,0.0
13232,1,1.0
13233,0,0.0
13234,1,0.03
13235,1,1.0
13236,1,1.0
13237,1,0.47
13238,0,0.0
13239,0,0.0
13240,0,0.0
13241,0,0.0
13242,0,0.0
13243,1,0.11
13244,1,0.67
13245,0,0.01
13246,1,1.0
13247,0,0.01
13248,1,0.63
13249,0,0.0
13250,0,0.0
13251,0,0.0
13252,0,0.0
13253,1,1.0
13254,1,0.2
13255,0,0.0
13256,1,1.0
13257,1,0.97
13258,0,0.0
13259,1,0.24
13260,1,1.0
13261,0,0.0
13262,1,1.0
13263,1,0.56
13264,1,0.13
13265,1,0.01
13266,0,0.0
13267,1,0.7708
13268,0,0.0
13269,0,0.22
13270,1,0.62
13271,1,0.58
13272,0,1.0
13273,0,0.0
13274,0,0.21
13275,0,0.2
13276,1,1.0
13277,0,0.0
13278,1,1.0
13279,0,0.0
13280,1,0.41
13281,0,0.0
13282,1,0.05
13283,1,0.55
13284,0,0.0
13285,0,0.0
13286,0,0.0
13287,1,0.27
13288,1,0.27
13289,1,0.07
13290,1,0.0
13291,1,0.15
13292,0,0.21
13293,0,0.0
13294,0,0.0
13295,0,0.0
13296,1,0.36
13297,1,0.65
13298,0,0.0
13299,1,0.13
13300,1,1.0
13301,0,0.0
13302,1,0.04
13303,1,0.21
13304,0,0.0
13305,0,0.0
13306,1,1.0
13307,1,0.02
13308,0,0.0
13309,1,0.53
13310,1,0.12
13311,1,0.26
13312,1,1.0
13313,0,0.01
13314,1,0.09
13315,1,1.0
13316,1,1.0
13317,1,0.24
13318,1,1.0
13319,1,0.35
13320,0,0.0
13321,0,0.0
13322,0,0.0
13323,1,0.29
13324,1,0.16
13325,0,0.0
13326,1,0.22
13327,1,0.82
13328,0,0.0
13329,1,0.98
13330,1,1.0
13331,0,0.0
13332,0,0.01
13333,0,0.0
13334,1,0.27
13335,1,0.08
13336,1,1.0
13337,1,0.58
13338,1,0.4
13339,0,0.0
13340,1,1.0
13341,0,0.0
13342,1,0.7883
13343,1,1.0
13344,1,1.0
13345,0,0.97
13346,1,1.0
13347,1,0.16
13348,0,0.0
13349,0,0.14
13350,0,0.0
13351,1,1.0
13352,0,0.0
13353,1,1.0
13354,1,0.54
13355,0,0.0
13356,1,1.0
13357,0,0.0
13358,0,0.0
13359,0,0.0
13360,0,0.0
13361,0,0.0
13362,1,0.02
13363,1,0.09
13364,1,1.0
13365,0,0.0
13366,0,0.0
13367,1,0.29
13368,0,0.0
13369,1,1.0
13370,0,0.0
13371,1,1.0
13372,0,0.0
13373,0,0.0
13374,1,0.02
13375,1,0.83
13376,1,1.0
13377,0,0.0
13378,0,0.0
13379,1,0.92
13380,0,0.0
13381,1,1.0
13382,1,1.0
13383,0,0.0
13384,0,0.0
13385,1,0.4
13386,1,0.07
13387,1,0.26
13388,1,0.98
13389,1,0.38
13390,1,1.0
13391,1,0.08
13392,0,0.23
13393,1,0.86
13394,1,1.0
13395,0,0.0
13396,0,0.0
13397,0,0.0
13398,1,1.0
13399,1,0.02
13400,0,0.0
13401,0,0.98
13402,1,1.0
13403,1,0.86
13404,1,0.39
13405,1,1.0
13406,1,1.0
13407,0,0.01
13408,0,0.0
13409,0,0.0
13410,1,1.0
13411,1,1.0
13412,1,1.0
13413,0,0.0
13414,1,1.0
13415,0,0.0
13416,1,0.07
13417,0,0.0
13418,0,0.0
13419,1,0.41
13420,1,0.22
13421,1,1.0
13422,1,0.01
13423,1,1.0
13424,1,0.0
13425,0,0.0
13426,0,0.0
13427,1,0.15
13428,1,1.0
13429,0,0.0
13430,0,0.0
13431,1,1.0
13432,1,1.0
13433,0,0.0
13434,1,0.99
13435,0,0.0
13436,0,0.0
13437,0,0.02
13438,0,0.0
13439,0,0.0
13440,0,0.0
13441,1,1.0
13442,0,0.0
13443,0,0.0
13444,1,0.51
13445,0,0.0
13446,1,1.0
13447,1,0.16
13448,1,0.09
13449,0,0.0
13450,1,1.0
13451,0,0.0
13452,0,0.0
13453,0,0.0
13454,0,0.0
13455,1,0.13
13456,1,0.16
13457,1,0.0
13458,1,0.2
13459,0,0.0
13460,1,1.0
13461,1,0.14
13462,1,0.88
13463,1,0.37
13464,1,0.02
13465,1,1.0
13466,0,0.0
13467,0,0.0
13468,1,1.0
13469,0,0.0
13470,0,0.0
13471,0,0.0
13472,0,0.0
13473,1,0.29
13474,0,0.0
13475,1,0.43
13476,1,0.31
13477,0,1.0
13478,1,1.0
13479,1,1.0
13480,1,0.22
13481,0,0.01
13482,1,1.0
13483,1,0.39
13484,1,0.15
13485,0,0.0
13486,0,0.0
13487,1,0.08
13488,1,1.0
13489,1,0.11
13490,0,0.0
13491,1,1.0
13492,0,0.2
13493,1,1.0
13494,0,0.0
13495,0,0.0
13496,1,0.03
13497,0,0.0
13498,1,1.0
13499,1,0.66
13500,0,0.0
13501,1,0.75
13502,1,1.0
13503,0,0.0
13504,0,0.0
13505,1,0.9
13506,0,0.0
13507,1,1.0
13508,1,1.0
13509,1,1.0
13510,0,0.0
13511,1,0.37
13512,1,0.05
13513,0,0.0
13514,0,0.0
13515,1,1.0
13516,1,0.02
13517,0,0.0
13518,1,1.0
13519,0,0.42
13520,1,1.0
13521,1,0.33
13522,0,0.19
13523,0,0.0
13524,0,0.0
13525,1,1.0
13526,1,0.03
13527,0,0.0
13528,0,0.0
13529,1,0.97
13530,1,0.25
13531,0,0.0
13532,1,0.0
13533,1,0.08
13534,1,0.16
13535,0,0.01
13536,1,0.21
13537,1,0.96
13538,0,0.0
13539,0,0.0
13540,1,0.36
13541,0,0.0
13542,0,0.0
13543,0,0.0
13544,0,0.0
13545,1,1.0
13546,1,1.0
13547,1,0.39
13548,0,0.0
13549,1,0.09
13550,1,0.54
13551,0,0.0
13552,1,0.62
13553,1,0.07
13554,1,1.0
13555,1,0.41
13556,0,0.2
13557,1,0.37
13558,1,0.02
13559,1,0.76
13560,0,0.0
13561,0,0.0
13562,1,1.0
13563,1,0.98
13564,0,0.0
13565,1,0.98
13566,1,0.07
13567,1,1.0
13568,1,1.0
13569,0,0.0
13570,1,1.0
13571,0,0.01
13572,0,0.0
13573,0,0.0
13574,0,0.0
13575,1,0.44
13576,0,0.0
13577,0,0.0
13578,1,1.0
13579,1,1.0
13580,0,0.2
13581,0,0.0
13582,0,0.0
13583,1,1.0
13584,0,0.0
13585,1,0.06
13586,1,1.0
13587,1,0.46
13588,1,1.0
13589,0,0.0
13590,0,0.0
13591,1,1.0
13592,0,0.0
13593,1,0.33
13594,1,1.0
13595,0,0.17
13596,0,0.0
13597,0,0.0
13598,1,0.58
13599,0,0.02
13600,0,0.0
13601,1,1.0
13602,1,1.0
13603,1,0.49
13604,0,0.0
13605,1,0.03
13606,1,0.42
13607,1,1.0
13608,1,1.0
13609,0,0.0
13610,1,0.13
13611,1,0.12
13612,0,0.01
13613,1,1.0
13614,1,0.17
13615,1,1.0
13616,1,1.0
13617,1,1.0
13618,1,0.06
13619,0,0.0
13620,0,0.0
13621,1,1.0
13622,0,0.0
13623,1,1.0
13624,0,0.0
13625,0,0.0
13626,1,1.0
13627,1,0.03
13628,1,1.0
13629,0,0.0
13630,1,0.93
13631,1,0.4
13632,0,0.0
13633,0,0.0
13634,1,0.09
13635,0,0.0
13636,1,0.38
13637,1,0.05
13638,0,0.0
13639,1,0.06
13640,1,0.65
13641,0,0.98
13642,1,1.0
13643,0,0.0
13644,0,0.0
13645,1,0.01
13646,0,0.0
13647,1,1.0
13648,0,0.0
13649,0,0.0
13650,1,1.0
13651,0,0.2
13652,1,1.0
13653,0,0.0
13654,1,1.0
13655,0,0.0
13656,1,0.11
13657,1,0.38
13658,1,0.86
13659,0,0.0
13660,1,0.02
13661,0,0.0
13662,1,1.0
13663,1,1.0
13664,1,1.0
13665,0,0.21
13666,0,0.0
13667,0,0.61
13668,0,0.0
13669,0,0.2
13670,1,1.0
13671,1,1.0
13672,1,1.0
13673,0,0.0
13674,1,0.0
13675,1,1.0
13676,0,0.0
13677,0,0.0
13678,1,1.0
13679,1,1.0
13680,1,1.0
13681,0,0.21
13682,1,0.84
13683,0,0.0
13684,1,0.02
13685,0,0.04
13686,1,0.07
13687,0,0.2
13688,0,0.0
13689,0,0.0
13690,1,1.0
13691,0,0.0
13692,1,0.96
13693,1,1.0
13694,1,0.96
13695,0,0.0
13696,1,0.58
13697,1,1.0
13698,1,0.49
13699,1,0.03
13700,1,1.0
13701,0,0.0
13702,0,0.0
13703,0,0.0
13704,1,0.02
13705,0,0.21
13706,0,0.0
13707,0,0.0
13708,0,0.0
13709,1,0.99
13710,0,0.0
13711,0,0.0
13712,0,0.0
13713,0,0.0
13714,1,1.0
13715,1,1.0
13716,0,0.0
13717,1,0.13
13718,0,0.0
13719,1,1.0
13720,1,1.0
13721,1,0.29
13722,1,1.0
13723,0,0.0
13724,1,1.0
13725,1,0.09
13726,1,0.96
13727,0,0.0
13728,1,0.07
13729,0,0.0
13730,0,0.0
13731,1,0.125
13732,1,0.26
13733,1,1.0
13734,0,0.0
13735,0,0.0
13736,1,0.08
13737,1,0.75
13738,1,0.92
13739,1,0.98
13740,1,1.0
13741,0,0.0
13742,1,1.0
13743,1,0.54
13744,1,1.0
13745,1,1.0
13746,0,0.0
13747,1,0.9833
13748,1,0.23
13749,1,0.99
13750,1,1.0
13751,0,0.2
13752,0,0.0
13753,0,0.0
13754,0,0.0
13755,1,0.03
13756,1,1.0
13757,1,1.0
13758,0,0.0
13759,1,0.03
13760,1,1.0
13761,1,1.0
13762,1,1.0
13763,1,0.47
13764,0,0.0
13765,0,0.0
13766,0,0.0
13767,1,1.0
13768,1,0.0
13769,1,1.0
13770,1,1.0
13771,1,1.0
13772,1,0.82
13773,1,1.0
13774,0,0.0
13775,1,0.09
13776,0,0.0
13777,1,1.0
13778,1,0.12
13779,0,0.0
13780,1,0.16
13781,1,1.0
13782,1,0.71
13783,1,1.0
13784,1,0.97
13785,1,1.0
13786,1,0.48
13787,0,0.0
13788,1,1.0
13789,0,0.07
13790,1,1.0
13791,1,0.3
13792,1,1.0
13793,1,0.34
13794,0,0.0
13795,1,1.0
13796,1,1.0
13797,1,0.06
13798,1,0.9
13799,0,0.0
13800,0,0.0
13801,1,0.09
13802,1,0.09
13803,1,1.0
13804,0,0.0
13805,1,1.0
13806,0,0.0
13807,1,0.12
13808,1,0.16
13809,1,1.0
13810,1,1.0
13811,1,0.1
13812,1,0.08
13813,0,0.0
13814,1,0.28
13815,0,0.0
13816,1,1.0
13817,0,0.0
13818,1,1.0
13819,1,0.08
13820,0,0.21
13821,1,1.0
13822,0,0.0
13823,1,1.0
13824,0,0.0
13825,0,0.0
13826,1,0.02
13827,1,1.0
13828,1,1.0
13829,0,0.0
13830,1,0.35
13831,1,1.0
13832,1,1.0
13833,0,0.0
13834,0,0.0
13835,1,1.0
13836,1,0.98
13837,0,0.0
13838,1,0.41
13839,0,0.0
13840,1,1.0
13841,0,0.0
13842,1,1.0
13843,1,0.11
13844,1,0.04
13845,1,1.0
13846,1,0.56
13847,0,0.0
13848,0,0.0
13849,1,0.99
13850,0,0.0
13851,1,1.0
13852,0,0.0
13853,0,0.0
13854,1,0.09
13855,1,1.0
13856,1,1.0
13857,0,0.2
13858,1,0.8508
13859,0,0.0
13860,1,0.47
13861,1,0.26
13862,1,0.11
13863,0,0.01
13864,1,0.51
13865,0,0.0
13866,0,0.0
13867,1,0.86
13868,1,1.0
13869,0,0.0
13870,1,1.0
13871,1,0.65
13872,1,1.0
13873,1,0.22
13874,0,0.0
13875,1,0.36
13876,1,0.1
13877,1,0.09
13878,0,0.0
13879,0,0.0
13880,0,0.01
13881,1,0.05
13882,1,0.05
13883,1,0.01
13884,0,0.0
13885,1,1.0
13886,1,1.0
13887,1,0.49
13888,0,0.0
13889,1,1.0
13890,0,0.0
13891,0,0.01
13892,0,0.98
13893,1,1.0
13894,0,0.0
13895,1,1.0
13896,1,1.0
13897,1,1.0
13898,1,0.88
13899,0,0.0
13900,1,1.0
13901,0,0.0
13902,0,0.0
13903,1,1.0
13904,0,0.0
13905,0,0.0
13906,0,0.0
13907,1,1.0
13908,0,0.99
13909,0,0.01
13910,1,0.41
13911,0,0.0
13912,1,1.0
13913,1,1.0
13914,1,1.0
13915,1,0.05
13916,0,0.0
13917,1,0.99
13918,1,0.97
13919,1,0.99
13920,0,0.19
13921,1,1.0
13922,1,0.07
13923,1,0.19
13924,0,0.0
13925,1,1.0
13926,0,0.0
13927,1,0.04
13928,0,0.0
13929,0,0.0
13930,1,0.99
13931,1,0.35
13932,0,0.0
13933,1,1.0
13934,1,0.07
13935,0,0.99
13936,1,1.0
13937,1,1.0
13938,0,0.0
13939,0,0.0
13940,0,0.0
13941,0,0.0
13942,1,0.25
13943,1,1.0
13944,0,0.0
13945,0,0.0
13946,1,1.0
13947,1,0.01
13948,1,0.55
13949,0,0.0
13950,0,0.0
13951,1,0.06
13952,0,0.0
13953,1,0.35
13954,0,0.0
13955,0,0.0
13956,1,0.05
13957,1,1.0
13958,0,0.22
13959,1,1.0
13960,0,0.0
13961,0,0.2
13962,1,1.0
13963,0,0.06
13964,0,0.0
13965,1,1.0
13966,1,1.0
13967,0,0.0
13968,0,0.0
13969,1,1.0
13970,0,0.0
13971,1,1.0
13972,1,0.8983
13973,0,0.0
13974,1,1.0
13975,0,0.0
13976,1,1.0
13977,0,0.0
13978,1,1.0
13979,1,0.6
13980,0,0.0
13981,0,0.0
13982,0,0.0
13983,0,0.0
13984,1,0.11
13985,1,0.44
13986,0,0.0
13987,0,0.0
13988,1,0.32
13989,0,0.01
13990,1,0.97
13991,1,1.0
13992,1,0.98
13993,0,0.04
13994,1,1.0
13995,1,1.0
13996,1,0.67
13997,0,0.0
13998,0,0.0
13999,1,1.0
14000,0,0.18
14001,1,0.07
14002,1,0.99
14003,1,0.47
14004,1,1.0
14005,1,1.0
14006,1,0.4
14007,1,1.0
14008,1,0.01
14009,0,0.0
14010,1,0.06
14011,1,1.0
14012,0,0.0
14013,1,0.33
14014,0,0.0
14015,0,0.0
14016,1,1.0
14017,1,0.29
14018,0,0.0
14019,1,1.0
14020,1,0.8983
14021,1,0.11
14022,1,0.13
14023,0,0.0
14024,0,0.0
14025,1,0.34
14026,0,0.0
14027,0,0.0
14028,0,0.0
14029,1,1.0
14030,1,0.71
14031,0,0.0
14032,1,1.0
14033,1,0.41
14034,1,1.0
14035,0,0.0
14036,1,0.28
14037,0,0.0
14038,0,0.06
14039,1,0.11
14040,1,1.0
14041,0,0.0
14042,1,0.47
14043,1,1.0
14044,1,1.0
14045,1,1.0
14046,1,0.11
14047,1,1.0
14048,0,0.0
14049,1,0.36
14050,0,0.0
14051,1,1.0
14052,0,0.0
14053,0,0.0
14054,0,0.19
14055,1,0.795
14056,0,0.0
14057,1,0.81
14058,0,0.0
14059,1,1.0
14060,1,1.0
14061,0,0.0
14062,1,0.02
14063,1,1.0
14064,0,0.0
14065,0,0.0
14066,0,0.0
14067,0,0.0
14068,1,0.5
14069,1,0.07
14070,1,1.0
14071,1,1.0
14072,0,0.0
14073,0,0.0
14074,0,0.0
14075,1,1.0
14076,1,0.89
14077,1,1.0
14078,0,0.0
14079,1,0.7508
14080,1,0.05
14081,1,1.0
14082,0,0.0
14083,1,0.05
14084,0,0.0
14085,0,0.0
14086,0,0.0
14087,1,1.0
14088,1,0.06
14089,1,1.0
14090,1,0.41
14091,1,0.48
14092,0,0.0
14093,1,0.24
14094,1,0.05
14095,0,0.0
14096,1,0.26
14097,1,1.0
14098,0,0.0
14099,1,0.5
14100,1,0.68
14101,0,0.0
14102,1,1.0
14103,0,0.0
14104,0,0.0
14105,1,0.52
14106,1,0.11
14107,0,0.0
14108,1,1.0
14109,1,0.46
14110,1,1.0
14111,0,0.0
14112,1,0.07
14113,1,1.0
14114,1,0.48
14115,1,1.0
14116,1,0.97
14117,0,0.0
14118,1,1.0
14119,0,0.0
14120,0,0.0
14121,0,0.0
14122,0,0.0
14123,1,0.52
14124,1,0.74
14125,1,1.0
14126,1,0.9
14127,1,1.0
14128,1,0.22
14129,0,0.0
14130,1,1.0
14131,1,0.45
14132,0,0.17
14133,0,0.0
14134,0,0.0
14135,1,1.0
14136,0,0.0
14137,1,1.0
14138,1,0.05
14139,1,1.0
14140,1,0.49
14141,1,0.25
14142,1,0.1
14143,1,0.38
14144,0,0.0
14145,1,1.0
14146,1,1.0
14147,1,1.0
14148,1,0.13
14149,1,0.65
14150,1,0.99
14151,1,0.32
14152,1,1.0
14153,1,0.04
14154,1,1.0
14155,0,0.0
14156,0,0.0
14157,0,0.0
14158,0,0.0
14159,0,0.0
14160,0,0.0
14161,0,0.0
14162,1,1.0
14163,1,1.0
14164,0,0.0
14165,1,1.0
14166,1,1.0
14167,1,0.29
14168,0,0.0
14169,0,0.0
14170,0,0.0
14171,0,0.0
14172,1,1.0
14173,0,0.0
14174,1,1.0
14175,1,1.0
14176,0,0.0
14177,0,0.99
14178,0,0.0
14179,0,0.0
14180,1,1.0
14181,1,1.0
14182,0,0.97
14183,0,1.0
14184,1,0.92
14185,1,0.09
14186,1,1.0
14187,1,1.0
14188,1,0.44
14189,0,0.0
14190,1,1.0
14191,1,0.93
14192,1,1.0
14193,1,0.01
14194,0,0.21
14195,1,1.0
14196,0,0.0
14197,0,0.0
14198,1,0.08
14199,1,1.0
14200,0,0.0
14201,1,0.31
14202,1,0.7
14203,1,1.0
14204,0,0.0
14205,1,1.0
14206,0,0.0
14207,1,1.0
14208,1,0.04
14209,0,0.0
14210,1,0.02
14211,1,0.23
14212,1,0.04
14213,1,1.0
14214,0,0.0
14215,1,0.63
14216,1,0.08
14217,1,0.08
14218,1,0.15
14219,0,0.0
14220,1,0.15
14221,0,0.0
14222,1,0.46
14223,0,0.0
14224,1,0.33
14225,1,0.04
14226,0,0.0
14227,1,1.0
14228,1,0.13
14229,1,0.17
14230,1,0.06
14231,1,1.0
14232,1,0.2
14233,1,1.0
14234,0,0.0
14235,0,0.0
14236,1,0.39
14237,0,1.0
14238,1,1.0
14239,1,1.0
14240,1,1.0
14241,0,0.0
14242,1,0.78
14243,1,0.07
14244,1,0.38
14245,0,0.0
14246,0,0.0
14247,0,0.0
14248,1,1.0
14249,1,1.0
14250,0,0.0
14251,0,0.0
14252,1,1.0
14253,1,0.89
14254,1,0.85
14255,1,0.52
14256,1,0.99
14257,1,0.19
14258,0,0.0
14259,1,0.51
14260,0,0.0
14261,0,0.0
14262,0,0.0
14263,1,0.17
14264,1,1.0
14265,1,0.97
14266,0,0.0
14267,0,0.0
14268,0,0.0
14269,1,0.45
14270,0,0.0
14271,0,0.0
14272,0,0.0
14273,1,1.0
14274,0,0.0
14275,0,0.2
14276,1,1.0
14277,1,1.0
14278,0,0.01
14279,1,0.6
14280,1,1.0
14281,0,0.0
14282,1,0.03
14283,1,0.68
14284,1,1.0
14285,0,0.0
14286,0,0.0
14287,1,1.0
14288,1,0.47
14289,0,0.0
14290,1,0.8
14291,0,0.0
14292,1,1.0
14293,1,1.0
14294,1,1.0
14295,0,0.11
14296,1,1.0
14297,0,0.0
14298,0,1.0
14299,1,1.0
14300,1,1.0
14301,1,1.0
14302,1,0.97
14303,0,0.0
14304,1,0.98
14305,0,0.0
14306,0,0.0
14307,1,0.27
14308,1,0.27
14309,1,0.43
14310,0,0.0
14311,0,0.0
14312,0,0.0
14313,0,0.0
14314,1,0.08
14315,1,0.01
14316,1,0.12
14317,0,0.9
14318,0,0.0
14319,1,0.23
14320,1,1.0
14321,1,0.9
14322,0,0.0
14323,1,1.0
14324,0,0.0
14325,0,0.0
14326,1,0.49
14327,1,0.0
14328,0,0.0
14329,0,0.0
14330,0,0.0
14331,0,0.0
14332,0,0.0
14333,0,0.0
14334,0,0.0
14335,1,0.29
14336,0,0.0
14337,1,0.35
14338,1,0.39
14339,0,0.0
14340,0,0.0
14341,0,0.11
14342,1,0.61
14343,0,0.0
14344,1,1.0
14345,1,1.0
14346,1,0.38
14347,1,0.12
14348,1,0.56
14349,0,0.0
14350,0,0.05
14351,1,0.27
14352,1,1.0
14353,1,0.25
14354,1,1.0
14355,1,0.0
14356,0,0.0
14357,1,1.0
14358,0,0.0
14359,0,0.0
14360,1,1.0
14361,0,0.0
14362,1,1.0
14363,0,0.0
14364,1,0.96
14365,1,0.97
14366,1,0.09
14367,1,0.07
14368,0,0.0
14369,1,1.0
14370,0,0.0
14371,1,0.37
14372,1,1.0
14373,0,0.0
14374,0,0.13
14375,1,1.0
14376,0,0.0
14377,1,1.0
14378,0,0.01
14379,1,0.39
14380,0,0.0
14381,0,0.0
14382,1,1.0
14383,1,1.0
14384,1,1.0
14385,1,0.71
14386,0,0.0
14387,0,0.0
14388,0,0.0
14389,1,1.0
14390,1,0.65
14391,0,0.0
14392,1,1.0
14393,0,0.02
14394,0,0.0
14395,1,1.0
14396,1,0.13
14397,1,0.09
14398,1,1.0
14399,1,1.0
14400,0,0.84
14401,0,0.0
14402,1,1.0
14403,1,0.2
14404,0,0.0
14405,1,1.0
14406,0,0.0
14407,0,0.0
14408,0,0.2
14409,1,1.0
14410,0,0.0
14411,1,1.0
14412,1,0.95
14413,0,0.0
14414,0,0.0
14415,0,0.02
14416,0,0.0
14417,1,1.0
14418,0,0.0
14419,1,1.0
14420,0,0.0
14421,0,0.0
14422,0,0.0
14423,0,0.0
14424,1,0.65
14425,0,0.0
14426,0,0.0
14427,0,0.33
14428,0,0.0
14429,1,1.0
14430,1,1.0
14431,1,0.43
14432,0,0.0
14433,0,0.0
14434,1,1.0
14435,1,1.0
14436,1,1.0
14437,0,0.0
14438,1,1.0
14439,1,0.16
14440,1,1.0
14441,1,0.25
14442,0,0.0
14443,0,0.0
14444,1,1.0
14445,1,1.0
14446,0,0.33
14447,0,0.0
14448,0,0.0
14449,0,0.0
14450,1,1.0
14451,0,0.0
14452,0,0.0
14453,1,0.4
14454,1,1.0
14455,1,0.97
14456,0,0.0
14457,0,0.0
14458,0,0.0
14459,1,1.0
14460,0,0.0
14461,0,0.08
14462,0,0.0
14463,0,0.2
14464,1,1.0
14465,1,1.0
14466,0,0.0
14467,1,0.95
14468,1,1.0
14469,0,0.0
14470,1,1.0
14471,1,1.0
14472,1,1.0
14473,1,0.47
14474,0,0.01
14475,0,0.0
14476,1,0.17
14477,0,0.0
14478,1,0.24
14479,1,0.28
14480,0,0.0
14481,0,0.0
14482,0,0.0
14483,0,0.0
14484,0,0.0
14485,1,0.06
14486,1,0.22
14487,1,0.27
14488,1,0.02
14489,0,0.0
14490,1,1.0
14491,1,1.0
14492,1,1.0
14493,1,0.26
14494,0,0.0
14495,0,0.0
14496,1,0.36
14497,1,0.87
14498,0,0.0
14499,1,0.38
14500,1,0.17
14501,0,0.0
14502,1,0.27
14503,1,0.23
14504,1,0.38
14505,1,1.0
14506,1,1.0
14507,1,1.0
14508,0,0.0
14509,1,0.65
14510,0,0.0
14511,1,1.0
14512,0,0.0
14513,1,0.22
14514,0,0.0
14515,1,1.0
14516,1,0.09
14517,0,1.0
14518,0,0.01
14519,0,0.0
14520,0,0.0
14521,1,1.0
14522,0,0.0
14523,0,0.0
14524,1,0.38
14525,0,0.0
14526,1,0.07
14527,0,0.0
14528,0,0.0
14529,0,0.0
14530,0,0.0
14531,0,0.0
14532,0,0.0
14533,1,0.41
14534,0,0.0
14535,1,0.11
14536,0,0.0
14537,1,0.13
14538,1,0.35
14539,0,0.19
14540,0,0.01
14541,1,0.12
14542,1,1.0
14543,1,1.0
14544,1,0.9
14545,1,1.0
14546,1,0.16
14547,0,0.91
14548,1,1.0
14549,0,0.0
14550,1,1.0
14551,1,0.08
14552,1,0.88
14553,0,0.0
14554,1,0.95
14555,1,1.0
14556,1,0.31
14557,1,1.0
14558,0,0.0
14559,1,0.42
14560,0,0.99
14561,1,0.38
14562,1,1.0
14563,0,0.0
14564,0,0.0
14565,0,0.0
14566,0,0.03
14567,1,0.22
14568,0,0.21
14569,1,1.0
14570,1,0.01
14571,1,1.0
14572,0,0.0
14573,1,1.0
14574,1,0.93
14575,1,1.0
14576,1,0.28
14577,0,0.0
14578,1,0.23
14579,1,1.0
14580,0,0.0
14581,0,0.0
14582,0,0.08
14583,0,0.0
14584,0,0.0
14585,0,0.05
14586,1,0.09
14587,1,1.0
14588,1,0.86
14589,1,1.0
14590,1,1.0
14591,0,0.0
14592,1,0.04
14593,1,0.03
14594,1,1.0
14595,0,0.0
14596,0,0.24
14597,1,1.0
14598,0,0.0
14599,1,0.9
14600,1,1.0
14601,0,0.88
14602,0,0.0
14603,1,0.48
14604,1,1.0
14605,1,0.39
14606,1,0.24
14607,1,1.0
14608,0,0.0
14609,0,0.0
14610,1,1.0
14611,0,0.0
14612,1,0.3
14613,1,0.02
14614,0,0.0
14615,1,0.94
14616,1,0.09
14617,1,0.97
14618,0,0.0
14619,1,1.0
14620,0,0.0
14621,1,0.32
14622,0,0.0
14623,0,0.0
14624,0,0.0
14625,0,0.0
14626,0,0.0
14627,0,0.0
14628,0,0.0
14629,1,1.0
14630,0,0.0
14631,1,0.97
14632,0,0.0
14633,1,1.0
14634,1,0.9633
14635,0,0.01
14636,0,0.0
14637,1,0.12
14638,0,0.0
14639,1,0.65
14640,1,1.0
14641,1,0.14
14642,0,0.0
14643,1,1.0
14644,1,1.0
14645,0,1.0
14646,1,0.15
14647,1,0.54
14648,0,0.0
14649,1,0.56
14650,1,1.0
14651,1,1.0
14652,1,1.0
14653,0,0.0
14654,1,1.0
14655,1,1.0
14656,0,0.0
14657,0,0.0
14658,1,0.97
14659,0,0.0
14660,0,0.0
14661,0,0.0
14662,0,0.0
14663,1,0.48
14664,1,0.02
14665,0,0.0
14666,0,0.0
14667,0,1.0
14668,1,0.1
14669,1,1.0
14670,1,0.29
14671,0,0.97
14672,1,1.0
14673,1,0.03
14674,1,1.0
14675,0,0.01
14676,1,0.49
14677,0,0.0
14678,1,1.0
14679,1,1.0
14680,0,0.2
14681,1,1.0
14682,1,0.86
14683,0,0.0
14684,0,0.0
14685,1,0.91
14686,1,1.0
14687,0,0.0
14688,0,0.0
14689,0,0.97
14690,1,0.39
14691,0,0.06
14692,1,0.09
14693,1,1.0
14694,0,0.0
14695,1,1.0
14696,0,0.0
14697,0,0.0
14698,1,1.0
14699,1,1.0
14700,1,1.0
14701,1,1.0
14702,0,0.01
14703,1,0.07
14704,0,0.0
14705,0,0.01
14706,0,0.0
14707,0,0.0
14708,0,0.0
14709,0,0.0
14710,1,0.43
14711,1,1.0
14712,0,0.0
14713,0,0.0
14714,0,0.0
14715,1,0.01
14716,1,0.26
14717,1,0.2
14718,0,0.0
14719,1,0.89
14720,0,0.0
14721,0,0.0
14722,1,1.0
14723,1,1.0
14724,0,0.01
14725,0,0.0
14726,1,0.32
14727,1,1.0
14728,1,1.0
14729,1,1.0
14730,0,0.0
14731,0,0.0
14732,1,0.43
14733,1,0.91
14734,1,1.0
14735,0,0.0
14736,1,0.94
14737,1,0.06
14738,1,1.0
14739,1,0.6
14740,1,1.0
14741,1,0.94
14742,0,0.0
14743,1,0.13
14744,1,0.52
14745,1,0.22
14746,0,0.0
14747,1,0.03
14748,1,0.09
14749,1,1.0
14750,1,0.99
14751,1,0.11
14752,0,0.0
14753,1,0.06
14754,1,1.0
14755,1,0.95
14756,1,0.24
14757,0,0.0
14758,1,1.0
14759,0,0.0
14760,0,0.18
14761,0,0.0
14762,1,1.0
14763,0,0.0
14764,1,0.22
14765,1,1.0
14766,1,0.53
14767,1,0.15
14768,1,0.09
14769,1,0.09
14770,0,0.0
14771,0,0.0
14772,1,0.3
14773,0,0.0
14774,0,0.0
14775,1,0.99
14776,1,1.0
14777,0,0.0
14778,1,1.0
14779,0,0.0
14780,1,1.0
14781,1,0.25
14782,0,0.0
14783,1,1.0
14784,1,0.97
14785,0,0.17
14786,0,0.21
14787,1,0.01
14788,1,0.26
14789,0,0.21
14790,0,0.0
14791,0,0.0
14792,0,0.0
14793,1,1.0
14794,1,0.12
14795,0,0.0
14796,0,0.0
14797,1,0.91
14798,1,1.0
14799,1,1.0
14800,1,1.0
14801,1,0.23
14802,0,0.0
14803,1,1.0
14804,1,0.52
14805,0,0.0
14806,0,0.2
14807,1,1.0
14808,0,0.0
14809,1,1.0
14810,1,0.98
14811,1,0.02
14812,1,1.0
14813,0,0.0
14814,0,0.0
14815,0,0.0
14816,1,0.37
14817,0,0.0
14818,1,0.28
14819,0,0.0
14820,0,0.0
14821,0,0.0
14822,1,0.8883
14823,1,0.12
14824,0,0.0
14825,1,0.7
14826,1,0.56
14827,1,0.96
14828,1,0.94
14829,0,0.19
14830,0,0.0
14831,0,0.0
14832,1,1.0
14833,1,1.0
14834,1,0.36
14835,1,0.36
14836,1,1.0
14837,0,0.0
14838,0,0.0
14839,1,1.0
14840,1,0.8083
14841,1,0.2
14842,1,1.0
14843,1,0.02
14844,1,1.0
14845,0,0.0
14846,0,0.0
14847,1,0.16
14848,1,0.26
14849,1,1.0
14850,0,0.0
14851,1,0.79
14852,1,0.09
14853,0,0.0
14854,0,0.0
14855,0,0.0
14856,1,0.05
14857,1,0.98
14858,1,0.17
14859,1,1.0
14860,1,1.0
14861,1,1.0
14862,0,0.0
14863,1,1.0
14864,1,0.25
14865,0,0.0
14866,1,1.0
14867,1,0.99
14868,0,0.17
14869,1,0.02
14870,0,0.0
14871,1,1.0
14872,0,0.0
14873,1,0.09
14874,0,0.0
14875,1,0.85
14876,0,0.0
14877,1,0.07
14878,0,0.19
14879,1,0.6
14880,1,0.84
14881,0,0.0
14882,1,0.57
14883,0,0.0
14884,0,0.0
14885,1,1.0
14886,1,1.0
14887,0,0.0
14888,1,0.65
14889,1,0.07
14890,0,0.0
14891,0,0.02
14892,0,0.0
14893,0,0.0
14894,0,0.0
14895,1,1.0
14896,1,0.1
14897,0,0.0
14898,1,0.01
14899,1,1.0
14900,0,0.0
14901,0,0.0
14902,0,0.0
14903,1,0.02
14904,1,0.11
14905,1,0.94
14906,1,0.12
14907,0,0.0
14908,0,0.0
14909,0,0.0
14910,1,0.54
14911,1,1.0
14912,0,0.0
14913,0,0.0
14914,0,0.92
14915,1,1.0
14916,0,0.03
14917,1,0.13
14918,0,0.0
14919,1,0.3
14920,1,0.44
14921,1,1.0
14922,1,0.1
14923,1,0.39
14924,0,0.0
14925,0,0.2
14926,1,1.0
14927,1,1.0
14928,0,0.0
14929,1,1.0
14930,0,0.0
14931,1,1.0
14932,1,0.34
14933,0,0.0
14934,1,0.57
14935,1,1.0
14936,1,0.84
14937,0,0.0
14938,1,0.49
14939,0,0.2
14940,1,0.03
14941,0,0.0
14942,1,0.74
14943,1,1.0
14944,0,0.0
14945,1,0.86
14946,0,0.0
14947,0,0.92
14948,1,0.04
14949,0,0.0
14950,1,0.59
14951,1,1.0
14952,1,0.56
14953,1,1.0
14954,1,0.13
14955,1,1.0
14956,1,1.0
14957,1,0.28
14958,1,0.07
14959,1,0.93
14960,1,1.0
14961,1,0.16
14962,1,1.0
14963,0,0.0
14964,0,0.0
14965,1,1.0
14966,0,0.0
14967,0,0.0
14968,1,0.97
14969,0,0.03
14970,0,0.0
14971,0,0.0
14972,0,0.0
14973,0,0.0
14974,1,0.97
14975,0,0.0
14976,0,0.0
14977,0,0.0
14978,0,0.36
14979,0,0.0
14980,1,0.41
14981,0,0.0
14982,0,0.0
14983,1,1.0
14984,1,1.0
14985,1,0.2
14986,1,0.26
14987,1,0.6
14988,1,0.52
14989,1,1.0
14990,0,0.0
14991,1,1.0
14992,0,0.0
14993,0,0.01
14994,0,0.0
14995,0,0.0
14996,0,0.68
14997,1,1.0
14998,0,0.0
14999,1,0.99
15000,1,0.04
15001,0,0.0
15002,1,0.3
15003,1,0.97
15004,1,1.0
15005,0,0.0
15006,0,0.2
15007,1,0.09
15008,1,1.0
15009,1,1.0
15010,0,0.0
15011,0,0.0
15012,1,1.0
15013,1,0.06
15014,0,0.21
15015,1,0.02
15016,0,0.0
15017,0,0.0
15018,0,0.0
15019,1,1.0
15020,0,0.16
15021,1,0.09
15022,1,1.0
15023,1,0.08
15024,1,1.0
15025,0,0.0
15026,0,0.0
15027,0,0.0
15028,0,0.0
15029,0,0.0
15030,1,0.79
15031,1,1.0
15032,0,0.0
15033,0,0.0
15034,1,0.11
15035,0,0.0
15036,0,0.0
15037,0,0.0
15038,0,0.01
15039,0,0.2
15040,0,0.0
15041,0,0.0
15042,1,0.06
15043,1,0.41
15044,1,1.0
15045,0,0.0
15046,1,0.705
15047,1,0.97
15048,0,0.0
15049,0,0.0
15050,0,0.0
15051,1,0.22
15052,1,0.98
15053,0,0.0
15054,1,0.05
15055,1,1.0
15056,0,0.0
15057,0,0.05
15058,1,0.04
15059,0,0.0
15060,0,0.0
15061,1,0.26
15062,1,0.95
15063,1,1.0
15064,0,0.0
15065,1,0.3
15066,1,1.0
15067,1,0.5
15068,1,0.26
15069,0,0.0
15070,1,1.0
15071,1,0.03
15072,1,1.0
15073,1,0.3
15074,0,0.0
15075,1,0.21
15076,1,0.31
15077,0,0.0
15078,1,0.06
15079,1,0.44
15080,0,0.0
15081,1,1.0
15082,1,0.41
15083,1,0.1
15084,1,1.0
15085,1,1.0
15086,1,0.64
15087,0,0.0
15088,1,1.0
15089,0,0.0
15090,0,0.0
15091,0,0.0
15092,1,0.06
15093,0,0.0
15094,0,0.21
15095,1,1.0
15096,0,0.0
15097,1,0.41
15098,1,0.22
15099,1,0.05
15100,1,0.06
15101,1,0.71
15102,1,0.77
15103,0,0.05
15104,0,0.0
15105,0,0.0
15106,1,0.93
15107,1,0.13
15108,0,0.0
15109,0,0.0
15110,0,0.0
15111,0,0.0
15112,1,1.0
15113,1,0.31
15114,0,0.0
15115,0,0.06
15116,1,1.0
15117,1,1.0
15118,1,1.0
15119,1,1.0
15120,1,0.15
15121,1,1.0
15122,1,1.0
15123,0,0.0
15124,1,1.0
15125,0,0.0
15126,1,1.0
15127,0,0.84
15128,1,0.39
15129,0,0.0
15130,1,1.0
15131,1,0.41
15132,0,0.0
15133,1,0.96
15134,1,1.0
15135,1,1.0
15136,0,0.0
15137,1,0.29
15138,0,0.0
15139,1,1.0
15140,1,1.0
15141,0,0.0
15142,1,0.28
15143,1,0.01
15144,0,0.23
15145,1,0.08
15146,0,0.0
15147,1,1.0
15148,1,0.94
15149,1,1.0
15150,1,0.43
15151,0,0.0
15152,1,0.08
15153,1,0.14
15154,1,0.03
15155,0,0.0
15156,1,0.08
15157,1,1.0
15158,0,0.0
15159,0,0.0
15160,1,1.0
15161,1,0.9833
15162,1,0.03
15163,0,0.0
15164,1,0.35
15165,1,0.16
15166,1,0.16
15167,1,0.11
15168,0,0.0
15169,0,0.15
15170,0,0.0
15171,1,0.07
15172,1,0.05
15173,1,1.0
15174,0,0.0
15175,0,1.0
15176,0,0.0
15177,1,0.41
15178,0,0.0
15179,1,1.0
15180,1,0.17
15181,0,0.0
15182,0,0.0
15183,0,0.0
15184,0,0.0
15185,0,0.0
15186,0,0.0
15187,0,0.0
15188,1,1.0
15189,0,0.0
15190,0,0.0
15191,0,0.0
15192,0,0.0
15193,0,0.0
15194,0,0.0
15195,1,0.55
15196,1,0.96
15197,0,0.0
15198,0,0.0
15199,0,0.0
15200,0,0.0
15201,1,1.0
15202,1,0.51
15203,0,0.0
15204,1,0.98
15205,1,1.0
15206,0,0.0
15207,1,0.25
15208,0,0.0
15209,1,0.39
15210,0,0.0
15211,0,0.2
15212,0,0.0
15213,1,1.0
15214,0,0.0
15215,1,0.6
15216,0,0.0
15217,1,0.6672
15218,1,1.0
15219,1,1.0
15220,1,0.11
15221,1,1.0
15222,1,0.42
15223,0,0.0
15224,1,0.03
15225,1,0.06
15226,1,0.1
15227,1,0.53
15228,0,0.0
15229,1,0.38
15230,1,0.25
15231,1,1.0
15232,1,0.01
15233,1,1.0
15234,0,0.0
15235,1,1.0
15236,0,0.0
15237,0,0.0
15238,0,0.0
15239,0,0.0
15240,0,0.0
15241,0,0.0
15242,0,0.0
15243,1,1.0
15244,1,1.0
15245,1,1.0
15246,0,0.0
15247,1,0.02
15248,1,1.0
15249,1,1.0
15250,0,0.0
15251,1,1.0
15252,0,0.04
15253,1,0.01
15254,0,0.0
15255,1,0.22
15256,1,0.49
15257,0,0.0
15258,0,0.0
15259,1,0.3
15260,1,1.0
15261,1,0.18
15262,0,0.0
15263,1,0.09
15264,0,0.0
15265,0,0.95
15266,1,1.0
15267,1,0.98
15268,0,0.0
15269,1,0.16
15270,0,0.0
15271,1,0.71
15272,1,1.0
15273,1,0.92
15274,0,0.0
15275,0,0.0
15276,1,1.0
15277,0,0.2
15278,0,0.0
15279,1,0.7933
15280,0,0.02
15281,1,1.0
15282,0,0.0
15283,0,0.0
15284,0,0.0
15285,1,0.1
15286,1,0.97
15287,0,0.0
15288,1,0.47
15289,0,0.0
15290,1,0.68
15291,0,0.0
15292,0,0.01
15293,0,0.0
15294,1,0.52
15295,1,0.97
15296,0,0.0
15297,0,0.0
15298,1,0.42
15299,1,0.44
15300,0,0.0
15301,1,1.0
15302,1,1.0
15303,1,1.0
15304,0,0.0
15305,1,0.27
15306,1,0.17
15307,1,0.4
15308,1,0.23
15309,1,0.03
15310,0,0.0
15311,1,0.92
15312,1,1.0
15313,1,0.91
15314,1,0.09
15315,0,0.0
15316,0,0.0
15317,1,0.24
15318,1,0.47
15319,1,0.45
15320,1,0.97
15321,1,0.0
15322,1,0.97
15323,1,1.0
15324,1,0.0
15325,1,0.14
15326,0,0.0
15327,0,0.0
15328,0,0.09
15329,0,0.0
15330,0,0.0
15331,0,0.0
15332,0,0.0
15333,1,0.52
15334,1,0.97
15335,1,0.86
15336,1,1.0
15337,1,0.14
15338,1,0.03
15339,1,0.39
15340,1,0.43
15341,0,0.0
15342,0,0.0
15343,0,0.0
15344,1,1.0
15345,1,1.0
15346,0,0.0
15347,0,0.0
15348,0,0.0
15349,0,0.0
15350,1,1.0
15351,1,0.03
15352,0,0.0
15353,1,0.88
15354,0,0.0
15355,1,0.38
15356,1,0.28
15357,1,1.0
15358,1,1.0
15359,0,0.0
15360,1,1.0
15361,0,0.0
15362,0,0.0
15363,0,0.0
15364,0,0.0
15365,1,0.08
15366,0,0.0
15367,0,0.0
15368,1,0.11
15369,1,0.03
15370,1,0.02
15371,1,0.26
15372,0,0.0
15373,0,0.0
15374,0,0.0
15375,1,0.06
15376,0,0.0
15377,1,0.47
15378,1,1.0
15379,1,1.0
15380,1,0.91
15381,0,0.0
15382,0,0.97
15383,0,0.0
15384,1,1.0
15385,0,0.21
15386,1,1.0
15387,0,0.0
15388,0,0.01
15389,1,1.0
15390,1,0.17
15391,1,0.64
15392,0,0.0
15393,1,1.0
15394,0,0.0
15395,1,1.0
15396,1,0.33
15397,1,1.0
15398,1,0.115
15399,1,1.0
15400,0,0.0
15401,1,1.0
15402,1,1.0
15403,1,1.0
15404,0,0.0
15405,1,0.26
15406,1,0.86
15407,1,1.0
15408,0,0.0
15409,0,0.0
15410,1,1.0
15411,0,0.0
15412,0,0.0
15413,0,0.0
15414,1,0.59
15415,0,0.0
15416,1,1.0
15417,1,0.84
15418,1,0.73
15419,1,1.0
15420,1,0.05
15421,0,0.0
15422,0,0.0
15423,0,0.0
15424,0,0.0
15425,0,0.0
15426,1,0.26
15427,1,1.0
15428,0,0.0
15429,0,0.0
15430,0,0.0
15431,1,1.0
15432,0,0.0
15433,1,1.0
15434,0,0.0
15435,0,0.0
15436,1,0.1
15437,1,0.06
15438,1,0.22
15439,1,1.0
15440,0,0.86
15441,0,0.0
15442,1,0.57
15443,1,1.0
15444,0,0.0
15445,1,1.0
15446,1,1.0
15447,0,0.0
15448,1,0.18
15449,0,0.0
15450,1,1.0
15451,0,0.0
15452,0,0.96
15453,0,0.0
15454,0,0.0
15455,1,1.0
15456,0,0.0
15457,0,0.0
15458,1,1.0
15459,0,0.0
15460,1,1.0
15461,1,1.0
15462,1,0.04
15463,1,1.0
15464,0,0.0
15465,1,1.0
15466,1,1.0
15467,1,1.0
15468,0,0.0
15469,1,0.38
15470,1,0.16
15471,0,0.0
15472,1,0.11
15473,1,0.7958
15474,1,0.08
15475,1,0.705
15476,0,0.0
15477,1,1.0
15478,1,1.0
15479,0,0.0
15480,1,1.0
15481,0,0.0
15482,0,0.0
15483,1,1.0
15484,1,1.0
15485,1,0.05
15486,1,0.09
15487,1,1.0
15488,1,0.36
15489,1,1.0
15490,1,0.05
15491,0,0.0
15492,0,0.0
15493,0,0.0
15494,1,0.13
15495,0,0.0
15496,0,0.0
15497,1,1.0
15498,1,0.97
15499,1,1.0
15500,1,1.0
15501,1,1.0
15502,0,0.0
15503,1,1.0
15504,0,0.0
15505,1,1.0
15506,1,0.45
15507,0,0.0
15508,1,1.0
15509,0,0.09
15510,0,0.0
15511,0,0.0
15512,1,0.14
15513,1,1.0
15514,0,0.0
15515,0,0.0
15516,1,1.0
15517,0,0.01
15518,1,1.0
15519,1,0.47
15520,1,0.0
15521,0,0.0
15522,1,0.96
15523,0,0.0
15524,0,0.0
15525,1,1.0
15526,1,0.23
15527,1,0.53
15528,0,0.22
15529,1,1.0
15530,0,0.0
15531,0,0.0
15532,1,0.99
15533,1,1.0
15534,0,0.0
15535,0,0.0
15536,0,0.0
15537,0,0.0
15538,1,0.04
15539,1,1.0
15540,0,0.03
15541,1,1.0
15542,1,0.98
15543,1,0.66
15544,0,0.0
15545,1,0.0
15546,0,0.0
15547,1,0.89
15548,1,1.0
15549,1,0.75
15550,0,0.0
15551,0,0.0
15552,0,0.0
15553,1,0.15
15554,0,0.0
15555,1,1.0
15556,0,0.0
15557,1,0.09
15558,0,0.0
15559,0,0.0
15560,0,0.0
15561,1,1.0
15562,0,0.0
15563,0,0.0
15564,1,0.41
15565,0,0.0
15566,1,0.99
15567,1,1.0
15568,1,1.0
15569,1,1.0
15570,0,0.0
15571,0,0.0
15572,1,1.0
15573,1,0.52
15574,1,0.82
15575,0,0.0
15576,1,0.57
15577,1,0.16
15578,1,0.13
15579,1,1.0
15580,1,1.0
15581,1,0.1
15582,1,0.97
15583,0,0.0
15584,1,0.15
15585,0,0.0
15586,1,0.99
15587,1,0.07
15588,0,0.0
15589,1,1.0
15590,1,0.26
15591,0,0.0
15592,0,0.01
15593,1,0.09
15594,1,0.2
15595,1,0.68
15596,0,0.0
15597,0,0.0
15598,1,0.98
15599,0,0.0
15600,1,0.09
15601,0,0.0
15602,0,0.0
15603,1,0.47
15604,0,0.0
15605,1,1.0
15606,0,0.0
15607,0,0.0
15608,0,0.0
15609,0,0.0
15610,0,0.0
15611,1,0.49
15612,0,0.0
15613,1,1.0
15614,1,0.99
15615,1,1.0
15616,1,0.96
15617,1,0.97
15618,0,0.0
15619,1,1.0
15620,0,0.0
15621,1,1.0
15622,0,0.0
15623,0,0.0
15624,1,0.02
15625,1,1.0
15626,0,0.0
15627,0,0.0
15628,0,0.0
15629,0,0.0
15630,0,0.0
15631,1,1.0
15632,0,0.0
15633,1,0.49
15634,0,0.0
15635,1,0.95
15636,0,0.21
15637,1,1.0
15638,1,1.0
15639,1,0.41
15640,1,0.39
15641,1,1.0
15642,1,1.0
15643,0,0.0
15644,1,0.46
15645,0,0.0
15646,1,0.99
15647,1,0.46
15648,1,0.73
15649,0,0.0
15650,1,0.64
15651,1,1.0
15652,0,0.0
15653,1,0.49
15654,1,1.0
15655,1,0.08
15656,0,0.0
15657,0,0.2
15658,1,1.0
15659,0,0.0
15660,1,1.0
15661,1,0.08
15662,1,1.0
15663,1,1.0
15664,1,1.0
15665,1,0.0
15666,1,1.0
15667,1,0.99
15668,1,0.04
15669,1,1.0
15670,0,0.0
15671,0,0.14
15672,1,0.13
15673,1,1.0
15674,1,1.0
15675,0,0.2
15676,1,1.0
15677,1,1.0
15678,0,0.0
15679,0,0.0
15680,0,0.0
15681,0,0.0
15682,0,0.0
15683,0,0.55
15684,0,0.0
15685,1,1.0
15686,1,1.0
15687,0,0.0
15688,0,0.19
15689,0,0.0
15690,1,0.02
15691,0,0.0
15692,1,1.0
15693,0,0.0
15694,0,0.0
15695,0,0.6
15696,1,1.0
15697,0,0.0
15698,0,0.0
15699,1,0.04
15700,0,0.0
15701,1,1.0
15702,0,0.0
15703,1,1.0
15704,0,0.0
15705,0,0.0
15706,1,1.0
15707,0,0.0
15708,1,0.45
15709,0,0.0
15710,1,1.0
15711,0,0.0
15712,0,0.0
15713,0,0.0
15714,1,0.86
15715,1,0.81
15716,0,0.0
15717,1,1.0
15718,1,0.35
15719,1,0.38
15720,1,1.0
15721,0,0.0
15722,1,0.02
15723,1,0.01
15724,1,0.05
15725,1,0.07
15726,1,0.98
15727,0,0.0
15728,0,0.01
15729,0,0.0
15730,1,1.0
15731,1,1.0
15732,1,0.37
15733,0,0.0
15734,0,0.0
15735,1,1.0
15736,1,0.7133
15737,1,1.0
15738,0,0.0
15739,0,0.02
15740,0,0.15
15741,1,1.0
15742,0,0.08
15743,1,0.52
15744,0,0.0
15745,0,0.0
15746,1,1.0
15747,1,1.0
15748,0,0.0
15749,1,1.0
15750,1,0.31
15751,0,0.0
15752,1,0.02
15753,1,0.24
15754,1,0.4
15755,0,0.19
15756,1,0.59
15757,1,1.0
15758,0,0.0
15759,1,1.0
15760,1,0.99
15761,1,0.22
15762,0,0.0
15763,1,0.6
15764,1,1.0
15765,1,1.0
15766,1,1.0
15767,0,0.0
15768,1,0.8983
15769,1,0.3
15770,1,1.0
15771,1,1.0
15772,1,1.0
15773,0,0.0
15774,1,1.0
15775,1,0.02
15776,0,0.0
15777,1,0.71
15778,0,0.0
15779,1,0.01
15780,1,0.21
15781,0,0.0
15782,1,0.24
15783,1,0.35
15784,0,0.0
15785,1,1.0
15786,1,0.48
15787,1,0.05
15788,1,0.36
15789,1,0.02
15790,1,0.08
15791,1,1.0
15792,1,0.52
15793,0,0.0
15794,0,0.02
15795,1,0.99
15796,1,0.86
15797,0,0.0
15798,1,0.7
15799,1,1.0
15800,1,1.0
15801,0,0.0
15802,0,0.0
15803,1,1.0
15804,1,0.54
15805,1,0.31
15806,1,1.0
15807,1,1.0
15808,0,0.01
15809,1,0.4
15810,1,0.02
15811,1,1.0
15812,0,0.0
15813,1,1.0
15814,0,0.0
15815,1,0.3
15816,0,0.0
15817,1,0.27
15818,1,1.0
15819,0,0.0
15820,0,0.0
15821,1,1.0
15822,1,0.4
15823,0,0.0
15824,1,0.12
15825,1,1.0
15826,1,1.0
15827,1,1.0
15828,0,0.0
15829,1,0.04
15830,0,0.0
15831,1,1.0
15832,0,0.21
15833,1,0.27
15834,1,1.0
15835,0,0.0
15836,1,0.11
15837,0,0.0
15838,0,0.0
15839,0,0.0
15840,0,0.0
15841,1,0.99
15842,1,1.0
15843,1,1.0
15844,0,0.0
15845,1,0.29
15846,1,0.29
15847,1,0.0
15848,0,0.0
15849,0,0.0
15850,0,0.0
15851,1,0.68
15852,0,0.2
15853,1,0.88
15854,1,1.0
15855,1,1.0
15856,0,0.0
15857,1,1.0
15858,0,0.99
15859,0,0.0
15860,1,1.0
15861,0,0.01
15862,0,0.0
15863,0,0.0
15864,1,1.0
15865,1,1.0
15866,0,0.24
15867,0,0.01
15868,0,0.0
15869,0,0.0
15870,0,0.0
15871,1,0.59
15872,1,1.0
15873,1,0.615
15874,1,0.26
15875,0,0.0
15876,0,0.0
15877,0,0.0
15878,1,0.08
15879,0,0.2
15880,0,0.0
15881,0,0.0
15882,1,1.0
15883,0,0.0
15884,1,1.0
15885,0,0.0
15886,0,0.0
15887,1,0.34
15888,1,0.99
15889,1,0.98
15890,1,0.0
15891,0,0.0
15892,1,1.0
15893,0,0.2
15894,1,1.0
15895,1,0.11
15896,0,0.0
15897,1,0.05
15898,1,0.08
15899,0,0.0
15900,1,1.0
15901,0,0.0
15902,1,0.03
15903,0,0.0
15904,1,1.0
15905,1,0.98
15906,0,0.0
15907,1,1.0
15908,1,0.37
15909,1,0.06
15910,1,1.0
15911,1,0.36
15912,1,0.22
15913,1,0.32
15914,0,0.0
15915,1,0.03
15916,1,1.0
15917,0,0.0
15918,0,0.0
15919,1,0.02
15920,0,0.09
15921,0,0.0
15922,1,1.0
15923,1,0.07
15924,0,0.0
15925,0,0.0
15926,0,0.19
15927,1,1.0
15928,1,1.0
15929,1,0.97
15930,1,1.0
15931,1,1.0
15932,1,0.99
15933,0,0.0
15934,0,0.0
15935,0,0.96
15936,1,0.86
15937,1,0.01
15938,1,0.08
15939,0,0.0
15940,0,0.01
15941,1,0.17
15942,1,1.0
15943,1,0.77
15944,0,0.06
15945,1,0.06
15946,0,0.0
15947,1,1.0
15948,1,1.0
15949,1,0.2467
15950,0,0.0
15951,1,1.0
15952,1,1.0
15953,0,0.05
15954,1,0.25
15955,0,0.0
15956,0,0.0
15957,1,1.0
15958,0,0.0
15959,0,0.0
15960,0,0.0
15961,0,0.01
15962,1,1.0
15963,1,0.84
15964,0,0.0
15965,0,0.0
15966,0,0.0
15967,1,1.0
15968,1,1.0
15969,1,1.0
15970,1,0.09
15971,0,0.0
15972,1,0.07
15973,0,0.0
15974,1,0.06
15975,1,0.03
15976,1,0.3
15977,1,0.12
15978,1,0.16
15979,1,0.99
15980,0,0.0
15981,0,0.0
15982,1,1.0
15983,1,0.18
15984,0,0.0
15985,1,0.59
15986,0,0.05
15987,0,0.01
15988,0,0.0
15989,0,0.0
15990,1,1.0
15991,1,0.19
15992,1,1.0
15993,1,0.41
15994,0,0.0
15995,0,0.02
15996,1,0.02
15997,1,1.0
15998,0,0.0
15999,1,1.0
16000,0,0.0
16001,0,0.0
16002,1,1.0
16003,0,0.11
16004,0,0.0
16005,1,0.47
16006,0,0.0
16007,1,1.0
16008,1,0.98
16009,1,0.16
16010,1,1.0
16011,1,0.57
16012,1,1.0
16013,1,0.99
16014,1,0.16
16015,1,1.0
16016,1,1.0
16017,1,0.15
16018,1,1.0
16019,1,1.0
16020,0,0.0
16021,1,1.0
16022,0,0.0
16023,0,0.0
16024,1,1.0
16025,1,0.27
16026,0,0.0
16027,1,1.0
16028,0,0.0
16029,1,1.0
16030,1,1.0
16031,1,1.0
16032,1,1.0
16033,0,0.0
16034,0,0.0
16035,0,0.0
16036,1,1.0
16037,0,0.0
16038,0,0.0
16039,0,0.0
16040,1,0.72
16041,1,0.09
16042,0,0.19
16043,1,0.39
16044,0,0.0
16045,1,1.0
16046,1,0.84
16047,1,1.0
16048,1,1.0
16049,0,0.0
16050,0,0.0
16051,0,0.0
16052,1,1.0
16053,1,0.09
16054,1,0.7
16055,0,0.0
16056,1,1.0
16057,1,0.09
16058,1,0.23
16059,0,0.0
16060,0,0.0
16061,1,0.1
16062,1,1.0
16063,1,1.0
16064,0,0.11
16065,1,0.41
16066,0,0.0
16067,0,0.0
16068,1,0.32
16069,0,0.0
16070,1,0.135
16071,0,0.0
16072,0,0.0
16073,0,0.0
16074,1,0.28
16075,1,1.0
16076,1,0.71
16077,1,1.0
16078,0,0.0
16079,1,0.4
16080,1,1.0
16081,1,1.0
16082,0,0.0
16083,0,0.0
16084,0,0.05
16085,0,0.98
16086,1,1.0
16087,0,0.0
16088,1,1.0
16089,0,0.0
16090,1,0.01
16091,0,0.0
16092,1,1.0
16093,1,0.95
16094,1,0.37
16095,0,0.0
16096,1,0.02
16097,1,1.0
16098,1,0.03
16099,1,0.14
16100,1,1.0
16101,1,0.47
16102,1,1.0
16103,1,1.0
16104,1,1.0
16105,0,0.0
16106,1,1.0
16107,1,0.07
16108,1,0.35
16109,1,0.94
16110,0,0.0
16111,0,0.2
16112,1,0.5
16113,0,0.0
16114,1,1.0
16115,0,0.0
16116,1,1.0
16117,0,0.0
16118,1,1.0
16119,0,0.0
16120,1,1.0
16121,1,0.37
16122,1,1.0
16123,0,0.0
16124,1,1.0
16125,1,0.98
16126,1,1.0
16127,0,0.0
16128,1,1.0
16129,0,0.0
16130,0,0.0
16131,0,0.0
16132,1,1.0
16133,0,0.0
16134,0,0.0
16135,1,0.96
16136,0,0.0
16137,0,0.0
16138,1,1.0
16139,1,1.0
16140,1,1.0
16141,1,0.0
16142,0,0.0
16143,0,0.0
16144,0,0.0
16145,0,0.0
16146,0,0.0
16147,0,0.01
16148,0,0.0
16149,0,0.0
16150,1,0.66
16151,1,0.96
16152,0,0.0
16153,0,0.0
16154,0,0.0
16155,0,0.0
16156,1,1.0
16157,0,0.0
16158,1,0.28
16159,0,0.0
16160,0,0.0
16161,1,1.0
16162,1,0.08
16163,0,0.0
16164,0,0.0
16165,1,0.719
16166,1,1.0
16167,0,0.0
16168,0,0.0
16169,1,0.0
16170,1,1.0
16171,1,0.17
16172,1,0.23
16173,1,0.34
16174,0,0.0
16175,1,1.0
16176,1,0.32
16177,1,0.99
16178,0,0.98
16179,1,0.11
16180,0,0.0
16181,0,0.0
16182,1,1.0
16183,0,0.0
16184,1,0.31
16185,1,1.0
16186,1,1.0
16187,1,1.0
16188,1,0.35
16189,0,0.0
16190,0,0.0
16191,0,0.0
16192,1,0.06
16193,1,0.26
16194,1,0.98
16195,0,0.0
16196,1,0.21
16197,0,0.0
16198,1,0.38
16199,0,0.0
16200,1,0.48
16201,1,0.02
16202,0,0.0
16203,1,0.01
16204,0,0.0
16205,1,0.62
16206,0,0.02
16207,1,1.0
16208,1,0.29
16209,0,0.0
16210,0,0.0
16211,1,1.0
16212,0,0.0
16213,0,0.0
16214,1,0.94
16215,0,0.0
16216,1,0.43
16217,1,1.0
16218,1,0.98
16219,1,1.0
16220,1,0.19
16221,0,0.0
16222,0,0.0
16223,1,1.0
16224,1,1.0
16225,0,0.0
16226,0,0.0
16227,0,0.0
16228,1,0.02
16229,1,1.0
16230,1,1.0
16231,0,0.0
16232,1,1.0
16233,1,0.1
16234,1,1.0
16235,0,0.97
16236,0,0.0
16237,1,0.03
16238,0,0.0
16239,1,0.13
16240,0,0.0
16241,1,1.0
16242,0,0.0
16243,1,0.26
16244,1,0.84
16245,1,1.0
16246,1,0.25
16247,1,0.97
16248,0,0.0
16249,1,0.01
16250,0,0.89
16251,0,0.0
16252,1,1.0
16253,1,1.0
16254,1,0.56
16255,1,0.07
16256,1,1.0
16257,0,0.0
16258,0,1.0
16259,1,0.885
16260,1,0.86
16261,0,0.0
16262,1,1.0
16263,0,0.0
16264,1,0.07
16265,0,0.0
16266,1,1.0
16267,1,1.0
16268,1,1.0
16269,0,0.0
16270,1,0.69
16271,0,0.0
16272,1,0.06
16273,1,0.29
16274,1,1.0
16275,1,0.24
16276,0,0.0
16277,1,1.0
16278,0,0.0
16279,0,0.0
16280,0,0.0
16281,1,0.84
16282,1,1.0
16283,1,1.0
16284,0,0.0
16285,1,0.5
16286,1,0.08
16287,1,0.42
16288,0,0.0
16289,0,0.0
16290,1,1.0
16291,1,1.0
16292,1,0.01
16293,0,0.0
16294,1,1.0
16295,1,0.14
16296,0,0.0
16297,1,0.0
16298,1,1.0
16299,0,0.0
16300,1,1.0
16301,0,0.0
16302,1,0.0
16303,0,0.05
16304,1,1.0
16305,1,0.03
16306,0,0.0
16307,1,1.0
16308,0,0.0
16309,1,1.0
16310,0,0.0
16311,0,0.0
16312,1,0.0
16313,0,0.0
16314,1,0.24
16315,1,1.0
16316,1,1.0
16317,0,0.0
16318,1,1.0
16319,1,1.0
16320,1,0.15
16321,1,1.0
16322,1,1.0
16323,0,0.0
16324,1,0.91
16325,1,0.03
16326,1,0.4
16327,1,0.59
16328,1,0.28
16329,1,0.49
16330,0,0.0
16331,1,0.47
16332,0,0.0
16333,1,1.0
16334,1,1.0
16335,1,0.86
16336,0,0.2
16337,1,0.11
16338,0,0.0
16339,1,1.0
16340,0,0.0
16341,1,1.0
16342,1,0.76
16343,1,0.88
16344,1,1.0
16345,0,0.2
16346,1,0.02
16347,1,1.0
16348,1,1.0
16349,1,1.0
16350,0,0.0
16351,1,1.0
16352,1,1.0
16353,0,0.2
16354,1,1.0
16355,1,0.38
16356,0,0.0
16357,0,0.0
16358,0,0.2
16359,0,0.0
16360,0,0.0
16361,0,0.2
16362,1,1.0
16363,1,1.0
16364,0,0.17
16365,0,0.0
16366,1,0.56
16367,1,1.0
16368,0,0.01
16369,1,0.06
16370,1,0.4
16371,0,0.0
16372,1,0.24
16373,1,1.0
16374,0,0.0
16375,1,1.0
16376,0,0.99
16377,1,0.54
16378,0,0.0
16379,1,0.15
16380,1,1.0
16381,1,1.0
16382,0,0.0
16383,0,0.0
16384,1,0.48
16385,1,0.97
16386,1,0.03
16387,1,0.58
16388,0,0.0
16389,0,0.0
16390,1,0.04
16391,0,0.2
16392,0,0.0
16393,1,1.0
16394,1,1.0
16395,1,0.95
16396,1,0.52
16397,1,0.96
16398,1,1.0
16399,1,0.46
16400,1,0.14
16401,0,0.01
16402,1,0.83
16403,1,1.0
16404,1,1.0
16405,0,0.0
16406,1,0.96
16407,0,0.0
16408,0,0.0
16409,1,1.0
16410,0,0.0
16411,0,0.0
16412,1,0.47
16413,1,1.0
16414,0,0.0
16415,0,0.0
16416,1,1.0
16417,1,0.99
16418,0,0.0
16419,0,0.0
16420,1,1.0
16421,1,0.37
16422,1,1.0
16423,1,0.66
16424,0,0.0
16425,1,0.34
16426,0,0.0
16427,1,0.07
16428,1,0.07
16429,1,0.99
16430,0,0.0
16431,0,0.0
16432,1,1.0
16433,0,0.0
16434,1,1.0
16435,1,1.0
16436,1,0.37
16437,1,0.38
16438,0,0.0
16439,0,0.0
16440,0,0.12
16441,0,0.0
16442,0,0.0
16443,1,0.54
16444,1,1.0
16445,0,0.0
16446,0,0.0
16447,1,0.93
16448,0,1.0
16449,1,1.0
16450,1,0.48
16451,0,0.0
16452,1,1.0
16453,1,1.0
16454,1,0.08
16455,1,0.05
16456,0,0.0
16457,1,0.08
16458,1,0.27
16459,1,0.12
16460,1,1.0
16461,0,0.0
16462,1,0.54
16463,0,0.0
16464,0,0.0
16465,1,0.6
16466,1,1.0
16467,1,1.0
16468,0,0.01
16469,1,1.0
16470,1,1.0
16471,1,1.0
16472,0,0.0
16473,1,0.07
16474,0,0.0
16475,1,1.0
16476,0,0.0
16477,0,0.0
16478,1,0.03
16479,1,0.22
16480,0,0.0
16481,1,0.07
16482,1,0.7808
16483,1,1.0
16484,1,0.18
16485,0,0.0
16486,1,0.93
16487,1,0.16
16488,1,0.14
16489,1,0.47
16490,0,0.0
16491,1,0.1
16492,1,0.47
16493,0,0.0
16494,1,1.0
16495,1,1.0
16496,1,1.0
16497,1,1.0
16498,1,0.25
16499,0,0.01
16500,0,0.0
16501,0,0.0
16502,1,0.17
16503,0,0.05
16504,1,1.0
16505,0,0.0
16506,1,1.0
16507,1,0.94
16508,0,0.2
16509,0,0.0
16510,1,0.91
16511,1,1.0
16512,1,0.07
16513,1,0.24
16514,1,0.1
16515,1,1.0
16516,0,0.0
16517,1,1.0
16518,1,0.0
16519,1,0.97
16520,0,0.0
16521,1,0.47
16522,1,1.0
16523,0,0.0
16524,0,0.0
16525,1,0.67
16526,1,0.07
16527,0,0.0
16528,1,0.15
16529,1,0.23
16530,0,0.0
16531,1,1.0
16532,1,0.41
16533,1,0.34
16534,1,0.13
16535,0,0.21
16536,0,0.0
16537,0,0.0
16538,1,1.0
16539,0,0.0
16540,1,1.0
16541,1,0.96
16542,0,0.0
16543,0,0.0
16544,1,0.17
16545,0,0.0
16546,0,0.0
16547,1,0.16
16548,1,1.0
16549,0,0.0
16550,0,0.0
16551,0,0.01
16552,1,1.0
16553,1,0.06
16554,1,1.0
16555,1,0.97
16556,0,0.0
16557,0,0.0
16558,1,1.0
16559,1,0.02
16560,1,1.0
16561,0,0.2
16562,0,0.0
16563,1,1.0
16564,0,0.11
16565,0,0.0
16566,0,0.0
16567,1,1.0
16568,1,1.0
16569,0,0.0
16570,1,1.0
16571,1,0.84
16572,1,0.63
16573,0,0.0
16574,1,0.11
16575,1,0.87
16576,1,1.0
16577,1,1.0
16578,0,0.0
16579,0,0.0
16580,0,0.0
16581,1,1.0
16582,1,0.72
16583,0,0.0
16584,1,0.65
16585,0,0.0
16586,1,0.11
16587,1,1.0
16588,1,0.47
16589,1,0.89
16590,0,0.2
16591,0,0.0
16592,0,0.0
16593,0,0.0
16594,0,0.0
16595,0,0.0
16596,1,0.97
16597,1,0.22
16598,1,1.0
16599,1,0.09
16600,0,0.99
16601,0,0.0
16602,0,0.0
16603,1,0.09
16604,1,1.0
16605,1,1.0
16606,1,0.68
16607,0,0.68
16608,0,0.1
16609,1,1.0
16610,1,0.42
16611,0,0.0
16612,0,0.0
16613,1,0.98
16614,0,0.0
16615,0,0.02
16616,1,1.0
16617,1,1.0
16618,0,1.0
16619,0,0.0
16620,0,0.0
16621,0,0.0
16622,1,0.97
16623,0,0.0
16624,0,0.0
16625,1,0.57
16626,1,1.0
16627,0,0.67
16628,1,1.0
16629,0,0.0
16630,1,0.29
16631,1,1.0
16632,1,0.3
16633,0,0.0
16634,0,0.0
16635,1,0.7
16636,1,0.78
16637,1,0.26
16638,0,0.0
16639,1,0.07
16640,0,0.0
16641,0,0.2
16642,1,1.0
16643,0,0.0
16644,0,0.0
16645,1,0.04
16646,1,0.05
16647,1,1.0
16648,0,0.03
16649,1,1.0
16650,0,0.0
16651,0,0.0
16652,0,0.0
16653,1,1.0
16654,1,0.93
16655,1,1.0
16656,1,0.19
16657,1,1.0
16658,1,1.0
16659,1,1.0
16660,1,0.17
16661,0,0.0
16662,1,0.99
16663,0,0.0
16664,0,0.0
16665,1,0.9333
16666,1,1.0
16667,1,1.0
16668,1,1.0
16669,0,0.0
16670,0,0.0
16671,1,0.47
16672,1,0.86
16673,0,0.21
16674,0,0.0
16675,0,0.0
16676,0,0.0
16677,1,1.0
16678,1,1.0
16679,1,0.11
16680,1,1.0
16681,1,0.05
16682,1,1.0
16683,0,0.0
16684,1,0.1
16685,1,0.05
16686,1,0.15
16687,0,0.04
16688,1,0.01
16689,0,0.0
16690,0,0.0
16691,0,0.0
16692,0,0.0
16693,1,0.27
16694,1,0.95
16695,1,1.0
16696,1,0.99
16697,0,0.0
16698,1,1.0
16699,0,0.0
16700,1,1.0
16701,1,0.34
16702,1,1.0
16703,1,0.11
16704,0,0.01
16705,0,0.0
16706,1,0.26
16707,1,1.0
16708,1,1.0
16709,0,0.0
16710,1,0.81
16711,0,0.0
16712,0,0.0
16713,1,1.0
16714,1,1.0
16715,0,0.0
16716,1,1.0
16717,1,1.0
16718,1,0.32
16719,1,1.0
16720,1,1.0
16721,1,1.0
16722,0,0.0
16723,0,0.0
16724,0,0.0
16725,0,0.0
16726,1,0.39
16727,0,0.0
16728,1,0.09
16729,0,0.0
16730,1,0.5
16731,1,1.0
16732,1,0.17
16733,0,0.0
16734,1,1.0
16735,1,1.0
16736,0,0.0
16737,1,0.16
16738,0,0.0
16739,0,1.0
16740,1,1.0
16741,0,0.0
16742,0,0.0
16743,0,0.0
16744,0,0.0
16745,1,0.7
16746,0,0.0
16747,0,0.0
16748,1,0.84
16749,0,0.0
16750,0,0.0
16751,0,0.01
16752,1,0.26
16753,1,1.0
16754,1,0.16
16755,0,0.0
16756,0,0.98
16757,1,0.64
16758,1,0.09
16759,0,0.0
16760,1,1.0
16761,0,0.99
16762,0,0.2
16763,1,0.7
16764,1,0.7208
16765,0,0.0
16766,1,1.0
16767,0,0.2
16768,0,0.0
16769,1,1.0
16770,1,0.09
16771,0,0.98
16772,1,0.09
16773,0,0.0
16774,1,1.0
16775,0,0.0
16776,1,0.18
16777,0,0.0
16778,0,0.0
16779,1,0.22
16780,0,0.0
16781,0,0.0
16782,1,0.06
16783,1,0.22
16784,1,1.0
16785,0,0.0
16786,1,1.0
16787,0,0.0
16788,1,0.03
16789,1,1.0
16790,1,1.0
16791,0,1.0
16792,0,0.0
16793,0,0.0
16794,0,0.0
16795,1,0.35
16796,1,0.96
16797,0,0.2
16798,1,0.06
16799,0,0.02
16800,0,0.0
16801,1,1.0
16802,0,0.0
16803,0,0.0
16804,1,0.99
16805,0,0.0
16806,0,0.2
16807,0,0.0
16808,1,0.8258
16809,1,0.14
16810,1,1.0
16811,0,0.0
16812,1,1.0
16813,0,0.0
16814,1,0.35
16815,1,1.0
16816,1,0.99
16817,1,1.0
16818,0,0.0
16819,1,0.95
16820,1,0.11
16821,1,1.0
16822,0,0.0
16823,0,0.0
16824,1,0.29
16825,1,0.71
16826,1,0.14
16827,0,0.0
16828,1,1.0
16829,0,0.0
16830,1,0.3
16831,1,1.0
16832,1,1.0
16833,0,0.0
16834,1,0.07
16835,0,0.0
16836,1,0.98
16837,1,1.0
16838,1,1.0
16839,0,0.0
16840,1,0.17
16841,1,0.21
16842,1,0.34
16843,0,0.03
16844,0,0.0
16845,0,0.0
16846,1,0.42
16847,0,0.18
16848,1,0.0
16849,0,0.0
16850,0,0.0
16851,1,0.43
16852,0,0.0
16853,1,0.86
16854,1,0.24
16855,0,0.0
16856,0,0.0
16857,1,0.97
16858,0,0.0
16859,1,0.8767
16860,0,0.0
16861,0,0.0
16862,1,0.12
16863,0,0.0
16864,1,1.0
16865,1,1.0
16866,1,0.0
16867,1,1.0
16868,1,1.0
16869,1,1.0
16870,0,0.0
16871,1,0.21
16872,0,0.0
16873,0,0.0
16874,0,0.0
16875,1,1.0
16876,0,0.0
16877,1,0.07
16878,1,1.0
16879,0,0.0
16880,1,0.07
16881,1,0.9
16882,1,0.45
16883,0,0.0
16884,0,0.0
16885,0,0.0
16886,0,0.0
16887,1,0.48
16888,1,0.88
16889,0,0.0
16890,0,0.68
16891,0,0.0
16892,1,0.17
16893,1,1.0
16894,1,1.0
16895,1,0.09
16896,0,0.0
16897,0,0.04
16898,1,0.99
16899,1,0.47
16900,0,0.0
16901,1,1.0
16902,1,0.09
16903,0,0.0
16904,1,0.99
16905,1,0.02
16906,0,0.0
16907,1,1.0
16908,0,0.0
16909,0,0.0
16910,1,0.64
16911,1,0.86
16912,1,0.13
16913,1,1.0
16914,0,0.01
16915,1,0.99
16916,1,0.09
16917,0,0.0
16918,1,1.0
16919,0,0.0
16920,1,0.0
16921,1,0.49
16922,1,0.06
16923,1,1.0
16924,0,0.0
16925,0,0.0
16926,0,0.0
16927,1,1.0
16928,1,1.0
16929,1,1.0
16930,1,0.23
16931,1,1.0
16932,1,1.0
16933,0,0.0
16934,1,0.08
16935,0,0.0
16936,1,1.0
16937,1,1.0
16938,1,0.98
16939,0,0.0
16940,0,0.0
16941,1,1.0
16942,1,1.0
16943,1,0.13
16944,0,0.0
16945,1,1.0
16946,1,0.27
16947,0,0.0
16948,0,0.0
16949,0,0.02
16950,1,0.48
16951,1,0.69
16952,0,0.01
16953,1,1.0
16954,0,0.0
16955,1,0.02
16956,1,0.1
16957,0,0.0
16958,1,1.0
16959,1,1.0
16960,1,0.43
16961,1,0.25
16962,0,0.0
16963,0,0.0
16964,1,1.0
16965,1,0.41
16966,1,1.0
16967,0,0.0
16968,0,0.0
16969,0,0.0
16970,0,0.0
16971,1,1.0
16972,0,0.0
16973,0,0.0
16974,1,0.25
16975,1,1.0
16976,1,1.0
16977,1,0.92
16978,0,0.0
16979,0,0.0
16980,0,0.0
16981,1,1.0
16982,0,0.0
16983,0,0.0
16984,1,1.0
16985,0,0.19
16986,0,0.0
16987,1,1.0
16988,0,0.0
16989,1,0.54
16990,0,0.0
16991,0,0.2
16992,1,0.88
16993,0,0.0
16994,1,0.8983
16995,1,1.0
16996,0,0.0
16997,0,0.2
16998,1,1.0
16999,1,1.0
17000,1,1.0
17001,1,1.0
17002,1,0.98
17003,0,0.0
17004,0,0.0
17005,1,1.0
17006,0,0.0
17007,1,0.99
17008,0,0.0
17009,0,0.0
17010,0,0.0
17011,1,1.0
17012,0,0.0
17013,0,0.0
17014,1,0.33
17015,0,0.0
17016,0,0.2
17017,0,0.0
17018,1,0.06
17019,0,0.0
17020,0,0.0
17021,1,1.0
17022,0,0.0
17023,1,0.98
17024,1,0.47
17025,1,1.0
17026,1,1.0
17027,0,0.0
17028,1,1.0
17029,0,0.0
17030,0,0.0
17031,1,1.0
17032,0,0.0
17033,1,1.0
17034,1,0.25
17035,1,0.09
17036,1,0.19
17037,0,0.0
17038,0,0.0
17039,1,1.0
17040,1,0.96
17041,1,1.0
17042,1,0.43
17043,1,1.0
17044,0,0.0
17045,0,0.0
17046,1,1.0
17047,1,0.2
17048,1,1.0
17049,1,1.0
17050,1,1.0
17051,1,0.23
17052,0,0.0
17053,0,0.0
17054,1,1.0
17055,0,0.0
17056,1,1.0
17057,1,1.0
17058,1,0.0
17059,0,0.92
17060,0,0.01
17061,0,0.67
17062,1,0.09
17063,1,1.0
17064,0,0.0
17065,1,0.57
17066,0,0.0
17067,1,0.21
17068,1,1.0
17069,1,1.0
17070,1,1.0
17071,1,0.25
17072,0,0.0
17073,0,0.0
17074,0,0.0
17075,0,0.2
17076,1,1.0
17077,0,0.0
17078,0,0.0
17079,1,0.45
17080,1,0.18
17081,1,1.0
17082,0,0.0
17083,0,0.0
17084,1,0.42
17085,0,0.0
17086,0,0.0
17087,1,0.35
17088,0,0.02
17089,1,0.31
17090,1,0.03
17091,1,1.0
17092,1,0.04
17093,1,0.29
17094,0,0.98
17095,1,0.04
17096,1,1.0
17097,0,0.0
17098,1,0.38
17099,1,0.57
17100,0,0.0
17101,1,0.13
17102,0,0.0
17103,1,0.53
17104,1,0.19
17105,1,1.0
17106,1,0.27
17107,1,0.84
17108,0,0.0
17109,1,0.13
17110,0,0.0
17111,1,1.0
17112,1,0.03
17113,0,0.0
17114,0,0.0
17115,1,0.04
17116,0,0.0
17117,0,0.0
17118,0,0.0
17119,1,1.0
17120,0,0.0
17121,0,0.22
17122,0,1.0
17123,0,0.0
17124,1,0.06
17125,0,0.0
17126,0,0.0
17127,1,0.02
17128,0,0.0
17129,1,1.0
17130,0,0.0
17131,1,0.03
17132,0,0.99
17133,0,0.0
17134,1,1.0
17135,1,0.11
17136,1,1.0
17137,0,0.0
17138,1,0.09
17139,0,0.0
17140,1,0.31
17141,0,0.0
17142,1,0.24
17143,1,0.48
17144,1,1.0
17145,1,0.09
17146,0,0.0
17147,0,0.0
17148,0,0.0
17149,0,0.0
17150,1,1.0
17151,1,1.0
17152,1,1.0
17153,1,0.09
17154,1,1.0
17155,0,0.0
17156,0,0.0
17157,0,0.19
17158,0,0.0
17159,1,0.16
17160,1,1.0
17161,1,1.0
17162,0,0.0
17163,0,0.0
17164,1,0.56
17165,1,1.0
17166,1,1.0
17167,1,0.25
17168,1,0.04
17169,0,0.0
17170,0,0.0
17171,1,0.52
17172,0,0.0
17173,1,0.3
17174,1,0.14
17175,1,0.39
17176,0,0.0
17177,1,0.25
17178,0,0.0
17179,0,0.0
17180,1,0.52
17181,1,0.01
17182,0,0.0
17183,1,1.0
17184,1,0.07
17185,1,0.41
17186,0,0.0
17187,0,0.95
17188,1,0.27
17189,1,0.0
17190,1,1.0
17191,0,0.0
17192,1,1.0
17193,1,1.0
17194,1,0.02
17195,0,0.98
17196,1,1.0
17197,0,0.01
17198,1,1.0
17199,1,1.0
17200,1,0.28
17201,1,0.08
17202,1,1.0
17203,1,1.0
17204,1,0.86
17205,1,1.0
17206,1,1.0
17207,1,0.88
17208,1,0.2
17209,0,0.0
17210,0,0.0
17211,0,0.0
17212,1,1.0
17213,0,0.0
17214,0,0.0
17215,1,1.0
17216,1,0.98
17217,0,0.0
17218,1,0.98
17219,1,0.91
17220,0,0.0
17221,1,0.12
17222,0,0.02
17223,1,1.0
17224,0,0.0
17225,0,0.0
17226,0,0.0
17227,1,1.0
17228,0,0.0
17229,0,0.0
17230,1,0.43
17231,0,0.0
17232,0,0.0
17233,1,1.0
17234,1,1.0
17235,1,1.0
17236,0,0.0
17237,0,0.0
17238,0,0.0
17239,0,0.0
17240,1,1.0
17241,0,0.0
17242,1,0.1
17243,0,0.0
17244,1,0.85
17245,0,0.08
17246,1,0.49
17247,0,0.0
17248,1,1.0
17249,1,1.0
17250,0,0.0
17251,1,1.0
17252,0,0.0
17253,1,0.19
17254,0,0.0
17255,0,0.0
17256,1,0.08
17257,0,0.0
17258,0,0.0
17259,1,1.0
17260,1,0.11
17261,0,0.2
17262,1,0.1
17263,0,0.0
17264,1,1.0
17265,1,1.0
17266,0,0.0
17267,0,0.22
17268,1,0.0
17269,0,0.0
17270,0,0.0
17271,0,0.03
17272,1,0.13
17273,1,0.58
17274,1,0.03
17275,1,1.0
17276,1,0.9833
17277,1,0.06
17278,0,0.0
17279,1,0.01
17280,1,0.98
17281,1,0.58
17282,1,0.06
17283,0,0.0
17284,0,0.21
17285,1,1.0
17286,0,0.0
17287,0,0.28
17288,0,0.0
17289,1,0.31
17290,1,0.52
17291,1,0.09
17292,1,0.09
17293,0,0.0
17294,0,0.0
17295,0,0.0
17296,0,0.0
17297,0,0.0
17298,1,0.08
17299,0,0.0
17300,0,0.0
17301,0,0.0
17302,1,1.0
17303,0,0.0
17304,0,0.0
17305,1,1.0
17306,0,0.0
17307,1,0.86
17308,0,0.0
17309,0,0.0
17310,1,0.07
17311,1,0.45
17312,1,1.0
17313,0,0.0
17314,1,0.03
17315,1,0.86
17316,0,0.0
17317,1,1.0
17318,0,0.0
17319,0,0.0
17320,0,0.0
17321,1,0.49
17322,0,0.0
17323,1,0.65
17324,0,0.0
17325,1,0.7883
17326,0,0.0
17327,1,0.89
17328,0,0.21
17329,1,1.0
17330,0,0.0
17331,1,1.0
17332,1,1.0
17333,0,0.0
17334,1,0.09
17335,1,0.32
17336,1,1.0
17337,0,0.0
17338,0,0.0
17339,1,0.04
17340,1,1.0
17341,1,1.0
17342,1,1.0
17343,0,0.0
17344,1,0.47
17345,1,0.28
17346,0,0.0
17347,0,0.0
17348,0,0.0
17349,1,0.25
17350,1,0.29
17351,1,0.45
17352,1,1.0
17353,1,0.43
17354,1,1.0
17355,1,0.08
17356,1,0.04
17357,0,0.0
17358,1,1.0
17359,1,0.37
17360,1,0.47
17361,1,1.0
17362,0,0.0
17363,1,1.0
17364,1,0.82
17365,0,0.0
17366,1,1.0
17367,0,0.0
17368,0,0.0
17369,1,0.44
17370,1,1.0
17371,1,1.0
17372,1,0.03
17373,0,0.0
17374,1,1.0
17375,0,0.0
17376,1,1.0
17377,0,0.0
17378,0,0.19
17379,0,0.0
17380,1,1.0
17381,0,0.0
17382,0,0.0
17383,0,0.0
17384,1,0.02
17385,0,0.0
17386,0,0.0
17387,0,0.0
17388,0,0.0
17389,1,1.0
17390,1,1.0
17391,1,1.0
17392,0,0.0
17393,1,0.97
17394,0,0.0
17395,0,0.0
17396,0,0.0
17397,0,0.0
17398,0,0.0
17399,1,0.86
17400,0,0.0
17401,0,0.0
17402,1,0.31
17403,0,0.0
17404,0,0.0
17405,0,0.0
17406,1,0.23
17407,1,1.0
17408,0,0.0
17409,0,0.0
17410,1,0.99
17411,0,0.0
17412,1,1.0
17413,1,0.3
17414,1,1.0
17415,1,0.97
17416,1,1.0
17417,0,0.0
17418,1,0.785
17419,0,0.0
17420,0,0.0
17421,0,0.0
17422,1,1.0
17423,1,1.0
17424,0,0.0
17425,0,0.0
17426,1,0.49
17427,1,0.09
17428,0,0.0
17429,0,0.0
17430,1,1.0
17431,0,0.0
17432,1,1.0
17433,0,0.0
17434,0,0.0
17435,1,1.0
17436,1,0.13
17437,1,1.0
17438,1,1.0
17439,1,1.0
17440,0,0.0
17441,0,0.0
17442,0,0.0
17443,1,0.01
17444,1,0.08
17445,1,0.86
17446,0,0.2
17447,0,0.0
17448,1,0.27
17449,0,0.0
17450,0,0.98
17451,1,1.0
17452,1,0.34
17453,1,1.0
17454,1,1.0
17455,1,1.0
17456,1,1.0
17457,0,0.2
17458,1,1.0
17459,1,1.0
17460,0,0.0
17461,0,0.0
17462,1,1.0
17463,1,0.0
17464,1,0.15
17465,0,0.0
17466,1,1.0
17467,0,0.0
17468,1,1.0
17469,1,1.0
17470,0,0.0
17471,0,0.0
17472,0,0.0
17473,0,0.0
17474,1,1.0
17475,0,0.0
17476,0,0.0
17477,0,0.0
17478,1,0.23
17479,0,0.19
17480,1,0.01
17481,1,0.1
17482,1,0.09
17483,0,0.0
17484,0,1.0
17485,1,0.86
17486,1,0.01
17487,1,1.0
17488,0,0.0
17489,1,1.0
17490,0,0.0
17491,1,0.23
17492,0,0.0
17493,0,0.99
17494,0,0.0
17495,1,0.97
17496,0,0.18
17497,0,0.0
17498,0,0.0
17499,1,0.83
17500,1,1.0
17501,1,0.21
17502,1,1.0
17503,1,1.0
17504,1,0.29
17505,1,1.0
17506,1,0.72
17507,0,0.0
17508,1,0.99
17509,0,0.01
17510,0,0.0
17511,1,1.0
17512,1,0.24
17513,1,1.0
17514,1,1.0
17515,0,0.0
17516,1,0.09
17517,1,0.98
17518,0,0.0
17519,1,1.0
17520,1,1.0
17521,0,0.0
17522,1,1.0
17523,0,0.0
17524,1,0.12
17525,1,0.97
17526,1,0.1233
17527,0,0.0
17528,1,0.52
17529,1,0.08
17530,1,1.0
17531,1,0.08
17532,1,1.0
17533,1,1.0
17534,0,0.0
17535,1,1.0
17536,0,0.0
17537,0,0.0
17538,0,0.21
17539,1,0.04
17540,0,0.0
17541,0,0.07
17542,0,0.0
17543,1,0.07
17544,0,0.0
17545,1,0.84
17546,0,0.2
17547,0,0.0
17548,0,0.0
17549,0,0.0
17550,1,0.13
17551,0,0.0
17552,0,0.0
17553,1,0.28
17554,1,1.0
17555,1,0.185
17556,1,0.21
17557,1,0.13
17558,0,0.0
17559,0,0.0
17560,1,1.0
17561,1,0.08
17562,0,0.0
17563,0,0.0
17564,0,0.0
17565,1,0.0
17566,1,0.47
17567,1,0.45
17568,0,0.0
17569,1,1.0
17570,1,1.0
17571,0,0.0
17572,0,0.0
17573,1,1.0
17574,1,0.99
17575,1,0.1
17576,0,0.0
17577,1,0.7933
17578,1,0.51
17579,1,0.08
17580,1,1.0
17581,0,0.0
17582,1,0.09
17583,0,0.0
17584,1,1.0
17585,0,0.0
17586,1,1.0
17587,0,0.0
17588,0,0.0
17589,1,0.81
17590,0,0.0
17591,0,0.0
17592,0,0.0
17593,1,0.11
17594,0,0.0
17595,1,1.0
17596,1,0.98
17597,0,0.15
17598,0,0.0
17599,1,1.0
17600,1,0.02
17601,0,0.0
17602,0,0.0
17603,1,1.0
17604,0,0.0
17605,1,0.99
17606,0,0.0
17607,0,0.0
17608,1,0.9
17609,1,1.0
17610,0,0.0
17611,0,0.0
17612,1,0.14
17613,1,0.97
17614,1,0.02
17615,1,1.0
17616,0,0.0
17617,1,0.24
17618,1,1.0
17619,1,0.7458
17620,0,0.0
17621,1,1.0
17622,1,1.0
17623,1,1.0
17624,0,0.2
17625,1,0.01
17626,0,0.0
17627,1,1.0
17628,1,1.0
17629,1,0.8408
17630,0,0.0
17631,0,0.0
17632,0,0.0
17633,1,1.0
17634,1,0.01
17635,0,0.0
17636,1,1.0
17637,0,0.0
17638,1,1.0
17639,0,0.0
17640,1,1.0
17641,1,0.5
17642,0,0.0
17643,1,1.0
17644,1,1.0
17645,0,0.0
17646,1,0.08
17647,1,1.0
17648,0,0.0
17649,1,0.0
17650,1,1.0
17651,1,1.0
17652,0,0.0
17653,1,0.17
17654,1,1.0
17655,1,0.04
17656,0,0.0
17657,1,1.0
17658,1,0.53
17659,0,0.0
17660,1,1.0
17661,0,0.0
17662,0,0.0
17663,1,1.0
17664,1,0.94
17665,0,0.0
17666,1,1.0
17667,1,1.0
17668,1,0.31
17669,1,1.0
17670,1,1.0
17671,0,0.0
17672,1,0.53
17673,1,1.0
17674,1,0.1
17675,1,0.09
17676,0,0.0
17677,1,0.97
17678,1,1.0
17679,1,1.0
17680,1,0.44
17681,1,1.0
17682,1,1.0
17683,0,0.0
17684,1,0.09
17685,0,0.0
17686,1,0.05
17687,1,0.47
17688,0,0.0
17689,0,0.0
17690,0,0.0
17691,1,1.0
17692,1,0.47
17693,1,0.38
17694,1,1.0
17695,0,0.0
17696,1,0.14
17697,0,0.21
17698,1,1.0
17699,0,0.0
17700,0,0.0
17701,1,1.0
17702,0,0.0
17703,1,1.0
17704,1,0.49
17705,1,0.97
17706,1,1.0
17707,1,0.48
17708,1,0.06
17709,1,0.24
17710,0,0.0
17711,0,0.0
17712,1,1.0
17713,0,0.0
17714,1,0.63
17715,1,0.31
17716,1,0.03
17717,0,0.0
17718,0,0.0
17719,1,1.0
17720,0,0.0
17721,1,1.0
17722,1,0.15
17723,1,0.02
17724,0,0.0
17725,1,1.0
17726,0,0.0
17727,0,0.0
17728,0,0.0
17729,1,1.0
17730,0,0.0
17731,0,0.01
17732,1,1.0
17733,1,0.21
17734,1,0.22
17735,1,0.71
17736,0,0.0
17737,0,0.0
17738,0,0.0
17739,0,0.0
17740,1,0.3
17741,0,0.0
17742,1,0.09
17743,1,1.0
17744,0,0.0
17745,0,0.0
17746,1,0.89
17747,1,1.0
17748,0,0.0
17749,1,0.55
17750,1,0.97
17751,1,1.0
17752,1,1.0
17753,1,1.0
17754,1,0.04
17755,0,0.0
17756,1,0.34
17757,1,1.0
17758,1,1.0
17759,0,0.01
17760,0,0.0
17761,1,0.11
17762,0,0.0
17763,0,0.0
17764,1,0.03
17765,1,1.0
17766,1,1.0
17767,1,0.99
17768,1,0.4
17769,1,0.02
17770,1,0.08
17771,0,0.0
17772,0,0.0
17773,0,0.0
17774,1,0.26
17775,0,0.0
17776,0,0.0
17777,0,0.0
17778,0,0.0
17779,1,0.08
17780,0,0.0
17781,0,0.0
17782,0,0.0
17783,0,0.0
17784,1,1.0
17785,0,0.0
17786,0,0.0
17787,1,0.98
17788,1,0.98
17789,1,1.0
17790,1,0.98
17791,1,1.0
17792,0,0.0
17793,1,1.0
17794,1,0.44
17795,1,1.0
17796,1,0.95
17797,1,1.0
17798,0,0.0
17799,1,0.98
17800,0,0.0
17801,1,1.0
17802,1,1.0
17803,0,0.0
17804,0,0.2
17805,1,1.0
17806,0,0.0
17807,0,0.0
17808,1,1.0
17809,0,0.0
17810,0,0.0
17811,0,0.0
17812,1,0.01
17813,1,0.09
17814,0,0.0
17815,1,1.0
17816,1,0.97
17817,1,1.0
17818,1,1.0
17819,0,0.0
17820,0,0.0
17821,1,1.0
17822,0,0.0
17823,1,0.0
17824,1,0.1
17825,1,0.07
17826,1,1.0
17827,0,0.0
17828,0,0.0
17829,1,0.09
17830,1,0.49
17831,0,0.0
17832,0,0.0
17833,0,0.0
17834,0,0.0
17835,0,0.0
17836,0,0.0
17837,0,0.0
17838,0,0.0
17839,0,0.0
17840,0,0.0
17841,1,1.0
17842,1,1.0
17843,1,0.09
17844,1,1.0
17845,1,0.46
17846,1,0.46
17847,0,0.0
17848,1,1.0
17849,0,0.0
17850,1,0.07
17851,0,0.0
17852,0,0.0
17853,1,0.04
17854,0,0.0
17855,0,0.0
17856,1,0.09
17857,1,0.2
17858,0,0.0
17859,1,0.99
17860,1,0.98
17861,0,0.0
17862,0,0.48
17863,0,0.0
17864,1,1.0
17865,1,0.9183
17866,1,0.88
17867,1,0.99
17868,0,0.0
17869,0,0.0
17870,1,1.0
17871,1,1.0
17872,0,0.0
17873,0,0.0
17874,1,0.42
17875,1,1.0
17876,1,0.23
17877,1,1.0
17878,1,0.14
17879,0,0.0
17880,1,0.01
17881,0,0.0
17882,1,0.26
17883,1,0.84
17884,0,0.0
17885,0,0.01
17886,1,0.07
17887,0,0.0
17888,1,1.0
17889,1,1.0
17890,1,0.8533
17891,1,0.0
17892,1,1.0
17893,1,1.0
17894,1,1.0
17895,0,0.0
17896,1,1.0
17897,0,0.01
17898,0,0.0
17899,0,0.0
17900,1,1.0
17901,1,0.06
17902,1,1.0
17903,1,1.0
17904,1,1.0
17905,0,0.0
17906,0,0.0
17907,0,0.0
17908,0,0.0
17909,0,0.0
17910,0,0.0
17911,1,0.03
17912,1,0.49
17913,1,1.0
17914,1,0.07
17915,1,0.61
17916,1,1.0
17917,1,0.31
17918,1,0.99
17919,1,0.38
17920,1,1.0
17921,1,1.0
17922,1,1.0
17923,1,0.18
17924,0,0.0
17925,0,0.0
17926,1,0.21
17927,1,1.0
17928,0,0.0
17929,1,0.5
17930,0,0.0
17931,1,0.29
17932,1,0.52
17933,0,0.0
17934,1,0.57
17935,0,0.0
17936,1,1.0
17937,1,0.51
17938,1,1.0
17939,1,1.0
17940,1,0.99
17941,0,0.01
17942,1,0.6
17943,0,0.0
17944,0,0.0
17945,0,0.0
17946,1,0.15
17947,1,1.0
17948,0,0.0
17949,0,0.0
17950,1,1.0
17951,0,0.0
17952,1,1.0
17953,0,0.0
17954,0,0.0
17955,1,0.77
17956,1,1.0
17957,0,0.0
17958,1,1.0
17959,1,1.0
17960,0,0.14
17961,1,0.3
17962,1,0.1
17963,1,1.0
17964,0,0.0
17965,0,0.0
17966,1,1.0
17967,1,0.39
17968,1,1.0
17969,0,0.0
17970,1,0.01
17971,1,0.09
17972,0,0.0
17973,0,0.0
17974,1,0.97
17975,0,0.0
17976,1,1.0
17977,1,1.0
17978,0,0.0
17979,1,0.14
17980,1,0.8608
17981,1,1.0
17982,0,0.0
17983,1,0.97
17984,0,0.0
17985,1,0.39
17986,1,1.0
17987,0,0.93
17988,0,0.01
17989,0,0.0
17990,0,0.0
17991,1,1.0
17992,1,0.52
17993,1,0.67
17994,1,0.17
17995,1,1.0
17996,1,1.0
17997,1,0.16
17998,0,0.0
17999,1,0.07
18000,1,1.0
18001,0,0.0
18002,0,0.0
18003,0,0.0
18004,0,0.09
18005,1,0.07
18006,1,1.0
18007,1,0.35
18008,1,0.43
18009,0,0.0
18010,1,0.11
18011,1,0.49
18012,0,0.0
18013,0,0.0
18014,1,1.0
18015,0,0.0
18016,1,1.0
18017,0,0.0
18018,0,0.0
18019,1,0.83
18020,0,0.12
18021,0,0.0
18022,1,0.0
18023,1,0.18
18024,1,0.98
18025,0,0.0
18026,1,0.43
18027,1,1.0
18028,1,0.26
18029,1,0.94
18030,0,0.0
18031,0,0.01
18032,1,1.0
18033,0,0.21
18034,1,0.06
18035,0,0.0
18036,1,1.0
18037,1,0.97
18038,0,0.0
18039,1,0.16
18040,0,0.0
18041,0,0.0
18042,1,1.0
18043,1,1.0
18044,1,0.24
18045,1,0.09
18046,1,1.0
18047,0,0.0
18048,1,1.0
18049,1,1.0
18050,0,0.0
18051,0,0.0
18052,0,0.0
18053,0,0.0
18054,1,1.0
18055,0,0.0
18056,1,0.25
18057,0,0.0
18058,1,1.0
18059,1,0.97
18060,0,0.0
18061,1,0.26
18062,1,0.97
18063,0,0.0
18064,1,0.8
18065,0,0.0
18066,0,0.0
18067,0,0.24
18068,1,0.29
18069,1,1.0
18070,0,0.12
18071,1,0.29
18072,0,0.0
18073,0,0.0
18074,1,1.0
18075,0,0.08
18076,0,0.0
18077,0,0.0
18078,0,0.0
18079,1,1.0
18080,0,0.0
18081,0,0.0
18082,0,0.0
18083,0,0.0
18084,0,0.01
18085,1,1.0
18086,0,0.0
18087,1,1.0
18088,1,0.71
18089,0,0.0
18090,0,0.0
18091,1,1.0
18092,0,0.0
18093,1,1.0
18094,0,0.0
18095,1,0.38
18096,0,0.0
18097,1,1.0
18098,1,0.9833
18099,1,0.99
18100,0,0.0
18101,0,0.0
18102,0,0.0
18103,1,0.86
18104,1,0.09
18105,0,0.0
18106,0,0.19
18107,0,0.0
18108,0,0.0
18109,0,0.0
18110,1,0.27
18111,0,0.0
18112,1,0.99
18113,0,0.0
18114,0,0.0
18115,1,1.0
18116,1,1.0
18117,0,0.0
18118,0,0.0
18119,1,0.07
18120,0,0.01
18121,0,0.0
18122,1,0.52
18123,1,0.22
18124,1,0.05
18125,1,1.0
18126,1,0.03
18127,1,1.0
18128,0,0.0
18129,0,0.01
18130,0,0.0
18131,0,0.0
18132,0,0.0
18133,1,1.0
18134,1,0.3
18135,1,1.0
18136,1,0.73
18137,0,0.0
18138,1,0.9
18139,1,0.08
18140,1,1.0
18141,0,0.0
18142,1,0.25
18143,0,0.0
18144,0,0.0
18145,0,0.0
18146,0,0.0
18147,1,0.42
18148,1,1.0
18149,0,0.0
18150,1,0.14
18151,1,1.0
18152,0,0.0
18153,0,0.0
18154,0,0.0
18155,1,1.0
18156,1,0.52
18157,1,0.1
18158,1,0.31
18159,1,1.0
18160,1,1.0
18161,0,0.52
18162,1,0.0
18163,0,0.0
18164,1,0.48
18165,1,1.0
18166,1,0.96
18167,0,0.0
18168,1,0.1
18169,1,0.7708
18170,1,0.19
18171,0,0.0
18172,0,0.0
18173,1,0.09
18174,0,0.0
18175,1,1.0
18176,0,0.0
18177,0,0.0
18178,0,0.0
18179,1,1.0
18180,0,0.0
18181,1,1.0
18182,1,0.04
18183,1,1.0
18184,1,0.99
18185,1,1.0
18186,1,0.02
18187,1,1.0
18188,1,1.0
18189,0,0.0
18190,0,0.0
18191,0,0.01
18192,1,0.89
18193,1,0.28
18194,1,1.0
18195,1,0.32
18196,0,0.0
18197,0,0.0
18198,1,0.17
18199,0,0.0
18200,1,0.26
18201,1,1.0
18202,0,0.0
18203,1,1.0
18204,0,0.0
18205,1,1.0
18206,0,0.0
18207,1,0.28
18208,1,1.0
18209,0,0.0
18210,1,1.0
18211,0,0.2
18212,1,1.0
18213,1,0.88
18214,1,1.0
18215,1,0.43
18216,1,0.5917
18217,0,0.0
18218,1,0.15
18219,1,0.25
18220,0,0.0
18221,1,1.0
18222,0,0.0
18223,1,0.23
18224,1,0.16
18225,0,0.0
18226,1,0.02
18227,1,0.47
18228,1,0.96
18229,0,0.0
18230,1,0.7
18231,1,0.06
18232,1,0.66
18233,1,0.04
18234,1,0.01
18235,0,0.0
18236,1,1.0
18237,1,0.26
18238,0,0.0
18239,0,0.0
18240,1,0.98
18241,0,0.19
18242,0,0.0
18243,0,0.0
18244,1,1.0
18245,1,1.0
18246,0,0.0
18247,1,1.0
18248,1,0.51
18249,0,0.0
18250,1,1.0
18251,1,0.13
18252,0,0.0
18253,1,1.0
18254,0,0.0
18255,0,0.02
18256,0,0.0
18257,1,1.0
18258,1,0.09
18259,0,0.0
18260,1,1.0
18261,1,0.43
18262,1,1.0
18263,1,1.0
18264,1,0.4
18265,1,1.0
18266,1,1.0
18267,0,0.0
18268,1,0.02
18269,1,0.43
18270,1,1.0
18271,0,0.0
18272,0,0.0
18273,0,0.0
18274,1,1.0
18275,0,0.0
18276,1,0.12
18277,1,1.0
18278,0,1.0
18279,0,0.0
18280,0,0.0
18281,1,1.0
18282,0,0.0
18283,0,0.03
18284,1,1.0
18285,1,1.0
18286,0,0.0
18287,0,0.0
18288,1,0.02
18289,1,1.0
18290,0,0.18
18291,0,0.0
18292,0,0.0
18293,1,0.07
18294,1,0.39
18295,1,1.0
18296,0,0.0
18297,0,0.0
18298,1,1.0
18299,0,0.0
18300,1,0.13
18301,0,0.0
18302,1,0.87
18303,0,0.0
18304,0,0.0
18305,0,0.0
18306,0,0.0
18307,1,0.24
18308,0,0.0
18309,1,1.0
18310,1,0.05
18311,1,0.08
18312,1,0.01
18313,1,0.21
18314,1,0.52
18315,1,0.09
18316,0,0.0
18317,1,0.2
18318,1,1.0
18319,1,0.86
18320,0,0.0
18321,0,0.0
18322,0,0.0
18323,1,0.07
18324,0,0.0
18325,1,0.23
18326,1,1.0
18327,1,1.0
18328,0,0.0
18329,0,0.98
18330,1,0.47
18331,1,0.37
18332,1,1.0
18333,1,1.0
18334,1,1.0
18335,1,1.0
18336,1,1.0
18337,0,0.0
18338,0,0.0
18339,0,0.22
18340,1,1.0
18341,0,0.0
18342,0,0.0
18343,0,0.0
18344,1,0.0
18345,0,0.2
18346,1,0.97
18347,1,0.95
18348,0,0.0
18349,1,1.0
18350,1,0.61
18351,0,0.0
18352,1,0.99
18353,0,0.0
18354,1,1.0
18355,0,0.0
18356,0,0.0
18357,0,0.0
18358,1,0.69
18359,1,1.0
18360,1,0.99
18361,1,0.34
18362,0,0.0
18363,0,0.87
18364,0,0.0
18365,0,0.0
18366,0,0.0
18367,0,0.0
18368,1,1.0
18369,0,0.2
18370,1,0.3
18371,0,0.0
18372,0,0.0
18373,0,0.28
18374,1,1.0
18375,1,0.06
18376,1,1.0
18377,0,0.14
18378,1,0.28
18379,1,0.12
18380,1,0.98
18381,0,0.0
18382,1,0.98
18383,1,1.0
18384,1,0.61
18385,0,0.0
18386,1,1.0
18387,0,0.21
18388,1,1.0
18389,0,0.2
18390,1,1.0
18391,0,0.0
18392,1,0.18
18393,1,0.96
18394,1,1.0
18395,1,1.0
18396,1,1.0
18397,0,0.0
18398,0,0.0
18399,0,0.0
18400,1,0.0
18401,0,0.0
18402,0,0.0
18403,0,0.0
18404,0,0.15
18405,1,1.0
18406,0,0.0
18407,1,1.0
18408,1,1.0
18409,1,0.11
18410,1,0.05
18411,1,0.16
18412,1,0.14
18413,1,0.51
18414,0,0.0
18415,0,0.2
18416,1,0.07
18417,0,0.0
18418,0,0.0
18419,0,0.0
18420,0,0.38
18421,0,0.0
18422,0,0.01
18423,0,0.0
18424,1,0.12
18425,0,0.0
18426,1,0.26
18427,0,0.0
18428,1,0.14
18429,1,1.0
18430,0,0.0
18431,0,0.21
18432,0,0.0
18433,1,0.4
18434,0,0.0
18435,0,0.0
18436,0,0.0
18437,1,1.0
18438,1,1.0
18439,1,0.14
18440,1,1.0
18441,0,0.0
18442,0,0.0
18443,1,0.0
18444,0,0.0
18445,0,0.0
18446,0,0.0
18447,1,0.01
18448,1,1.0
18449,1,0.97
18450,0,0.0
18451,1,0.99
18452,0,0.0
18453,1,0.26
18454,1,1.0
18455,0,0.0
18456,1,1.0
18457,0,0.0
18458,0,0.0
18459,0,0.21
18460,1,0.54
18461,1,0.75
18462,0,0.0
18463,0,0.0
18464,1,0.18
18465,1,0.06
18466,1,0.44
18467,0,0.0
18468,0,0.0
18469,1,0.07
18470,1,0.1
18471,1,1.0
18472,1,0.67
18473,0,0.0
18474,1,1.0
18475,1,0.04
18476,1,1.0
18477,0,0.0
18478,1,1.0
18479,0,0.0
18480,0,1.0
18481,1,0.07
18482,0,0.0
18483,1,0.96
18484,1,0.31
18485,0,0.0
18486,1,0.49
18487,1,0.41
18488,1,0.3
18489,0,0.0
18490,1,1.0
18491,1,0.1
18492,1,1.0
18493,1,0.07
18494,0,0.0
18495,0,0.0
18496,0,0.0
18497,1,0.0
18498,1,1.0
18499,1,1.0
18500,1,0.4
18501,0,0.0
18502,1,0.31
18503,0,0.0
18504,1,1.0
18505,0,0.0
18506,1,1.0
18507,0,0.21
18508,0,0.19
18509,1,0.93
18510,0,0.0
18511,1,1.0
18512,0,0.0
18513,0,0.2
18514,0,0.0
18515,1,0.86
18516,1,1.0
18517,0,0.0
18518,1,0.13
18519,1,0.27
18520,0,0.0
18521,1,0.19
18522,0,0.0
18523,0,0.0
18524,1,0.12
18525,0,0.0
18526,1,0.09
18527,0,0.0
18528,1,0.07
18529,0,0.0
18530,1,0.5347
18531,1,1.0
18532,1,0.21
18533,1,0.35
18534,0,0.0
18535,1,0.98
18536,1,1.0
18537,1,0.12
18538,1,1.0
18539,1,1.0
18540,0,0.0
18541,1,0.57
18542,1,0.87
18543,1,0.17
18544,0,0.0
18545,0,0.0
18546,0,0.0
18547,1,1.0
18548,1,1.0
18549,0,0.0
18550,1,0.07
18551,1,0.49
18552,1,1.0
18553,1,0.04
18554,1,1.0
18555,0,0.0
18556,1,0.33
18557,0,0.0
18558,1,0.05
18559,1,0.65
18560,1,0.52
18561,0,0.0
18562,0,0.0
18563,1,0.97
18564,1,1.0
18565,1,0.98
18566,1,1.0
18567,0,0.0
18568,1,1.0
18569,1,0.2
18570,0,0.0
18571,0,0.2
18572,1,1.0
18573,0,0.0
18574,1,1.0
18575,0,0.0
18576,1,0.98
18577,0,0.0
18578,0,0.0
18579,0,0.0
18580,0,0.0
18581,1,0.33
18582,0,0.04
18583,1,1.0
18584,1,0.99
18585,1,1.0
18586,1,0.05
18587,1,0.0
18588,0,0.0
18589,0,0.0
18590,0,0.0
18591,1,1.0
18592,1,0.08
18593,0,0.0
18594,0,0.0
18595,1,0.09
18596,0,0.0
18597,1,0.03
18598,1,1.0
18599,1,1.0
18600,0,0.0
18601,0,0.0
18602,0,0.0
18603,1,1.0
18604,1,0.99
18605,0,0.0
18606,0,0.0
18607,1,0.7
18608,0,0.0
18609,0,0.2
18610,1,0.29
18611,0,0.0
18612,1,0.92
18613,0,0.0
18614,1,1.0
18615,0,0.0
18616,0,0.0
18617,1,1.0
18618,1,0.04
18619,1,0.79
18620,1,0.18
18621,1,0.99
18622,1,1.0
18623,0,0.0
18624,1,0.14
18625,0,0.01
18626,1,0.05
18627,1,0.61
18628,0,0.0
18629,1,0.46
18630,1,1.0
18631,0,0.0
18632,0,0.0
18633,0,0.0
18634,1,0.22
18635,1,1.0
18636,0,0.0
18637,1,0.83
18638,0,0.0
18639,0,0.04
18640,1,0.1
18641,0,0.0
18642,1,0.37
18643,0,0.0
18644,0,0.0
18645,1,0.19
18646,0,0.0
18647,0,0.0
18648,1,0.97
18649,0,0.0
18650,1,1.0
18651,1,0.46
18652,0,0.0
18653,1,0.05
18654,0,0.0
18655,1,0.53
18656,0,0.35
18657,1,1.0
18658,0,0.01
18659,0,0.15
18660,0,0.0
18661,1,0.14
18662,0,0.0
18663,1,1.0
18664,1,0.09
18665,1,1.0
18666,1,0.47
18667,1,0.02
18668,0,0.0
18669,1,0.04
18670,0,0.0
18671,0,0.0
18672,1,1.0
18673,0,0.0
18674,0,0.0
18675,0,0.0
18676,1,1.0
18677,0,0.0
18678,0,0.0
18679,1,1.0
18680,0,0.0
18681,1,1.0
18682,1,0.18
18683,0,0.0
18684,0,0.0
18685,1,1.0
18686,1,0.02
18687,1,1.0
18688,0,0.0
18689,0,0.0
18690,1,0.08
18691,0,0.0
18692,0,0.0
18693,1,0.1
18694,0,0.0
18695,1,1.0
18696,1,0.14
18697,1,0.28
18698,0,0.0
18699,1,0.08
18700,1,1.0
18701,0,0.0
18702,0,0.0
18703,0,0.0
18704,1,0.22
18705,1,1.0
18706,1,1.0
18707,1,1.0
18708,0,0.0
18709,1,1.0
18710,0,0.2
18711,0,0.0
18712,0,0.0
18713,1,0.69
18714,1,1.0
18715,0,0.0
18716,1,0.14
18717,1,1.0
18718,0,0.0
18719,1,1.0
18720,0,0.0
18721,1,0.34
18722,0,0.0
18723,0,0.0
18724,0,0.11
18725,1,0.04
18726,1,1.0
18727,1,1.0
18728,1,1.0
18729,1,1.0
18730,1,1.0
18731,0,0.0
18732,1,1.0
18733,1,1.0
18734,0,0.01
18735,0,0.0
18736,1,0.09
18737,1,0.06
18738,1,1.0
18739,1,0.04
18740,0,0.21
18741,1,1.0
18742,1,0.16
18743,1,1.0
18744,1,0.11
18745,1,0.14
18746,0,0.0
18747,0,0.0
18748,1,0.99
18749,0,0.0
18750,0,0.0
18751,0,0.0
18752,1,0.55
18753,0,0.0
18754,1,0.74
18755,1,0.17
18756,0,0.0
18757,1,1.0
18758,1,0.94
18759,1,0.9833
18760,1,1.0
18761,1,0.0
18762,1,1.0
18763,1,0.29
18764,1,0.1
18765,0,0.19
18766,1,0.98
18767,0,0.0
18768,1,0.53
18769,0,0.0
18770,1,1.0
18771,1,0.3
18772,1,0.34
18773,0,0.0
18774,0,1.0
18775,1,1.0
18776,0,0.0
18777,0,0.0
18778,1,1.0
18779,0,0.0
18780,0,0.0
18781,1,1.0
18782,1,0.97
18783,0,0.0
18784,1,0.97
18785,1,1.0
18786,1,1.0
18787,1,1.0
18788,1,1.0
18789,1,0.55
18790,0,0.0
18791,1,0.52
18792,1,0.07
18793,1,1.0
18794,1,0.09
18795,0,0.0
18796,1,0.02
18797,1,1.0
18798,1,0.43
18799,0,0.0
18800,1,0.99
18801,0,0.0
18802,0,0.0
18803,0,0.0
18804,0,0.0
18805,1,0.28
18806,1,1.0
18807,1,1.0
18808,1,0.37
18809,1,0.55
18810,1,1.0
18811,1,1.0
18812,0,0.0
18813,1,0.2
18814,1,0.35
18815,0,0.0
18816,1,0.04
18817,1,1.0
18818,1,1.0
18819,1,0.5
18820,1,0.42
18821,1,0.04
18822,0,0.0
18823,1,1.0
18824,0,0.0
18825,1,0.85
18826,0,0.0
18827,0,0.97
18828,0,0.0
18829,1,1.0
18830,0,0.0
18831,1,0.08
18832,0,0.0
18833,1,0.01
18834,1,1.0
18835,1,0.24
18836,1,1.0
18837,1,0.31
18838,0,0.0
18839,1,0.0
18840,1,0.98
18841,1,1.0
18842,0,0.0
18843,0,0.0
18844,0,0.0
18845,1,1.0
18846,1,1.0
18847,1,0.38
18848,1,1.0
18849,1,1.0
18850,1,1.0
18851,0,1.0
18852,1,1.0
18853,1,0.13
18854,1,1.0
18855,0,0.21
18856,0,0.22
18857,1,1.0
18858,1,0.09
18859,0,0.0
18860,0,0.0
18861,0,0.0
18862,1,0.26
18863,0,0.2
18864,0,0.0
18865,0,0.21
18866,1,0.28
18867,0,0.0
18868,1,0.03
18869,1,0.04
18870,1,1.0
18871,1,0.0
18872,1,0.09
18873,1,0.76
18874,0,0.0
18875,1,1.0
18876,1,1.0
18877,1,0.47
18878,0,0.0
18879,0,0.0
18880,1,1.0
18881,1,0.93
18882,1,0.31
18883,0,0.0
18884,1,0.04
18885,1,0.17
18886,0,0.0
18887,0,0.0
18888,0,0.0
18889,1,1.0
18890,1,1.0
18891,0,0.26
18892,0,0.0
18893,0,0.0
18894,1,0.2
18895,0,0.01
18896,0,0.0
18897,1,0.76
18898,1,1.0
18899,1,0.37
18900,0,0.0
18901,1,1.0
18902,0,0.0
18903,1,0.03
18904,0,0.0
18905,0,0.0
18906,1,1.0
18907,1,0.94
18908,1,0.08
18909,1,1.0
18910,1,0.38
18911,0,0.0
18912,1,0.5
18913,0,0.0
18914,0,0.0
18915,1,1.0
18916,1,1.0
18917,0,0.0
18918,1,1.0
18919,0,0.0
18920,1,0.12
18921,0,0.0
18922,1,1.0
18923,0,0.0
18924,1,0.49
18925,1,0.8
18926,0,0.0
18927,1,0.59
18928,1,1.0
18929,0,0.0
18930,1,0.4
18931,1,0.09
18932,1,0.94
18933,0,0.0
18934,1,1.0
18935,1,0.16
18936,1,0.43
18937,0,0.0
18938,0,0.0
18939,0,0.0
18940,0,0.0
18941,1,1.0
18942,0,0.0
18943,1,0.97
18944,1,1.0
18945,1,0.53
18946,0,0.0
18947,0,0.01
18948,1,0.93
18949,0,0.0
18950,1,1.0
18951,1,0.0
18952,0,0.0
18953,1,1.0
18954,1,0.16
18955,1,1.0
18956,1,1.0
18957,0,0.0
18958,1,0.27
18959,0,0.0
18960,0,0.0
18961,1,0.27
18962,0,0.0
18963,0,0.0
18964,0,0.0
18965,1,1.0
18966,1,0.0
18967,1,0.25
18968,0,0.0
18969,0,0.0
18970,1,0.5
18971,1,1.0
18972,1,0.1
18973,0,0.0
18974,1,0.09
18975,0,0.21
18976,0,0.21
18977,0,0.0
18978,0,0.0
18979,1,0.4
18980,0,0.0
18981,1,0.26
18982,1,0.63
18983,1,0.98
18984,0,0.0
18985,1,1.0
18986,0,0.0
18987,1,1.0
18988,1,1.0
18989,1,1.0
18990,0,0.0
18991,0,0.0
18992,1,0.15
18993,1,1.0
18994,1,0.03
18995,1,0.4
18996,0,0.0
18997,1,1.0
18998,1,0.3
18999,0,0.0
19000,1,0.07
19001,0,0.0
19002,0,0.22
19003,0,0.0
19004,1,0.3
19005,1,1.0
19006,0,0.0
19007,1,1.0
19008,0,0.95
19009,1,0.02
19010,1,1.0
19011,0,0.0
19012,1,1.0
19013,0,0.0
19014,0,0.0
19015,1,1.0
19016,1,1.0
19017,1,1.0
19018,1,1.0
19019,0,0.0
19020,1,0.85
19021,0,0.0
19022,0,0.0
19023,1,1.0
19024,0,0.99
19025,1,0.04
19026,1,1.0
19027,0,0.0
19028,1,0.32
19029,1,0.54
19030,1,0.99
19031,1,0.49
19032,1,1.0
19033,1,0.33
19034,0,0.0
19035,1,1.0
19036,0,0.0
19037,0,0.0
19038,0,0.04
19039,1,1.0
19040,1,1.0
19041,0,0.16
19042,0,0.0
19043,0,0.0
19044,1,0.78
19045,1,0.04
19046,1,0.11
19047,0,0.0
19048,0,0.0
19049,0,0.0
19050,1,1.0
19051,1,1.0
19052,1,1.0
19053,1,1.0
19054,0,0.0
19055,0,0.0
19056,0,0.0
19057,0,0.0
19058,1,1.0
19059,1,0.21
19060,1,0.94
19061,1,1.0
19062,1,1.0
19063,1,0.04
19064,1,0.48
19065,0,0.0
19066,0,0.0
19067,1,1.0
19068,1,1.0
19069,0,0.0
19070,1,0.04
19071,1,0.05
19072,0,0.0
19073,0,0.97
19074,0,0.0
19075,1,1.0
19076,1,0.29
19077,1,1.0
19078,1,0.18
19079,1,0.06
19080,0,0.0
19081,0,0.0
19082,1,0.98
19083,1,0.31
19084,0,0.0
19085,0,0.06
19086,1,1.0
19087,0,0.2
19088,0,0.0
19089,1,1.0
19090,1,0.01
19091,1,1.0
19092,1,0.45
19093,0,0.0
19094,1,0.05
19095,1,0.8508
19096,1,0.47
19097,0,0.0
19098,0,0.0
19099,0,0.0
19100,1,1.0
19101,1,1.0
19102,0,0.01
19103,1,0.17
19104,1,0.02
19105,0,0.0
19106,0,0.0
19107,1,0.86
19108,1,0.78
19109,1,0.13
19110,1,0.99
19111,0,0.0
19112,0,0.0
19113,0,0.0
19114,0,0.0
19115,0,0.21
19116,1,0.01
19117,0,0.0
19118,0,0.0
19119,0,0.0
19120,0,0.0
19121,0,0.0
19122,1,0.97
19123,1,0.94
19124,0,0.0
19125,1,1.0
19126,0,0.0
19127,0,0.0
19128,1,0.98
19129,0,0.0
19130,0,0.0
19131,0,0.0
19132,1,0.42
19133,0,0.0
19134,1,1.0
19135,1,0.87
19136,0,0.0
19137,1,0.89
19138,1,0.35
19139,0,0.0
19140,1,0.98
19141,1,0.2
19142,0,0.0
19143,0,0.0
19144,1,1.0
19145,1,0.23
19146,1,0.09
19147,1,1.0
19148,1,1.0
19149,1,0.56
19150,1,0.09
19151,1,1.0
19152,0,0.0
19153,0,0.0
19154,1,0.94
19155,1,0.84
19156,0,0.0
19157,1,0.53
19158,1,1.0
19159,1,0.12
19160,1,0.91
19161,0,0.0
19162,0,0.0
19163,0,0.0
19164,0,0.0
19165,0,0.0
19166,0,0.17
19167,0,0.0
19168,0,0.0
19169,1,0.86
19170,1,1.0
19171,1,0.98
19172,1,1.0
19173,0,0.0
19174,0,0.0
19175,1,0.97
19176,0,0.09
19177,1,0.16
19178,1,0.44
19179,1,0.99
19180,0,0.0
19181,1,1.0
19182,1,1.0
19183,1,1.0
19184,1,0.36
19185,0,0.0
19186,1,0.26
19187,0,0.0
19188,0,0.0
19189,0,0.24
19190,1,1.0
19191,1,0.95
19192,1,0.56
19193,1,1.0
19194,0,0.0
19195,0,0.0
19196,0,1.0
19197,1,0.07
19198,1,0.93
19199,1,0.02
19200,0,0.13
19201,1,0.43
19202,1,0.35
19203,1,0.96
19204,0,0.0
19205,0,0.0
19206,0,0.0
19207,1,1.0
19208,1,1.0
19209,1,1.0
19210,0,0.21
19211,1,1.0
19212,0,0.0
19213,1,0.37
19214,0,0.0
19215,1,1.0
19216,1,1.0
19217,1,0.65
19218,1,1.0
19219,1,1.0
19220,1,1.0
19221,0,0.0
19222,1,1.0
19223,0,0.0
19224,1,0.17
19225,1,0.31
19226,0,0.02
19227,1,1.0
19228,1,0.98
19229,1,0.88
19230,0,0.0
19231,1,1.0
19232,0,0.0
19233,1,0.22
19234,1,1.0
19235,1,1.0
19236,1,0.5
19237,0,0.0
19238,0,0.0
19239,1,1.0
19240,1,0.53
19241,0,0.0
19242,0,0.0
19243,1,1.0
19244,1,1.0
19245,0,0.0
19246,1,1.0
19247,0,0.0
19248,1,0.98
19249,0,0.0
19250,1,0.11
19251,0,0.0
19252,0,0.0
19253,1,0.0
19254,1,0.01
19255,1,1.0
19256,0,0.01
19257,0,0.0
19258,0,0.0
19259,1,0.9283
19260,1,1.0
19261,0,0.0
19262,1,0.15
19263,0,0.0
19264,0,0.0
19265,1,0.04
19266,0,0.0
19267,1,0.06
19268,1,1.0
19269,1,0.33
19270,0,0.19
19271,1,0.16
19272,1,0.07
19273,1,0.99
19274,0,0.2
19275,1,0.23
19276,1,0.02
19277,1,0.4817
19278,0,0.2
19279,1,0.41
19280,1,0.95
19281,0,0.01
19282,1,0.26
19283,1,1.0
19284,0,0.0
19285,0,0.09
19286,0,0.0
19287,0,0.0
19288,1,1.0
19289,0,0.0
19290,0,0.21
19291,1,0.78
19292,1,0.37
19293,1,0.02
19294,1,0.25
19295,0,0.0
19296,0,0.0
19297,1,0.72
19298,0,0.0
19299,0,0.0
19300,1,0.29
19301,0,0.0
19302,0,0.0
19303,0,0.19
19304,1,0.8
19305,0,0.0
19306,1,1.0
19307,1,0.52
19308,1,1.0
19309,1,0.18
19310,1,1.0
19311,1,1.0
19312,1,0.35
19313,1,0.31
19314,0,0.0
19315,1,1.0
19316,1,0.06
19317,0,0.0
19318,1,0.09
19319,1,0.12
19320,0,0.0
19321,0,0.0
19322,1,0.1
19323,1,0.97
19324,1,1.0
19325,0,0.0
19326,1,0.07
19327,1,1.0
19328,0,0.0
19329,1,0.96
19330,1,1.0
19331,1,0.01
19332,0,0.0
19333,1,1.0
19334,1,1.0
19335,1,0.29
19336,1,1.0
19337,1,1.0
19338,0,0.0
19339,0,0.0
19340,0,0.0
19341,1,1.0
19342,1,0.05
19343,1,0.47
19344,1,1.0
19345,0,0.0
19346,1,0.21
19347,1,0.96
19348,0,0.0
19349,0,0.98
19350,1,1.0
19351,0,0.0
19352,1,0.07
19353,1,0.76
19354,1,0.17
19355,0,1.0
19356,1,0.97
19357,1,0.03
19358,1,1.0
19359,1,0.45
19360,1,0.06
19361,1,1.0
19362,1,1.0
19363,1,0.7
19364,1,1.0
19365,1,0.5
19366,1,1.0
19367,1,1.0
19368,1,0.33
19369,1,0.01
19370,0,0.0
19371,1,0.29
19372,0,0.0
19373,1,0.46
19374,1,0.23
19375,0,0.0
19376,1,0.6
19377,1,1.0
19378,1,1.0
19379,0,0.0
19380,0,0.0
19381,0,0.0
19382,0,0.0
19383,1,1.0
19384,1,0.5
19385,1,1.0
19386,0,0.0
19387,1,0.07
19388,0,0.0
19389,1,1.0
19390,1,0.16
19391,1,0.16
19392,1,0.03
19393,0,0.0
19394,0,0.0
19395,1,1.0
19396,1,0.07
19397,1,1.0
19398,0,0.0
19399,1,0.1
19400,1,1.0
19401,0,0.01
19402,0,0.98
19403,1,0.03
19404,1,0.34
19405,1,0.52
19406,1,0.96
19407,1,0.32
19408,0,0.0
19409,0,0.0
19410,0,0.0
19411,1,0.13
19412,1,1.0
19413,1,1.0
19414,1,0.09
19415,0,0.2
19416,0,0.0
19417,1,1.0
19418,0,0.0
19419,1,1.0
19420,1,1.0
19421,0,0.0
19422,0,0.0
19423,1,0.91
19424,0,0.0
19425,1,1.0
19426,1,1.0
19427,0,0.0
19428,0,0.0
19429,0,0.0
19430,1,0.21
19431,1,0.03
19432,0,0.0
19433,0,0.0
19434,0,0.0
19435,1,0.1
19436,0,0.58
19437,1,1.0
19438,1,0.96
19439,0,0.0
19440,0,0.0
19441,0,0.2
19442,0,0.0
19443,1,0.46
19444,1,1.0
19445,0,0.0
19446,0,0.0
19447,1,0.59
19448,1,1.0
19449,1,0.44
19450,1,1.0
19451,1,1.0
19452,0,0.4
19453,0,0.0
19454,1,1.0
19455,1,1.0
19456,0,0.0
19457,0,0.0
19458,0,0.2
19459,0,0.0
19460,0,0.0
19461,0,0.0
19462,1,1.0
19463,0,0.0
19464,1,1.0
19465,1,0.27
19466,0,0.0
19467,1,0.06
19468,0,0.0
19469,0,0.0
19470,1,1.0
19471,0,0.0
19472,0,0.0
19473,0,0.0
19474,1,1.0
19475,0,0.0
19476,1,1.0
19477,1,1.0
19478,1,1.0
19479,1,0.16
19480,0,0.0
19481,1,0.07
19482,0,0.0
19483,1,0.96
19484,1,1.0
19485,0,0.0
19486,1,0.97
19487,1,0.36
19488,1,1.0
19489,1,0.09
19490,1,0.86
19491,0,0.0
19492,1,0.87
19493,0,0.0
19494,0,0.0
19495,1,1.0
19496,0,0.0
19497,0,0.0
19498,1,0.92
19499,0,0.0
19500,0,0.0
19501,0,0.0
19502,1,1.0
19503,0,0.0
19504,0,0.0
19505,1,0.96
19506,0,0.0
19507,0,0.19
19508,1,0.13
19509,1,0.89
19510,0,0.0
19511,0,0.2
19512,0,0.0
19513,1,0.98
19514,1,1.0
19515,0,0.0
19516,0,0.0
19517,0,0.0
19518,1,0.48
19519,1,1.0
19520,1,0.91
19521,1,1.0
19522,1,1.0
19523,1,0.49
19524,0,0.0
19525,1,0.05
19526,1,0.85
19527,1,0.28
19528,0,0.0
19529,1,1.0
19530,0,0.0
19531,1,1.0
19532,1,0.09
19533,1,1.0
19534,1,0.96
19535,0,0.2
19536,0,0.0
19537,0,0.0
19538,1,0.18
19539,0,0.01
19540,1,0.98
19541,1,1.0
19542,0,0.0
19543,0,0.0
19544,0,0.0
19545,1,0.03
19546,0,0.2
19547,1,0.39
19548,0,0.0
19549,1,0.99
19550,1,0.51
19551,1,1.0
19552,1,1.0
19553,1,0.65
19554,1,1.0
19555,1,1.0
19556,0,0.0
19557,0,0.0
19558,1,0.01
19559,1,0.97
19560,0,0.0
19561,0,0.0
19562,1,0.32
19563,0,0.0
19564,0,0.0
19565,0,0.0
19566,0,0.0
19567,0,0.0
19568,0,0.0
19569,0,0.0
19570,0,0.0
19571,1,0.06
19572,1,1.0
19573,1,1.0
19574,1,1.0
19575,1,0.05
19576,1,1.0
19577,0,0.29
19578,0,0.0
19579,1,0.01
19580,1,1.0
19581,1,0.25
19582,0,0.01
19583,0,0.0
19584,1,1.0
19585,1,1.0
19586,1,1.0
19587,0,0.01
19588,1,1.0
19589,1,1.0
19590,0,0.0
19591,0,0.0
19592,0,0.0
19593,1,0.34
19594,1,1.0
19595,1,0.3
19596,1,0.76
19597,0,0.9
19598,0,0.0
19599,0,0.0
19600,0,0.0
19601,0,0.0
19602,1,0.55
19603,0,0.0
19604,0,0.0
19605,1,0.25
19606,1,1.0
19607,0,0.0
19608,1,1.0
19609,0,0.0
19610,1,1.0
19611,1,0.05
19612,1,1.0
19613,1,0.96
19614,0,0.0
19615,0,0.0
19616,1,1.0
19617,1,1.0
19618,1,0.35
19619,1,0.06
19620,1,1.0
19621,0,0.0
19622,0,0.15
19623,1,0.1
19624,1,1.0
19625,1,1.0
19626,1,0.09
19627,1,1.0
19628,0,0.0
19629,0,0.0
19630,1,0.1
19631,0,0.0
19632,1,0.37
19633,1,0.01
19634,1,0.25
19635,1,0.01
19636,1,1.0
19637,0,0.0
19638,1,1.0
19639,0,0.0
19640,0,0.0
19641,0,0.0
19642,1,0.03
19643,0,0.0
19644,1,0.49
19645,1,1.0
19646,0,0.0
19647,1,0.01
19648,1,0.24
19649,1,1.0
19650,1,1.0
19651,0,0.0
19652,1,1.0
19653,1,1.0
19654,1,0.06
19655,0,0.0
19656,1,0.14
19657,1,0.85
19658,1,1.0
19659,1,0.97
19660,1,0.3
19661,1,0.99
19662,1,0.12
19663,0,0.0
19664,0,0.0
19665,1,1.0
19666,1,1.0
19667,1,0.11
19668,1,1.0
19669,1,0.06
19670,1,0.53
19671,1,0.96
19672,0,0.0
19673,1,0.36
19674,1,0.08
19675,1,0.09
19676,1,1.0
19677,1,1.0
19678,1,0.45
19679,1,1.0
19680,1,1.0
19681,0,0.0
19682,0,0.0
19683,1,1.0
19684,1,1.0
19685,0,0.0
19686,0,0.0
19687,0,0.0
19688,0,0.07
19689,0,0.0
19690,0,0.0
19691,0,0.19
19692,1,0.3
19693,1,1.0
19694,0,0.0
19695,1,1.0
19696,1,1.0
19697,1,0.16
19698,0,0.0
19699,0,0.0
19700,0,0.0
19701,1,1.0
19702,0,0.0
19703,0,0.0
19704,0,0.0
19705,1,0.89
19706,1,0.32
19707,0,0.0
19708,1,1.0
19709,0,0.0
19710,0,0.0
19711,0,0.0
19712,1,1.0
19713,1,1.0
19714,1,0.35
19715,0,0.0
19716,1,0.05
19717,1,0.02
19718,0,0.0
19719,0,0.0
19720,0,0.0
19721,0,0.0
19722,0,0.0
19723,1,0.36
19724,0,0.0
19725,1,1.0
19726,0,0.0
19727,1,1.0
19728,1,0.4817
19729,1,1.0
19730,1,1.0
19731,1,1.0
19732,1,0.11
19733,0,0.98
19734,1,1.0
19735,0,0.0
19736,1,1.0
19737,1,0.0
19738,1,1.0
19739,0,0.0
19740,1,0.56
19741,0,0.0
19742,1,1.0
19743,0,0.0
19744,1,0.47
19745,0,0.0
19746,0,0.0
19747,1,1.0
19748,1,0.07
19749,0,0.05
19750,1,0.24
19751,1,0.14
19752,0,0.0
19753,0,0.0
19754,1,1.0
19755,1,0.25
19756,0,0.02
19757,0,0.0
19758,1,0.09
19759,0,0.0
19760,0,0.0
19761,0,0.0
19762,0,0.0
19763,1,0.05
19764,0,0.0
19765,1,1.0
19766,1,0.7925
19767,1,0.36
19768,1,0.06
19769,1,1.0
19770,0,0.0
19771,0,0.0
19772,1,1.0
19773,1,1.0
19774,0,0.0
19775,0,0.0
19776,1,0.0
19777,0,0.2
19778,1,1.0
19779,0,0.0
19780,0,0.0
19781,1,1.0
19782,1,1.0
19783,1,0.17
19784,0,0.0
19785,0,0.0
19786,0,0.0
19787,1,0.44
19788,0,0.0
19789,0,0.0
19790,0,0.0
19791,0,0.09
19792,1,0.96
19793,1,1.0
19794,1,1.0
19795,1,0.97
19796,1,0.25
19797,0,0.0
19798,1,1.0
19799,1,0.44
19800,1,1.0
19801,0,0.0
19802,1,0.24
19803,0,0.0
19804,1,1.0
19805,0,0.0
19806,0,0.0
19807,1,1.0
19808,1,0.3
19809,0,0.0
19810,0,0.0
19811,1,0.08
19812,1,1.0
19813,1,0.49
19814,0,0.0
19815,0,0.0
19816,0,0.0
19817,1,1.0
19818,0,0.17
19819,1,1.0
19820,1,0.39
19821,0,0.0
19822,0,0.0
19823,0,0.0
19824,0,0.0
19825,1,1.0
19826,0,0.0
19827,0,0.0
19828,1,1.0
19829,1,1.0
19830,1,1.0
19831,0,0.0
19832,0,0.0
19833,1,1.0
19834,0,0.0
19835,1,1.0
19836,1,1.0
19837,0,0.0
19838,1,0.94
19839,1,0.1
19840,1,1.0
19841,0,0.0
19842,1,1.0
19843,1,1.0
19844,1,0.19
19845,1,1.0
19846,1,1.0
19847,0,0.0
19848,1,0.25
19849,1,0.26
19850,0,0.97
19851,1,1.0
19852,1,1.0
19853,0,0.01
19854,1,0.48
19855,1,1.0
19856,0,0.0
19857,1,0.27
19858,0,0.0
19859,1,1.0
19860,1,0.52
19861,0,0.0
19862,1,0.11
19863,0,0.2
19864,0,0.0
19865,1,0.92
19866,1,1.0
19867,1,0.0
19868,1,1.0
19869,1,0.6
19870,0,0.0
19871,0,0.2
19872,0,0.36
19873,1,0.97
19874,0,0.01
19875,1,0.23
19876,1,0.99
19877,0,0.0
19878,0,0.0
19879,0,0.0
19880,0,0.0
19881,1,0.06
19882,1,0.065
19883,1,0.62
19884,1,0.09
19885,0,0.0
19886,1,0.99
19887,1,1.0
19888,1,1.0
19889,1,0.07
19890,0,0.0
19891,1,1.0
19892,0,0.0
19893,0,0.0
19894,1,0.31
19895,0,0.0
19896,0,0.0
19897,1,1.0
19898,1,1.0
19899,1,1.0
19900,1,0.28
19901,1,0.47
19902,1,1.0
19903,1,0.0
19904,0,0.9
19905,1,0.37
19906,1,0.83
19907,0,0.0
19908,0,0.0
19909,0,0.03
19910,0,0.0
19911,1,0.3
19912,0,0.0
19913,0,0.0
19914,1,0.1
19915,1,0.07
19916,1,1.0
19917,0,0.0
19918,1,1.0
19919,0,0.0
19920,1,0.2
19921,1,0.07
19922,1,1.0
19923,0,0.0
19924,1,0.01
19925,1,1.0
19926,0,0.0
19927,0,0.0
19928,1,0.04
19929,1,1.0
19930,0,0.0
19931,0,0.0
19932,1,1.0
19933,0,0.02
19934,1,1.0
19935,0,0.0
19936,1,0.99
19937,1,0.37
19938,0,0.0
19939,1,1.0
19940,0,0.0
19941,0,0.0
19942,1,0.6
19943,1,0.0
19944,0,0.0
19945,1,1.0
19946,1,0.4
19947,0,0.0
19948,1,1.0
19949,0,0.0
19950,0,0.0
19951,0,0.0
19952,1,0.28
19953,0,0.0
19954,0,0.0
19955,1,1.0
19956,1,1.0
19957,1,1.0
19958,0,0.0
19959,1,1.0
19960,1,1.0
19961,1,1.0
19962,0,0.0
19963,1,0.07
19964,1,0.47
19965,0,0.0
19966,1,0.97
19967,1,1.0
19968,1,0.29
19969,1,0.22
19970,0,0.0
19971,0,0.23
19972,1,0.35
19973,1,0.16
19974,1,0.06
19975,0,1.0
19976,1,0.09
19977,1,0.17
19978,0,0.0
19979,0,0.0
19980,1,0.1
19981,1,0.96
19982,0,0.0
19983,1,0.0
19984,1,1.0
19985,0,0.0
19986,0,0.0
19987,0,0.01
19988,1,0.65
19989,0,0.0
19990,0,0.2
19991,1,1.0
19992,0,0.0
19993,1,1.0
19994,0,0.0
19995,0,0.0
19996,1,0.06
19997,1,1.0
19998,1,0.05
19999,0,0.0
20000,1,0.01
20001,1,1.0
20002,0,0.0
20003,0,0.0
20004,0,0.0
20005,1,1.0
20006,0,0.0
20007,1,1.0
20008,1,0.06
20009,0,0.0
20010,0,0.0
20011,1,0.87
20012,0,0.0
20013,1,1.0
20014,1,0.29
20015,1,1.0
20016,0,0.0
20017,0,0.01
20018,1,1.0
20019,0,0.0
20020,0,0.0
20021,1,1.0
20022,0,0.0
20023,0,0.0
20024,1,1.0
20025,1,1.0
20026,0,0.0
20027,1,0.76
20028,0,0.0
20029,0,0.0
20030,1,1.0
20031,0,0.03
20032,0,0.0
20033,0,1.0
20034,1,1.0
20035,1,1.0
20036,1,0.07
20037,1,0.15
20038,0,0.0
20039,1,1.0
20040,0,0.0
20041,0,0.0
20042,0,0.0
20043,1,0.83
20044,1,0.83
20045,1,0.9833
20046,0,0.0
20047,0,0.18
20048,0,0.0
20049,0,0.0
20050,0,0.0
20051,1,0.99
20052,1,0.24
20053,1,1.0
20054,1,0.27
20055,1,1.0
20056,1,0.28
20057,1,0.04
20058,1,0.8133
20059,1,1.0
20060,0,0.0
20061,1,1.0
20062,1,0.54
20063,0,0.0
20064,1,0.14
20065,1,0.93
20066,0,0.0
20067,1,0.22
20068,0,0.0
20069,1,0.44
20070,1,0.4
20071,1,0.18
20072,0,0.2
20073,1,0.24
20074,1,0.69
20075,1,1.0
20076,1,0.1
20077,0,0.0
20078,1,1.0
20079,1,0.3
20080,0,0.0
20081,1,0.51
20082,1,0.06
20083,1,1.0
20084,1,1.0
20085,1,1.0
20086,0,0.0
20087,0,0.0
20088,0,0.0
20089,1,1.0
20090,0,0.0
20091,1,1.0
20092,1,1.0
20093,0,0.0
20094,1,1.0
20095,1,1.0
20096,1,1.0
20097,1,1.0
20098,1,0.02
20099,1,0.42
20100,1,0.27
20101,1,1.0
20102,1,0.98
20103,0,0.0
20104,1,1.0
20105,0,0.0
20106,1,1.0
20107,1,0.56
20108,1,0.03
20109,0,0.0
20110,1,0.76
20111,1,0.92
20112,1,0.96
20113,0,0.0
20114,0,0.0
20115,1,0.08
20116,1,0.99
20117,1,1.0
20118,0,0.0
20119,0,0.0
20120,0,0.0
20121,1,0.98
20122,0,0.0
20123,0,0.0
20124,1,0.02
20125,0,0.0
20126,1,0.08
20127,1,1.0
20128,1,0.16
20129,0,0.04
20130,1,1.0
20131,0,0.0
20132,1,1.0
20133,1,1.0
20134,0,0.0
20135,0,0.0
20136,0,0.0
20137,1,0.97
20138,1,0.13
20139,1,1.0
20140,1,0.09
20141,1,0.11
20142,0,0.0
20143,0,0.0
20144,1,1.0
20145,1,1.0
20146,1,1.0
20147,0,0.0
20148,0,0.0
20149,0,0.0
20150,0,0.0
20151,1,0.39
20152,1,0.08
20153,1,1.0
20154,0,0.0
20155,1,0.0
20156,1,1.0
20157,1,1.0
20158,0,0.0
20159,1,0.48
20160,1,0.67
20161,0,0.0
20162,0,0.0
20163,1,1.0
20164,0,0.0
20165,0,0.0
20166,0,0.0
20167,1,1.0
20168,0,0.0
20169,1,0.57
20170,0,0.0
20171,0,0.0
20172,1,1.0
20173,1,0.12
20174,1,0.52
20175,0,0.0
20176,0,0.0
20177,0,0.0
20178,0,0.0
20179,1,1.0
20180,1,1.0
20181,1,0.04
20182,1,0.4
20183,0,0.0
20184,0,0.0
20185,0,0.02
20186,0,0.0
20187,0,0.0
20188,1,0.01
20189,0,0.0
20190,0,0.0
20191,1,1.0
20192,1,0.0
20193,0,0.98
20194,0,0.0
20195,1,1.0
20196,1,1.0
20197,1,0.31
20198,1,0.23
20199,0,0.0
20200,0,0.0
20201,0,0.0
20202,0,0.0
20203,1,1.0
20204,0,0.0
20205,1,0.79
20206,0,0.0
20207,0,0.0
20208,0,0.0
20209,1,0.9
20210,0,0.0
20211,0,0.0
20212,0,0.0
20213,0,0.0
20214,0,0.24
20215,0,0.0
20216,0,0.0
20217,0,0.0
20218,0,0.0
20219,1,0.1
20220,1,1.0
20221,0,0.0
20222,0,0.0
20223,1,0.09
20224,1,1.0
20225,1,1.0
20226,0,0.0
20227,1,0.03
20228,0,0.0
20229,0,0.0
20230,0,0.0
20231,1,1.0
20232,1,1.0
20233,1,0.96
20234,0,0.24
20235,1,1.0
20236,0,0.0
20237,1,0.52
20238,1,1.0
20239,0,0.0
20240,0,0.0
20241,1,0.36
20242,1,0.73
20243,1,1.0
20244,0,0.0
20245,1,1.0
20246,1,0.98
20247,1,0.06
20248,0,0.0
20249,0,0.0
20250,1,0.08
20251,1,0.11
20252,0,0.19
20253,0,0.0
20254,1,1.0
20255,1,0.23
20256,0,0.0
20257,0,0.0
20258,1,0.79
20259,0,0.0
20260,0,0.0
20261,0,0.0
20262,1,1.0
20263,0,0.0
20264,1,1.0
20265,0,0.2
20266,0,0.0
20267,0,0.0
20268,0,0.01
20269,1,0.98
20270,1,0.99
20271,1,0.02
20272,1,1.0
20273,0,0.0
20274,1,1.0
20275,1,0.35
20276,0,0.0
20277,1,1.0
20278,0,0.0
20279,1,0.59
20280,1,0.22
20281,0,0.0
20282,1,1.0
20283,1,0.97
20284,0,0.0
20285,0,0.19
20286,1,1.0
20287,1,0.99
20288,0,0.05
20289,0,0.0
20290,1,0.51
20291,0,0.0
20292,0,0.0
20293,1,0.04
20294,0,0.0
20295,0,0.0
20296,0,0.0
20297,1,1.0
20298,0,0.0
20299,1,0.29
20300,0,0.01
20301,1,1.0
20302,0,0.0
20303,1,1.0
20304,1,1.0
20305,0,0.21
20306,1,1.0
20307,0,0.0
20308,0,0.0
20309,1,1.0
20310,1,0.65
20311,1,1.0
20312,0,0.0
20313,1,1.0
20314,1,0.11
20315,1,0.3
20316,0,0.0
20317,0,0.0
20318,0,0.0
20319,0,0.0
20320,1,1.0
20321,0,0.04
20322,1,0.24
20323,1,1.0
20324,0,0.0
20325,0,0.0
20326,1,1.0
20327,0,0.0
20328,1,1.0
20329,1,1.0
20330,0,0.0
20331,1,0.67
20332,1,1.0
20333,0,0.0
20334,0,0.0
20335,0,0.0
20336,1,1.0
20337,0,0.0
20338,1,0.26
20339,1,0.07
20340,0,0.0
20341,1,1.0
20342,0,0.0
20343,1,0.34
20344,0,0.15
20345,1,0.13
20346,1,0.13
20347,1,1.0
20348,1,1.0
20349,0,0.0
20350,0,0.0
20351,1,1.0
20352,0,0.0
20353,1,1.0
20354,0,0.0
20355,1,0.96
20356,1,1.0
20357,0,0.0
20358,0,0.0
20359,1,0.37
20360,0,0.0
20361,1,1.0
20362,1,0.86
20363,1,0.46
20364,1,0.03
20365,1,1.0
20366,0,0.0
20367,1,1.0
20368,1,0.02
20369,1,0.08
20370,0,0.0
20371,1,1.0
20372,1,1.0
20373,0,0.0
20374,0,0.16
20375,1,0.4
20376,0,0.0
20377,0,0.0
20378,1,0.97
20379,0,0.02
20380,0,0.0
20381,1,1.0
20382,0,0.0
20383,1,1.0
20384,1,1.0
20385,0,0.0
20386,1,1.0
20387,0,0.0
20388,0,0.0
20389,0,0.0
20390,1,0.03
20391,0,0.0
20392,1,0.05
20393,0,0.0
20394,1,1.0
20395,1,1.0
20396,0,0.0
20397,1,0.64
20398,0,0.0
20399,1,0.97
20400,0,0.0
20401,1,0.3
20402,1,1.0
20403,0,0.0
20404,1,0.43
20405,0,0.0
20406,1,1.0
20407,1,1.0
20408,0,0.0
20409,1,1.0
20410,1,0.09
20411,1,0.1
20412,0,0.0
20413,1,1.0
20414,1,0.32
20415,1,0.22
20416,1,0.87
20417,1,0.15
20418,0,0.06
20419,1,0.26
20420,0,0.0
20421,0,0.0
20422,1,1.0
20423,1,0.33
20424,1,1.0
20425,1,1.0
20426,0,0.03
20427,0,0.88
20428,1,0.47
20429,0,0.0
20430,0,0.0
20431,1,1.0
20432,1,0.05
20433,1,1.0
20434,1,0.47
20435,0,0.0
20436,1,0.91
20437,1,1.0
20438,0,0.0
20439,1,0.03
20440,1,0.14
20441,0,0.96
20442,0,0.0
20443,1,0.64
20444,0,0.0
20445,0,0.0
20446,0,0.0
20447,0,0.21
20448,1,1.0
20449,0,0.0
20450,0,0.2
20451,0,0.0
20452,1,1.0
20453,0,0.18
20454,0,0.0
20455,0,0.0
20456,1,0.45
20457,0,0.0
20458,0,0.0
20459,1,1.0
20460,1,0.01
20461,1,1.0
20462,1,0.02
20463,1,0.99
20464,1,1.0
20465,1,1.0
20466,0,0.0
20467,1,1.0
20468,1,0.02
20469,1,1.0
20470,1,1.0
20471,1,1.0
20472,0,0.0
20473,1,0.35
20474,1,0.31
20475,0,0.0
20476,1,1.0
20477,0,0.0
20478,0,0.0
20479,1,0.18
20480,1,0.3
20481,1,0.37
20482,1,1.0
20483,0,0.0
20484,1,0.68
20485,1,0.4
20486,0,0.0
20487,0,0.0
20488,0,0.0
20489,1,0.1
20490,0,0.0
20491,0,0.2
20492,1,1.0
20493,1,1.0
20494,1,0.09
20495,0,0.0
20496,1,0.2
20497,1,1.0
20498,1,0.12
20499,1,0.07
20500,1,0.26
20501,1,0.96
20502,1,1.0
20503,0,0.0
20504,1,1.0
20505,0,0.0
20506,1,0.43
20507,1,1.0
20508,1,1.0
20509,0,0.0
20510,0,0.0
20511,1,0.04
20512,1,1.0
20513,1,0.37
20514,1,1.0
20515,1,1.0
20516,0,0.0
20517,1,0.31
20518,1,0.97
20519,1,1.0
20520,0,0.0
20521,1,0.02
20522,0,0.0
20523,0,0.0
20524,1,0.3
20525,0,0.0
20526,0,0.0
20527,1,0.96
20528,0,0.0
20529,0,0.0
20530,1,0.0
20531,1,0.1
20532,1,0.0
20533,1,0.36
20534,0,0.0
20535,0,0.0
20536,0,0.0
20537,0,0.0
20538,1,0.69
20539,1,0.02
20540,0,0.0
20541,1,1.0
20542,1,1.0
20543,1,1.0
20544,1,1.0
20545,1,1.0
20546,1,0.18
20547,1,0.16
20548,0,0.0
20549,0,0.06
20550,0,0.0
20551,1,0.0
20552,0,0.0
20553,1,1.0
20554,1,0.39
20555,1,0.26
20556,0,0.0
20557,1,1.0
20558,0,0.06
20559,1,0.96
20560,1,0.68
20561,1,0.98
20562,1,0.99
20563,1,0.47
20564,1,1.0
20565,0,0.0
20566,0,0.0
20567,1,1.0
20568,0,0.0
20569,1,1.0
20570,0,0.0
20571,1,0.48
20572,0,0.0
20573,0,0.0
20574,0,0.0
20575,0,0.0
20576,1,0.27
20577,0,0.0
20578,0,0.0
20579,0,0.01
20580,1,1.0
20581,0,0.0
20582,0,0.0
20583,0,0.0
20584,1,0.08
20585,1,1.0
20586,1,1.0
20587,1,1.0
20588,0,0.0
20589,0,0.0
20590,0,0.0
20591,0,0.0
20592,1,0.99
20593,0,0.0
20594,1,1.0
20595,0,0.0
20596,1,0.21
20597,1,1.0
20598,1,0.52
20599,0,0.0
20600,1,0.15
20601,1,1.0
20602,1,0.9
20603,1,0.83
20604,0,0.01
20605,0,0.0
20606,1,0.25
20607,1,1.0
20608,1,0.07
20609,0,0.0
20610,1,1.0
20611,1,1.0
20612,1,1.0
20613,0,0.0
20614,0,0.0
20615,1,0.51
20616,1,0.23
20617,0,0.0
20618,0,0.0
20619,1,0.04
20620,1,0.55
20621,0,0.0
20622,0,0.0
20623,0,0.0
20624,1,0.03
20625,0,0.14
20626,1,0.01
20627,1,1.0
20628,1,1.0
20629,1,1.0
20630,0,0.0
20631,0,0.0
20632,1,0.92
20633,1,1.0
20634,0,0.0
20635,1,1.0
20636,0,0.01
20637,1,1.0
20638,0,0.0
20639,0,0.0
20640,0,0.0
20641,1,1.0
20642,1,0.98
20643,1,1.0
20644,1,0.0
20645,1,1.0
20646,1,0.48
20647,1,1.0
20648,1,1.0
20649,1,0.35
20650,1,0.14
20651,0,0.0
20652,1,0.05
20653,0,0.0
20654,0,0.0
20655,0,0.0
20656,0,0.0
20657,0,0.0
20658,1,1.0
20659,0,0.2
20660,1,1.0
20661,0,0.0
20662,1,1.0
20663,1,1.0
20664,1,1.0
20665,1,1.0
20666,0,0.0
20667,0,0.95
20668,1,0.38
20669,1,1.0
20670,0,0.12
20671,0,0.0
20672,0,0.0
20673,1,1.0
20674,1,0.97
20675,1,1.0
20676,0,0.0
20677,1,0.8133
20678,1,0.01
20679,0,0.0
20680,0,0.0
20681,1,0.51
20682,1,1.0
20683,1,0.06
20684,1,1.0
20685,0,0.0
20686,1,0.99
20687,1,0.0
20688,1,1.0
20689,0,0.0
20690,0,0.0
20691,1,0.82
20692,1,0.47
20693,1,0.01
20694,1,0.96
20695,0,0.0
20696,1,0.1
20697,1,0.94
20698,0,0.32
20699,1,1.0
20700,1,0.11
20701,0,0.0
20702,1,0.48
20703,0,0.2
20704,1,0.11
20705,1,1.0
20706,1,0.27
20707,1,1.0
20708,0,0.0
20709,1,1.0
20710,0,0.0
20711,1,1.0
20712,1,0.21
20713,0,0.0
20714,1,1.0
20715,1,0.62
20716,0,0.0
20717,0,0.0
20718,0,0.2
20719,1,0.04
20720,0,0.0
20721,1,0.0
20722,1,0.4729
20723,0,0.94
20724,0,0.0
20725,1,1.0
20726,1,1.0
20727,1,1.0
20728,1,0.6
20729,1,1.0
20730,1,1.0
20731,1,1.0
20732,0,0.0
20733,0,0.0
20734,1,0.15
20735,1,1.0
20736,1,1.0
20737,0,0.0
20738,0,0.0
20739,1,1.0
20740,0,0.0
20741,1,0.97
20742,1,1.0
20743,0,0.0
20744,0,0.0
20745,1,1.0
20746,1,1.0
20747,0,0.0
20748,1,1.0
20749,1,1.0
20750,1,1.0
20751,1,1.0
20752,1,0.35
20753,0,0.21
20754,1,1.0
20755,1,1.0
20756,0,0.0
20757,1,1.0
20758,0,0.0
20759,0,0.0
20760,0,0.0
20761,1,0.88
20762,1,0.09
20763,1,1.0
20764,1,0.22
20765,1,1.0
20766,1,0.26
20767,0,0.0
20768,1,1.0
20769,1,1.0
20770,1,0.28
20771,1,1.0
20772,0,0.0
20773,0,0.0
20774,1,0.53
20775,0,0.51
20776,1,0.38
20777,0,0.2
20778,1,0.25
20779,1,1.0
20780,0,0.93
20781,1,1.0
20782,0,0.0
20783,1,0.69
20784,0,0.0
20785,1,0.36
20786,1,0.93
20787,0,0.0
20788,0,0.0
20789,1,1.0
20790,0,0.0
20791,1,0.14
20792,1,1.0
20793,1,0.07
20794,0,0.0
20795,0,0.88
20796,1,0.99
20797,0,0.0
20798,1,0.28
20799,0,0.0
20800,0,0.21
20801,0,0.0
20802,1,1.0
20803,0,0.0
20804,0,0.18
20805,0,0.08
20806,0,0.0
20807,1,0.7408
20808,0,0.11
20809,1,0.97
20810,1,1.0
20811,0,0.0
20812,0,0.0
20813,0,0.0
20814,0,0.0
20815,1,0.0
20816,0,0.0
20817,1,0.12
20818,0,0.21
20819,0,0.0
20820,0,0.0
20821,1,1.0
20822,0,0.0
20823,0,0.0
20824,0,0.0
20825,1,0.36
20826,0,0.0
20827,0,0.0
20828,1,0.98
20829,1,1.0
20830,1,1.0
20831,1,1.0
20832,1,0.01
20833,1,0.12
20834,1,0.97
20835,1,1.0
20836,1,1.0
20837,0,0.0
20838,1,1.0
20839,0,0.0
20840,0,0.0
20841,1,0.22
20842,1,1.0
20843,0,0.16
20844,1,1.0
20845,0,0.0
20846,0,0.0
20847,1,0.04
20848,1,0.0
20849,1,0.05
20850,0,0.0
20851,0,0.0
20852,0,0.0
20853,0,0.0
20854,1,0.04
20855,1,0.97
20856,1,1.0
20857,1,0.03
20858,0,0.0
20859,0,0.0
20860,1,1.0
20861,1,0.06
20862,1,0.04
20863,0,0.0
20864,0,0.0
20865,1,0.86
20866,0,0.0
20867,0,0.0
20868,0,0.0
20869,0,0.0
20870,0,0.0
20871,1,1.0
20872,1,1.0
20873,0,0.0
20874,0,0.94
20875,1,0.63
20876,1,0.03
20877,1,0.07
20878,1,0.97
20879,0,0.0
20880,1,1.0
20881,1,0.77
20882,0,0.0
20883,1,0.21
20884,0,0.0
20885,1,1.0
20886,1,0.11
20887,1,1.0
20888,1,0.1
20889,1,0.17
20890,0,0.0
20891,1,1.0
20892,1,1.0
20893,1,0.51
20894,1,0.8
20895,1,0.31
20896,1,1.0
20897,0,0.0
20898,0,0.0
20899,1,0.53
20900,0,0.01
20901,1,0.15
20902,1,1.0
20903,1,0.97
20904,1,1.0
20905,0,0.0
20906,0,0.08
20907,1,1.0
20908,0,0.0
20909,0,0.0
20910,1,0.14
20911,1,1.0
20912,0,0.89
20913,1,0.99
20914,1,1.0
20915,1,1.0
20916,1,1.0
20917,1,0.09
20918,1,0.84
20919,0,0.0
20920,1,1.0
20921,1,0.02
20922,1,1.0
20923,1,1.0
20924,1,1.0
20925,0,0.0
20926,0,0.0
20927,1,1.0
20928,1,1.0
20929,1,0.09
20930,1,1.0
20931,0,0.0
20932,1,0.06
20933,0,0.78
20934,1,0.11
20935,1,0.98
20936,1,0.7758
20937,1,1.0
20938,0,0.02
20939,0,0.0
20940,1,1.0
20941,1,0.97
20942,1,1.0
20943,0,0.0
20944,1,1.0
20945,1,0.105
20946,1,0.97
20947,0,0.0
20948,0,0.0
20949,1,0.11
20950,0,0.0
20951,0,0.0
20952,0,0.0
20953,1,1.0
20954,1,0.54
20955,1,1.0
20956,1,0.88
20957,0,0.0
20958,1,0.32
20959,1,0.02
20960,1,1.0
20961,0,0.2
20962,0,0.0
20963,1,1.0
20964,1,0.88
20965,1,0.25
20966,0,0.0
20967,0,0.0
20968,0,0.0
20969,0,0.0
20970,1,1.0
20971,0,0.0
20972,1,0.65
20973,0,0.0
20974,0,0.0
20975,1,0.8925
20976,0,0.0
20977,1,1.0
20978,1,0.6
20979,1,0.44
20980,0,0.0
20981,1,1.0
20982,1,1.0
20983,1,1.0
20984,1,0.04
20985,0,0.0
20986,1,1.0
20987,1,0.24
20988,1,1.0
20989,1,0.96
20990,0,0.0
20991,0,0.0
20992,0,0.0
20993,1,1.0
20994,1,1.0
20995,1,0.0
20996,0,0.0
20997,1,0.8008
20998,0,0.0
20999,1,0.3
21000,1,0.45
21001,0,0.0
21002,0,0.0
21003,1,1.0
21004,1,0.09
21005,0,0.0
21006,1,1.0
21007,1,0.8508
21008,0,0.0
21009,1,0.03
21010,0,0.0
21011,1,0.46
21012,1,0.27
21013,0,0.0
21014,1,1.0
21015,1,0.98
21016,1,0.47
21017,1,1.0
21018,0,0.2
21019,1,0.9833
21020,1,0.03
21021,1,0.06
21022,1,0.08
21023,1,0.44
21024,0,0.0
21025,1,1.0
21026,0,0.0
21027,1,1.0
21028,0,0.0
21029,1,1.0
21030,1,0.1
21031,1,1.0
21032,0,0.08
21033,0,0.0
21034,0,0.0
21035,0,0.0
21036,0,0.0
21037,1,0.12
21038,1,0.16
21039,0,0.0
21040,0,0.0
21041,1,0.84
21042,1,1.0
21043,0,0.0
21044,1,1.0
21045,1,1.0
21046,0,0.2
21047,0,0.0
21048,0,0.0
21049,1,0.28
21050,1,1.0
21051,0,0.0
21052,1,1.0
21053,1,0.58
21054,1,0.01
21055,0,0.0
21056,0,0.03
21057,1,0.26
21058,0,0.0
21059,1,1.0
21060,0,0.0
21061,0,0.0
21062,1,1.0
21063,1,1.0
21064,1,1.0
21065,0,0.01
21066,0,0.0
21067,1,0.19
21068,0,0.04
21069,0,0.0
21070,0,0.0
21071,1,0.14
21072,1,0.25
21073,1,0.06
21074,1,1.0
21075,1,0.03
21076,1,0.11
21077,0,0.0
21078,0,0.0
21079,1,0.05
21080,1,0.06
21081,1,1.0
21082,1,0.51
21083,0,0.0
21084,0,0.99
21085,1,0.58
21086,1,0.07
21087,0,0.0
21088,1,1.0
21089,1,0.26
21090,1,0.18
21091,0,0.0
21092,0,0.0
21093,1,1.0
21094,0,0.0
21095,1,0.8933
21096,1,0.25
21097,1,0.37
21098,0,0.0
21099,1,0.56
21100,0,0.0
21101,1,1.0
21102,1,0.17
21103,0,0.0
21104,1,1.0
21105,1,0.17
21106,1,1.0
21107,1,0.09
21108,0,0.0
21109,1,0.25
21110,1,1.0
21111,1,0.41
21112,1,1.0
21113,0,0.0
21114,0,0.0
21115,0,0.0
21116,1,1.0
21117,1,0.65
21118,1,1.0
21119,1,0.3
21120,0,0.88
21121,0,0.0
21122,1,1.0
21123,1,0.29
21124,1,0.09
21125,0,0.03
21126,1,1.0
21127,1,0.03
21128,0,0.0
21129,1,1.0
21130,0,0.0
21131,0,0.0
21132,1,0.37
21133,1,1.0
21134,1,1.0
21135,0,0.0
21136,1,1.0
21137,1,0.52
21138,1,1.0
21139,1,0.04
21140,1,1.0
21141,0,0.26
21142,1,0.9
21143,1,0.88
21144,0,0.18
21145,0,0.0
21146,1,0.02
21147,0,0.0
21148,0,0.0
21149,0,0.0
21150,1,1.0
21151,1,0.09
21152,1,1.0
21153,1,1.0
21154,1,0.43
21155,0,0.0
21156,1,1.0
21157,1,0.63
21158,1,0.29
21159,1,0.47
21160,0,0.01
21161,0,0.0
21162,1,1.0
21163,1,0.23
21164,1,1.0
21165,0,0.0
21166,0,0.16
21167,0,0.0
21168,0,0.01
21169,1,0.04
21170,0,0.0
21171,1,1.0
21172,0,0.0
21173,1,0.3
21174,0,0.0
21175,1,0.38
21176,1,0.99
21177,1,1.0
21178,0,0.0
21179,0,0.0
21180,0,0.0
21181,0,0.0
21182,1,1.0
21183,0,0.0
21184,0,0.0
21185,0,0.0
21186,1,1.0
21187,1,1.0
21188,1,0.47
21189,1,0.42
21190,1,1.0
21191,0,0.0
21192,1,0.15
21193,1,1.0
21194,0,0.0
21195,0,0.0
21196,0,0.05
21197,0,0.0
21198,0,0.01
21199,0,0.0
21200,1,0.56
21201,1,1.0
21202,0,0.0
21203,1,0.29
21204,0,0.0
21205,1,0.44
21206,0,0.0
21207,1,0.46
21208,1,0.26
21209,0,0.46
21210,0,0.0
21211,0,0.0
21212,1,1.0
21213,1,1.0
21214,0,0.0
21215,1,0.3
21216,0,0.0
21217,0,0.0
21218,1,0.18
21219,1,1.0
21220,0,0.0
21221,1,1.0
21222,0,0.0
21223,1,1.0
21224,1,0.02
21225,1,0.21
21226,0,0.0
21227,0,0.0
21228,1,0.0
21229,0,0.0
21230,0,0.0
21231,0,0.01
21232,0,0.0
21233,1,1.0
21234,1,1.0
21235,0,0.0
21236,0,0.03
21237,1,0.25
21238,1,0.42
21239,1,0.3
21240,0,0.0
21241,1,1.0
21242,0,0.0
21243,0,0.0
21244,0,0.0
21245,0,0.0
21246,1,0.18
21247,0,0.0
21248,0,0.0
21249,0,0.0
21250,0,0.0
21251,1,1.0
21252,0,0.0
21253,1,0.97
21254,1,0.61
21255,0,0.0
21256,1,0.8983
21257,0,0.0
21258,0,0.0
21259,1,0.07
21260,1,0.99
21261,0,0.0
21262,0,0.0
21263,0,0.0
21264,1,1.0
21265,0,0.0
21266,0,0.0
21267,1,1.0
21268,0,0.01
21269,1,1.0
21270,1,0.37
21271,1,0.0
21272,1,0.99
21273,1,1.0
21274,1,0.41
21275,1,1.0
21276,0,0.0
21277,1,1.0
21278,1,0.1
21279,0,0.0
21280,1,0.09
21281,1,0.32
21282,1,0.25
21283,0,0.0
21284,0,0.0
21285,0,0.21
21286,1,1.0
21287,0,0.0
21288,0,0.0
21289,1,1.0
21290,1,1.0
21291,1,0.23
21292,1,0.02
21293,0,0.0
21294,1,0.39
21295,0,0.0
21296,0,0.0
21297,1,0.17
21298,1,1.0
21299,1,0.99
21300,0,0.01
21301,1,0.49
21302,0,0.01
21303,0,0.0
21304,1,0.13
21305,1,0.17
21306,0,0.0
21307,1,1.0
21308,1,1.0
21309,0,0.0
21310,1,0.09
21311,0,0.0
21312,0,0.2
21313,1,1.0
21314,0,0.0
21315,1,0.45
21316,1,0.71
21317,1,0.08
21318,0,0.0
21319,1,1.0
21320,0,0.0
21321,1,1.0
21322,0,0.0
21323,0,0.14
21324,0,0.0
21325,1,1.0
21326,1,0.59
21327,0,0.0
21328,0,0.0
21329,1,0.15
21330,1,0.35
21331,1,0.26
21332,0,0.02
21333,0,0.0
21334,0,0.0
21335,0,0.0
21336,0,0.2
21337,1,0.72
21338,0,0.0
21339,1,0.38
21340,0,0.0
21341,1,0.11
21342,1,0.48
21343,1,0.23
21344,1,1.0
21345,0,0.0
21346,1,1.0
21347,0,0.0
21348,1,1.0
21349,1,0.82
21350,0,0.0
21351,1,0.22
21352,1,0.8533
21353,0,0.0
21354,0,0.0
21355,0,0.0
21356,0,0.21
21357,1,0.55
21358,1,0.04
21359,0,0.0
21360,0,0.0
21361,1,0.31
21362,0,0.0
21363,1,0.01
21364,0,0.0
21365,0,0.0
21366,1,1.0
21367,1,1.0
21368,0,0.0
21369,0,0.0
21370,1,0.98
21371,0,0.0
21372,1,1.0
21373,1,1.0
21374,0,1.0
21375,1,0.02
21376,0,0.0
21377,1,0.04
21378,1,1.0
21379,1,1.0
21380,0,0.0
21381,0,0.0
21382,1,0.45
21383,1,1.0
21384,0,0.0
21385,1,0.27
21386,1,0.72
21387,0,0.0
21388,1,0.35
21389,1,0.0
21390,0,0.0
21391,1,1.0
21392,0,0.0
21393,0,0.0
21394,1,1.0
21395,0,0.0
21396,0,0.0
21397,1,0.64
21398,1,1.0
21399,0,0.0
21400,1,1.0
21401,1,0.05
21402,1,0.01
21403,0,0.0
21404,1,0.09
21405,0,0.0
21406,1,0.18
21407,0,0.0
21408,1,0.16
21409,1,0.28
21410,1,1.0
21411,0,0.0
21412,1,0.42
21413,0,0.0
21414,0,0.19
21415,1,0.21
21416,0,0.0
21417,1,1.0
21418,0,0.0
21419,0,0.0
21420,1,0.27
21421,0,0.0
21422,1,0.94
21423,1,0.4
21424,1,1.0
21425,0,0.0
21426,1,1.0
21427,0,0.0
21428,1,0.24
21429,0,1.0
21430,0,0.0
21431,0,0.97
21432,1,0.14
21433,1,1.0
21434,1,0.88
21435,0,0.0
21436,1,0.87
21437,0,0.0
21438,0,0.0
21439,1,0.05
21440,0,0.0
21441,0,0.0
21442,0,0.0
21443,1,0.4
21444,0,0.96
21445,1,0.5
21446,0,0.0
21447,1,0.97
21448,0,0.0
21449,1,0.48
21450,1,0.6
21451,0,0.0
21452,1,0.31
21453,0,0.0
21454,1,0.28
21455,1,1.0
21456,1,1.0
21457,1,0.07
21458,1,1.0
21459,0,0.0
21460,1,0.44
21461,1,1.0
21462,1,1.0
21463,1,0.65
21464,0,0.0
21465,0,0.0
21466,1,1.0
21467,0,0.0
21468,1,0.65
21469,1,0.02
21470,0,0.0
21471,0,0.0
21472,1,0.62
21473,1,0.08
21474,1,0.86
21475,0,0.0
21476,1,0.43
21477,0,0.0
21478,1,1.0
21479,1,0.09
21480,0,1.0
21481,0,0.2
21482,0,0.0
21483,0,0.2
21484,1,1.0
21485,0,0.0
21486,0,0.0
21487,0,0.0
21488,0,0.1
21489,0,0.0
21490,0,0.0
21491,1,1.0
21492,1,0.27
21493,1,0.02
21494,0,0.0
21495,1,0.0
21496,0,0.0
21497,1,0.23
21498,1,0.47
21499,1,1.0
21500,0,0.0
21501,0,0.0
21502,0,0.0
21503,0,0.0
21504,1,0.14
21505,0,0.0
21506,1,0.97
21507,1,0.99
21508,0,0.0
21509,1,1.0
21510,0,0.0
21511,1,1.0
21512,1,0.09
21513,0,0.0
21514,0,0.0
21515,0,0.0
21516,0,0.12
21517,1,0.97
21518,1,0.15
21519,0,0.0
21520,0,0.0
21521,0,0.0
21522,0,0.2
21523,0,0.0
21524,1,0.97
21525,0,0.02
21526,1,0.98
21527,1,0.54
21528,0,0.0
21529,0,0.0
21530,1,1.0
21531,1,0.1
21532,1,0.04
21533,0,0.0
21534,0,0.0
21535,1,0.97
21536,0,0.0
21537,1,1.0
21538,0,1.0
21539,1,0.16
21540,0,0.0
21541,0,0.0
21542,0,0.0
21543,1,0.47
21544,1,0.34
21545,1,1.0
21546,1,0.07
21547,1,0.07
21548,0,0.0
21549,1,1.0
21550,0,0.21
21551,1,1.0
21552,0,0.03
21553,1,0.62
21554,1,0.81
21555,1,1.0
21556,1,0.27
21557,1,1.0
21558,1,1.0
21559,1,0.31
21560,1,0.14
21561,0,0.0
21562,1,1.0
21563,0,0.0
21564,0,0.0
21565,1,0.97
21566,0,0.0
21567,0,0.0
21568,1,0.5517
21569,0,0.0
21570,1,1.0
21571,1,0.99
21572,0,0.0
21573,1,1.0
21574,1,0.99
21575,1,1.0
21576,0,0.0
21577,0,0.0
21578,1,1.0
21579,1,1.0
21580,0,0.0
21581,1,1.0
21582,0,0.47
21583,1,1.0
21584,1,0.1
21585,1,0.16
21586,1,1.0
21587,0,0.0
21588,0,0.0
21589,1,1.0
21590,0,0.21
21591,1,0.23
21592,0,0.0
21593,1,1.0
21594,1,0.34
21595,1,1.0
21596,1,0.16
21597,1,0.29
21598,0,1.0
21599,0,0.0
21600,0,0.0
21601,0,0.0
21602,1,1.0
21603,1,0.98
21604,0,0.0
21605,0,0.98
21606,1,0.09
21607,0,0.18
21608,1,0.37
21609,1,1.0
21610,1,0.22
21611,0,0.0
21612,0,0.0
21613,0,0.93
21614,1,0.57
21615,1,0.7
21616,0,0.0
21617,0,1.0
21618,1,1.0
21619,1,0.03
21620,0,0.22
21621,1,1.0
21622,0,0.0
21623,0,0.21
21624,1,1.0
21625,1,1.0
21626,1,1.0
21627,0,0.0
21628,1,1.0
21629,1,1.0
21630,0,0.0
21631,1,0.41
21632,0,0.91
21633,1,0.49
21634,1,0.29
21635,0,0.0
21636,0,0.0
21637,0,0.95
21638,0,0.0
21639,0,0.0
21640,1,1.0
21641,1,0.11
21642,0,0.0
21643,0,0.0
21644,0,0.0
21645,0,0.0
21646,0,0.0
21647,0,0.0
21648,1,0.99
21649,0,0.0
21650,0,0.01
21651,0,0.0
21652,1,1.0
21653,1,0.3
21654,0,0.0
21655,0,0.0
21656,0,0.0
21657,1,1.0
21658,0,0.0
21659,1,1.0
21660,1,1.0
21661,1,0.99
21662,1,0.36
21663,1,0.32
21664,1,1.0
21665,1,1.0
21666,1,0.96
21667,0,0.0
21668,0,0.98
21669,0,0.09
21670,1,0.8108
21671,1,1.0
21672,0,0.0
21673,0,0.01
21674,1,0.3
21675,0,0.0
21676,0,0.0
21677,1,1.0
21678,0,0.0
21679,1,1.0
21680,0,0.19
21681,1,0.06
21682,1,1.0
21683,1,1.0
21684,1,0.07
21685,1,1.0
21686,1,0.14
21687,0,0.0
21688,1,0.37
21689,1,0.48
21690,0,0.0
21691,1,0.89
21692,1,0.3
21693,1,1.0
21694,1,1.0
21695,0,0.0
21696,0,0.2
21697,1,1.0
21698,1,0.56
21699,0,0.01
21700,1,0.22
21701,1,1.0
21702,1,1.0
21703,0,0.0
21704,0,0.0
21705,0,0.0
21706,0,0.2
21707,1,1.0
21708,1,1.0
21709,1,0.26
21710,0,0.2
21711,1,0.07
21712,1,0.2
21713,0,0.0
21714,0,0.0
21715,0,0.0
21716,1,0.37
21717,0,0.0
21718,1,1.0
21719,0,0.0
21720,1,0.97
21721,1,0.07
21722,1,0.47
21723,0,0.0
21724,0,0.0
21725,1,0.96
21726,1,1.0
21727,1,1.0
21728,1,0.07
21729,1,0.41
21730,0,0.0
21731,1,1.0
21732,1,0.14
21733,1,0.88
21734,1,0.3
21735,0,0.0
21736,1,0.09
21737,0,0.0
21738,1,0.03
21739,1,1.0
21740,1,1.0
21741,1,1.0
21742,1,1.0
21743,1,1.0
21744,1,0.01
21745,1,0.25
21746,0,0.0
21747,1,0.07
21748,1,0.22
21749,1,0.3
21750,0,0.0
21751,1,1.0
21752,1,0.05
21753,0,0.0
21754,1,1.0
21755,1,0.8708
21756,1,1.0
21757,0,0.0
21758,0,0.0
21759,1,1.0
21760,1,1.0
21761,1,0.4
21762,0,0.0
21763,1,1.0
21764,1,0.06
21765,1,1.0
21766,0,0.0
21767,1,0.55
21768,1,0.0
21769,1,1.0
21770,1,0.33
21771,1,0.09
21772,1,0.03
21773,1,0.1
21774,0,0.0
21775,1,0.54
21776,0,0.0
21777,1,1.0
21778,1,0.22
21779,1,0.91
21780,0,0.0
21781,0,0.0
21782,1,0.39
21783,0,0.01
21784,1,0.15
21785,0,0.0
21786,0,0.06
21787,0,0.0
21788,1,0.1
21789,1,1.0
21790,1,1.0
21791,1,0.11
21792,1,0.07
21793,0,0.0
21794,1,0.6
21795,1,0.06
21796,0,0.0
21797,1,0.31
21798,0,0.0
21799,1,0.04
21800,1,1.0
21801,0,0.0
21802,0,0.0
21803,1,1.0
21804,1,0.05
21805,1,1.0
21806,1,0.51
21807,0,0.0
21808,0,0.0
21809,0,0.0
21810,0,0.17
21811,1,1.0
21812,0,0.0
21813,1,0.19
21814,1,0.7333
21815,1,0.98
21816,0,0.0
21817,1,0.4
21818,0,0.0
21819,1,0.23
21820,0,0.0
21821,1,0.9833
21822,0,0.0
21823,1,0.42
21824,1,1.0
21825,0,0.0
21826,0,0.0
21827,1,0.26
21828,1,0.66
21829,1,1.0
21830,0,0.0
21831,1,1.0
21832,0,0.0
21833,0,0.0
21834,0,0.0
21835,0,0.0
21836,0,0.0
21837,1,1.0
21838,0,0.0
21839,1,0.98
21840,0,0.0
21841,1,1.0
21842,1,1.0
21843,1,0.45
21844,0,0.826
21845,0,0.0
21846,0,0.0
21847,1,0.07
21848,0,0.0
21849,1,0.24
21850,1,1.0
21851,0,0.0
21852,0,0.0
21853,1,1.0
21854,1,0.11
21855,1,0.0
21856,1,0.27
21857,0,0.02
21858,1,0.09
21859,0,0.0
21860,1,1.0
21861,1,0.21
21862,0,0.0
21863,1,1.0
21864,1,1.0
21865,0,0.0
21866,1,0.7
21867,1,0.03
21868,1,1.0
21869,0,0.0
21870,1,0.21
21871,1,1.0
21872,0,0.0
21873,1,0.0
21874,0,0.0
21875,0,0.0
21876,0,0.0
21877,1,1.0
21878,1,0.16
21879,0,0.0
21880,0,0.0
21881,1,0.1
21882,0,0.0
21883,0,0.0
21884,1,0.47
21885,1,1.0
21886,1,1.0
21887,1,0.09
21888,0,0.0
21889,0,0.0
21890,1,0.07
21891,1,0.43
21892,1,0.53
21893,1,0.46
21894,1,1.0
21895,0,0.0
21896,1,1.0
21897,0,0.0
21898,0,0.0
21899,0,0.21
21900,1,1.0
21901,0,0.0
21902,1,1.0
21903,1,0.13
21904,1,0.54
21905,1,0.22
21906,0,0.0
21907,0,0.0
21908,0,0.0
21909,0,0.0
21910,1,1.0
21911,1,0.86
21912,0,0.0
21913,1,1.0
21914,0,0.0
21915,1,0.07
21916,0,0.07
21917,1,1.0
21918,1,1.0
21919,1,1.0
21920,1,0.35
21921,0,0.0
21922,1,0.02
21923,1,1.0
21924,0,0.0
21925,1,0.05
21926,1,0.99
21927,1,0.05
21928,0,0.0
21929,0,0.0
21930,1,0.11
21931,1,0.43
21932,0,0.0
21933,0,0.0
21934,1,1.0
21935,1,0.23
21936,1,0.8
21937,1,1.0
21938,1,1.0
21939,1,0.09
21940,0,0.0
21941,1,0.03
21942,1,0.98
21943,1,0.38
21944,0,0.0
21945,0,0.2
21946,1,1.0
21947,0,0.0
21948,0,0.0
21949,1,0.09
21950,1,1.0
21951,1,1.0
21952,1,0.99
21953,1,0.45
21954,0,0.0
21955,1,1.0
21956,1,1.0
21957,1,1.0
21958,1,1.0
21959,1,1.0
21960,0,0.21
21961,0,0.0
21962,0,0.0
21963,0,0.0
21964,0,0.0
21965,1,1.0
21966,1,0.61
21967,1,1.0
21968,1,1.0
21969,1,1.0
21970,0,0.0
21971,0,0.0
21972,0,0.0
21973,0,0.0
21974,0,0.0
21975,1,0.55
21976,1,1.0
21977,1,0.01
21978,1,0.08
21979,0,0.0
21980,1,0.39
21981,1,1.0
21982,0,0.05
21983,0,0.0
21984,0,0.0
21985,0,0.91
21986,1,1.0
21987,0,0.0
21988,0,0.2
21989,1,1.0
21990,1,1.0
21991,0,0.0
21992,1,1.0
21993,1,0.0
21994,1,0.87
21995,1,0.0
21996,1,1.0
21997,1,1.0
21998,1,1.0
21999,1,1.0
22000,1,0.97
22001,1,1.0
22002,0,0.0
22003,1,0.6908
22004,1,1.0
22005,1,0.99
22006,0,0.0
22007,1,1.0
22008,0,0.0
22009,0,0.0
22010,1,0.37
22011,0,1.0
22012,0,0.0
22013,1,0.96
22014,0,0.0
22015,1,0.5
22016,0,0.0
22017,0,0.0
22018,0,0.0
22019,1,0.16
22020,1,1.0
22021,1,1.0
22022,0,0.0
22023,1,0.3
22024,1,1.0
22025,1,0.27
22026,0,0.0
22027,1,0.2
22028,0,0.0
22029,0,0.0
22030,1,0.41
22031,1,0.47
22032,1,0.44
22033,1,0.09
22034,1,0.11
22035,0,0.0
22036,1,1.0
22037,1,0.03
22038,0,0.0
22039,1,0.1
22040,0,0.19
22041,1,1.0
22042,0,0.0
22043,0,0.0
22044,1,1.0
22045,1,0.25
22046,1,1.0
22047,1,1.0
22048,1,1.0
22049,0,0.0
22050,0,0.0
22051,1,0.99
22052,1,0.04
22053,1,0.0
22054,1,1.0
22055,0,0.0
22056,0,0.0
22057,0,0.0
22058,0,0.2
22059,1,1.0
22060,0,0.06
22061,1,1.0
22062,0,0.0
22063,1,1.0
22064,1,1.0
22065,0,0.1
22066,0,0.0
22067,0,0.0
22068,0,0.0
22069,1,1.0
22070,1,0.38
22071,0,0.0
22072,1,1.0
22073,0,0.21
22074,1,0.49
22075,1,1.0
22076,0,0.0
22077,1,0.98
22078,1,1.0
22079,1,0.35
22080,0,0.0
22081,1,0.02
22082,1,1.0
22083,1,0.29
22084,1,0.02
22085,1,0.54
22086,0,0.0
22087,1,0.03
22088,1,0.67
22089,1,0.46
22090,0,0.0
22091,0,0.0
22092,0,0.0
22093,1,1.0
22094,0,0.0
22095,1,0.86
22096,1,0.55
22097,0,0.0
22098,0,0.0
22099,0,0.0
22100,1,0.65
22101,0,0.0
22102,1,1.0
22103,1,0.2
22104,1,0.09
22105,0,0.0
22106,1,0.3
22107,0,0.0
22108,1,1.0
22109,1,1.0
22110,1,0.06
22111,0,0.01
22112,1,1.0
22113,0,0.0
22114,0,0.0
22115,0,0.0
22116,1,1.0
22117,0,0.0
22118,1,1.0
22119,1,0.54
22120,0,0.0
22121,0,0.0
22122,1,0.58
22123,0,0.0
22124,1,0.97
22125,0,0.0
22126,0,0.0
22127,0,0.0
22128,1,1.0
22129,0,0.0
22130,1,0.02
22131,0,0.0
22132,1,1.0
22133,0,0.0
22134,0,0.0
22135,1,0.79
22136,0,0.0
22137,1,1.0
22138,1,1.0
22139,1,0.08
22140,0,0.0
22141,1,0.06
22142,1,1.0
22143,1,1.0
22144,1,0.03
22145,0,0.0
22146,1,1.0
22147,0,0.0
22148,0,0.0
22149,1,0.23
22150,0,0.0
22151,0,0.14
22152,1,0.37
22153,0,0.0
22154,0,0.0
22155,0,0.01
22156,0,0.0
22157,0,0.07
22158,1,1.0
22159,1,0.27
22160,1,0.26
22161,0,0.0
22162,1,0.12
22163,0,0.0
22164,1,1.0
22165,1,1.0
22166,0,0.0
22167,0,0.0
22168,1,0.45
22169,0,1.0
22170,0,0.0
22171,1,0.49
22172,1,1.0
22173,0,0.0
22174,1,1.0
22175,1,1.0
22176,1,1.0
22177,0,0.0
22178,1,1.0
22179,1,0.03
22180,0,0.0
22181,1,0.11
22182,1,0.24
22183,1,0.35
22184,1,0.99
22185,1,0.93
22186,0,0.0
22187,1,0.95
22188,1,1.0
22189,0,0.0
22190,1,1.0
22191,1,0.25
22192,0,0.21
22193,1,0.07
22194,0,0.0
22195,1,0.05
22196,1,0.27
22197,0,0.0
22198,1,0.32
22199,1,0.0
22200,0,0.0
22201,0,0.0
22202,1,0.09
22203,0,0.0
22204,1,0.02
22205,1,1.0
22206,1,1.0
22207,1,0.07
22208,1,1.0
22209,1,0.1
22210,1,0.97
22211,1,0.04
22212,0,0.0
22213,0,0.0
22214,0,0.0
22215,1,1.0
22216,1,1.0
22217,1,0.33
22218,0,0.0
22219,0,0.0
22220,1,0.0
22221,1,1.0
22222,1,1.0
22223,1,0.99
22224,1,0.2
22225,1,0.76
22226,1,1.0
22227,0,0.0
22228,0,0.0
22229,1,0.38
22230,1,1.0
22231,1,0.18
22232,1,0.39
22233,0,0.0
22234,1,1.0
22235,0,0.0
22236,1,1.0
22237,0,0.0
22238,1,0.97
22239,1,1.0
22240,1,0.71
22241,1,1.0
22242,1,1.0
22243,1,0.41
22244,1,0.08
22245,1,1.0
22246,0,0.0
22247,0,0.0
22248,0,0.0
22249,1,0.04
22250,0,0.0
22251,1,0.97
22252,1,0.16
22253,0,0.0
22254,0,0.0
22255,0,0.0
22256,1,0.08
22257,1,0.0
22258,1,0.97
22259,1,1.0
22260,1,0.08
22261,0,0.0
22262,1,0.23
22263,1,1.0
22264,0,0.0
22265,1,1.0
22266,1,1.0
22267,0,0.19
22268,0,0.0
22269,0,0.0
22270,0,0.0
22271,1,0.98
22272,1,0.02
22273,1,0.07
22274,1,1.0
22275,1,0.09
22276,0,0.0
22277,1,1.0
22278,0,0.0
22279,0,0.0
22280,0,0.21
22281,0,0.0
22282,1,1.0
22283,0,0.0
22284,1,0.04
22285,1,0.07
22286,1,0.44
22287,1,1.0
22288,1,0.24
22289,0,0.0
22290,0,0.0
22291,0,0.0
22292,1,0.06
22293,1,0.53
22294,1,0.98
22295,0,0.0
22296,1,1.0
22297,0,0.0
22298,0,0.91
22299,1,0.11
22300,1,0.69
22301,0,0.0
22302,1,1.0
22303,0,0.01
22304,0,0.0
22305,1,0.98
22306,0,0.2
22307,0,0.0
22308,0,0.04
22309,0,0.01
22310,0,0.0
22311,0,0.15
22312,0,0.0
22313,0,0.0
22314,1,1.0
22315,1,1.0
22316,1,1.0
22317,1,1.0
22318,1,0.09
22319,1,1.0
22320,0,0.0
22321,1,0.15
22322,1,1.0
22323,1,0.48
22324,1,0.42
22325,1,1.0
22326,1,1.0
22327,1,1.0
22328,0,0.0
22329,1,1.0
22330,0,0.0
22331,1,0.33
22332,1,0.02
22333,0,0.0
22334,1,1.0
22335,1,1.0
22336,0,0.2
22337,0,0.0
22338,0,0.0
22339,1,1.0
22340,0,0.0
22341,0,0.0
22342,0,0.5
22343,0,0.0
22344,0,0.0
22345,1,0.43
22346,1,0.35
22347,1,0.86
22348,1,1.0
22349,1,0.1
22350,1,0.11
22351,0,0.98
22352,1,0.17
22353,1,0.17
22354,0,0.0
22355,1,0.19
22356,1,0.1
22357,0,0.0
22358,1,1.0
22359,0,0.0
22360,0,0.0
22361,0,0.0
22362,1,1.0
22363,1,1.0
22364,0,0.0
22365,0,0.0
22366,1,1.0
22367,1,1.0
22368,1,1.0
22369,0,0.0
22370,1,0.22
22371,1,1.0
22372,0,0.0
22373,1,1.0
22374,1,0.97
22375,0,0.0
22376,0,0.93
22377,0,0.0
22378,0,1.0
22379,0,0.0
22380,1,1.0
22381,0,0.0
22382,1,1.0
22383,1,1.0
22384,0,0.0
22385,0,0.0
22386,1,0.21
22387,1,1.0
22388,1,1.0
22389,1,0.3
22390,1,1.0
22391,1,0.31
22392,0,0.0
22393,1,1.0
22394,1,0.03
22395,1,0.71
22396,1,0.0
22397,0,0.0
22398,1,1.0
22399,0,0.21
22400,0,0.21
22401,1,1.0
22402,0,0.0
22403,0,0.0
22404,1,1.0
22405,0,0.0
22406,0,0.0
22407,1,0.98
22408,1,1.0
22409,0,0.97
22410,1,0.1
22411,1,0.44
22412,1,1.0
22413,1,0.27
22414,0,0.0
22415,0,0.0
22416,1,0.25
22417,0,0.0
22418,0,0.0
22419,1,1.0
22420,0,0.0
22421,0,0.0
22422,1,1.0
22423,1,1.0
22424,0,0.0
22425,1,0.12
22426,0,0.0
22427,0,0.0
22428,0,0.0
22429,0,0.0
22430,0,0.0
22431,0,0.0
22432,1,0.11
22433,1,0.53
22434,1,0.24
22435,1,1.0
22436,0,0.0
22437,0,0.0
22438,1,0.07
22439,1,0.27
22440,0,1.0
22441,0,0.0
22442,0,0.2
22443,0,0.0
22444,1,0.02
22445,0,0.0
22446,1,0.29
22447,0,0.0
22448,1,0.81
22449,1,0.39
22450,0,0.0
22451,1,0.45
22452,1,0.99
22453,1,0.24
22454,0,0.0
22455,0,0.0
22456,0,0.0
22457,0,0.0
22458,1,0.06
22459,1,0.94
22460,1,0.4
22461,1,0.94
22462,0,0.0
22463,1,1.0
22464,0,0.0
22465,0,0.0
22466,1,0.41
22467,1,1.0
22468,0,0.0
22469,1,0.45
22470,1,1.0
22471,0,0.0
22472,1,1.0
22473,1,0.92
22474,0,0.0
22475,0,0.0
22476,0,0.0
22477,1,1.0
22478,0,0.0
22479,0,0.0
22480,0,0.0
22481,0,0.0
22482,1,1.0
22483,1,1.0
22484,0,0.0
22485,1,1.0
22486,1,0.27
22487,1,0.06
22488,1,0.27
22489,0,0.0
22490,1,0.03
22491,0,0.01
22492,0,0.0
22493,1,0.87
22494,1,0.31
22495,0,0.0
22496,1,1.0
22497,1,1.0
22498,1,1.0
22499,0,0.0
22500,1,1.0
22501,1,0.1
22502,1,0.52
22503,1,1.0
22504,1,1.0
22505,1,1.0
22506,0,0.0
22507,0,0.0
22508,0,0.0
22509,1,0.38
22510,1,1.0
22511,0,0.0
22512,1,1.0
22513,1,0.08
22514,0,0.1825
22515,1,0.35
22516,0,0.0
22517,1,0.12
22518,0,0.0
22519,1,0.52
22520,1,0.99
22521,1,0.97
22522,1,0.97
22523,0,0.0
22524,1,0.16
22525,1,0.47
22526,0,0.0
22527,0,0.0
22528,1,1.0
22529,0,0.0
22530,1,0.93
22531,1,1.0
22532,0,0.0
22533,0,0.0
22534,1,1.0
22535,0,0.0
22536,1,1.0
22537,1,0.02
22538,1,1.0
22539,0,0.0
22540,0,0.0
22541,1,0.96
22542,0,0.0
22543,1,0.61
